model,x,bench,subset,metric,value,n
0.8b,0,overall,all,has_proof,0.00,9524
0.8b,0,overall,all,grammatical,0.00,9524
0.8b,0,overall,all,valid,0.00,9524
0.8b,0,overall,all,grounded,0.00,9524
0.8b,0,overall,all,correct,28.64,9524
0.8b,0,overall,all,valid_correct,0.00,9524
0.8b,0,overall,all,in_system,0.00,9524
0.8b,0,overall,all,valid_wrong,0.00,9524
0.8b,0,overall,all,f1,0.00,9524
0.8b,0,overall,answerable,has_proof,0.00,3187
0.8b,0,overall,answerable,grammatical,0.00,3187
0.8b,0,overall,answerable,valid,0.00,3187
0.8b,0,overall,answerable,grounded,0.00,3187
0.8b,0,overall,answerable,correct,23.82,3187
0.8b,0,overall,answerable,valid_correct,0.00,3187
0.8b,0,overall,answerable,in_system,0.00,3187
0.8b,0,overall,answerable,valid_wrong,0.00,3187
0.8b,0,bbh,all,has_proof,0.00,2700
0.8b,0,bbh,all,grammatical,0.00,2700
0.8b,0,bbh,all,valid,0.00,2700
0.8b,0,bbh,all,grounded,0.00,2700
0.8b,0,bbh,all,correct,24.26,2700
0.8b,0,bbh,all,valid_correct,0.00,2700
0.8b,0,bbh,all,in_system,0.00,2700
0.8b,0,bbh,all,valid_wrong,0.00,2700
0.8b,0,bbh,answerable,has_proof,0.00,800
0.8b,0,bbh,answerable,grammatical,0.00,800
0.8b,0,bbh,answerable,valid,0.00,800
0.8b,0,bbh,answerable,grounded,0.00,800
0.8b,0,bbh,answerable,correct,14.75,800
0.8b,0,bbh,answerable,valid_correct,0.00,800
0.8b,0,bbh,answerable,in_system,0.00,800
0.8b,0,bbh,answerable,valid_wrong,0.00,800
0.8b,0,deduction,all,has_proof,0.00,2703
0.8b,0,deduction,all,grammatical,0.00,2703
0.8b,0,deduction,all,valid,0.00,2703
0.8b,0,deduction,all,grounded,0.00,2703
0.8b,0,deduction,all,correct,14.80,2703
0.8b,0,deduction,all,valid_correct,0.00,2703
0.8b,0,deduction,all,in_system,0.00,2703
0.8b,0,deduction,all,valid_wrong,0.00,2703
0.8b,0,deduction,answerable,has_proof,0.00,1887
0.8b,0,deduction,answerable,grammatical,0.00,1887
0.8b,0,deduction,answerable,valid,0.00,1887
0.8b,0,deduction,answerable,grounded,0.00,1887
0.8b,0,deduction,answerable,correct,21.20,1887
0.8b,0,deduction,answerable,valid_correct,0.00,1887
0.8b,0,deduction,answerable,in_system,0.00,1887
0.8b,0,deduction,answerable,valid_wrong,0.00,1887
0.8b,0,gpqa,all,has_proof,0.00,198
0.8b,0,gpqa,all,grammatical,0.00,198
0.8b,0,gpqa,all,valid,0.00,198
0.8b,0,gpqa,all,grounded,0.00,198
0.8b,0,gpqa,all,correct,26.77,198
0.8b,0,gpqa,all,valid_correct,0.00,198
0.8b,0,gpqa,all,in_system,0.00,198
0.8b,0,gpqa,all,valid_wrong,0.00,198
0.8b,0,multihop,all,has_proof,0.00,600
0.8b,0,multihop,all,grammatical,0.00,600
0.8b,0,multihop,all,valid,0.00,600
0.8b,0,multihop,all,grounded,0.00,600
0.8b,0,multihop,all,correct,0.00,600
0.8b,0,multihop,all,valid_correct,0.00,600
0.8b,0,multihop,all,in_system,0.00,600
0.8b,0,multihop,all,valid_wrong,0.00,600
0.8b,0,multihop,all,f1,0.00,600
0.8b,0,standard,all,has_proof,0.00,3323
0.8b,0,standard,all,grammatical,0.00,3323
0.8b,0,standard,all,valid,0.00,3323
0.8b,0,standard,all,grounded,0.00,3323
0.8b,0,standard,all,correct,48.75,3323
0.8b,0,standard,all,valid_correct,0.00,3323
0.8b,0,standard,all,in_system,0.00,3323
0.8b,0,standard,all,valid_wrong,0.00,3323
0.8b,0,standard,answerable,has_proof,0.00,500
0.8b,0,standard,answerable,grammatical,0.00,500
0.8b,0,standard,answerable,valid,0.00,500
0.8b,0,standard,answerable,grounded,0.00,500
0.8b,0,standard,answerable,correct,48.20,500
0.8b,0,standard,answerable,valid_correct,0.00,500
0.8b,0,standard,answerable,in_system,0.00,500
0.8b,0,standard,answerable,valid_wrong,0.00,500
0.8b,0,2wikimqa,all,has_proof,0.00,200
0.8b,0,2wikimqa,all,grammatical,0.00,200
0.8b,0,2wikimqa,all,valid,0.00,200
0.8b,0,2wikimqa,all,grounded,0.00,200
0.8b,0,2wikimqa,all,correct,0.00,200
0.8b,0,2wikimqa,all,valid_correct,0.00,200
0.8b,0,2wikimqa,all,in_system,0.00,200
0.8b,0,2wikimqa,all,valid_wrong,0.00,200
0.8b,0,2wikimqa,all,f1,0.00,200
0.8b,0,arc_challenge,all,has_proof,0.00,1172
0.8b,0,arc_challenge,all,grammatical,0.00,1172
0.8b,0,arc_challenge,all,valid,0.00,1172
0.8b,0,arc_challenge,all,grounded,0.00,1172
0.8b,0,arc_challenge,all,correct,58.62,1172
0.8b,0,arc_challenge,all,valid_correct,0.00,1172
0.8b,0,arc_challenge,all,in_system,0.00,1172
0.8b,0,arc_challenge,all,valid_wrong,0.00,1172
0.8b,0,bbh_boolean_expressions,all,has_proof,0.00,100
0.8b,0,bbh_boolean_expressions,all,grammatical,0.00,100
0.8b,0,bbh_boolean_expressions,all,valid,0.00,100
0.8b,0,bbh_boolean_expressions,all,grounded,0.00,100
0.8b,0,bbh_boolean_expressions,all,correct,18.00,100
0.8b,0,bbh_boolean_expressions,all,valid_correct,0.00,100
0.8b,0,bbh_boolean_expressions,all,in_system,0.00,100
0.8b,0,bbh_boolean_expressions,all,valid_wrong,0.00,100
0.8b,0,bbh_boolean_expressions,answerable,has_proof,0.00,100
0.8b,0,bbh_boolean_expressions,answerable,grammatical,0.00,100
0.8b,0,bbh_boolean_expressions,answerable,valid,0.00,100
0.8b,0,bbh_boolean_expressions,answerable,grounded,0.00,100
0.8b,0,bbh_boolean_expressions,answerable,correct,18.00,100
0.8b,0,bbh_boolean_expressions,answerable,valid_correct,0.00,100
0.8b,0,bbh_boolean_expressions,answerable,in_system,0.00,100
0.8b,0,bbh_boolean_expressions,answerable,valid_wrong,0.00,100
0.8b,0,bbh_causal_judgement,all,has_proof,0.00,100
0.8b,0,bbh_causal_judgement,all,grammatical,0.00,100
0.8b,0,bbh_causal_judgement,all,valid,0.00,100
0.8b,0,bbh_causal_judgement,all,grounded,0.00,100
0.8b,0,bbh_causal_judgement,all,correct,13.00,100
0.8b,0,bbh_causal_judgement,all,valid_correct,0.00,100
0.8b,0,bbh_causal_judgement,all,in_system,0.00,100
0.8b,0,bbh_causal_judgement,all,valid_wrong,0.00,100
0.8b,0,bbh_causal_judgement,answerable,has_proof,0.00,100
0.8b,0,bbh_causal_judgement,answerable,grammatical,0.00,100
0.8b,0,bbh_causal_judgement,answerable,valid,0.00,100
0.8b,0,bbh_causal_judgement,answerable,grounded,0.00,100
0.8b,0,bbh_causal_judgement,answerable,correct,13.00,100
0.8b,0,bbh_causal_judgement,answerable,valid_correct,0.00,100
0.8b,0,bbh_causal_judgement,answerable,in_system,0.00,100
0.8b,0,bbh_causal_judgement,answerable,valid_wrong,0.00,100
0.8b,0,bbh_date_understanding,all,has_proof,0.00,100
0.8b,0,bbh_date_understanding,all,grammatical,0.00,100
0.8b,0,bbh_date_understanding,all,valid,0.00,100
0.8b,0,bbh_date_understanding,all,grounded,0.00,100
0.8b,0,bbh_date_understanding,all,correct,57.00,100
0.8b,0,bbh_date_understanding,all,valid_correct,0.00,100
0.8b,0,bbh_date_understanding,all,in_system,0.00,100
0.8b,0,bbh_date_understanding,all,valid_wrong,0.00,100
0.8b,0,bbh_disambiguation_qa,all,has_proof,0.00,100
0.8b,0,bbh_disambiguation_qa,all,grammatical,0.00,100
0.8b,0,bbh_disambiguation_qa,all,valid,0.00,100
0.8b,0,bbh_disambiguation_qa,all,grounded,0.00,100
0.8b,0,bbh_disambiguation_qa,all,correct,34.00,100
0.8b,0,bbh_disambiguation_qa,all,valid_correct,0.00,100
0.8b,0,bbh_disambiguation_qa,all,in_system,0.00,100
0.8b,0,bbh_disambiguation_qa,all,valid_wrong,0.00,100
0.8b,0,bbh_dyck_languages,all,has_proof,0.00,100
0.8b,0,bbh_dyck_languages,all,grammatical,0.00,100
0.8b,0,bbh_dyck_languages,all,valid,0.00,100
0.8b,0,bbh_dyck_languages,all,grounded,0.00,100
0.8b,0,bbh_dyck_languages,all,correct,1.00,100
0.8b,0,bbh_dyck_languages,all,valid_correct,0.00,100
0.8b,0,bbh_dyck_languages,all,in_system,0.00,100
0.8b,0,bbh_dyck_languages,all,valid_wrong,0.00,100
0.8b,0,bbh_formal_fallacies,all,has_proof,0.00,100
0.8b,0,bbh_formal_fallacies,all,grammatical,0.00,100
0.8b,0,bbh_formal_fallacies,all,valid,0.00,100
0.8b,0,bbh_formal_fallacies,all,grounded,0.00,100
0.8b,0,bbh_formal_fallacies,all,correct,19.00,100
0.8b,0,bbh_formal_fallacies,all,valid_correct,0.00,100
0.8b,0,bbh_formal_fallacies,all,in_system,0.00,100
0.8b,0,bbh_formal_fallacies,all,valid_wrong,0.00,100
0.8b,0,bbh_formal_fallacies,answerable,has_proof,0.00,100
0.8b,0,bbh_formal_fallacies,answerable,grammatical,0.00,100
0.8b,0,bbh_formal_fallacies,answerable,valid,0.00,100
0.8b,0,bbh_formal_fallacies,answerable,grounded,0.00,100
0.8b,0,bbh_formal_fallacies,answerable,correct,19.00,100
0.8b,0,bbh_formal_fallacies,answerable,valid_correct,0.00,100
0.8b,0,bbh_formal_fallacies,answerable,in_system,0.00,100
0.8b,0,bbh_formal_fallacies,answerable,valid_wrong,0.00,100
0.8b,0,bbh_geometric_shapes,all,has_proof,0.00,100
0.8b,0,bbh_geometric_shapes,all,grammatical,0.00,100
0.8b,0,bbh_geometric_shapes,all,valid,0.00,100
0.8b,0,bbh_geometric_shapes,all,grounded,0.00,100
0.8b,0,bbh_geometric_shapes,all,correct,10.00,100
0.8b,0,bbh_geometric_shapes,all,valid_correct,0.00,100
0.8b,0,bbh_geometric_shapes,all,in_system,0.00,100
0.8b,0,bbh_geometric_shapes,all,valid_wrong,0.00,100
0.8b,0,bbh_hyperbaton,all,has_proof,0.00,100
0.8b,0,bbh_hyperbaton,all,grammatical,0.00,100
0.8b,0,bbh_hyperbaton,all,valid,0.00,100
0.8b,0,bbh_hyperbaton,all,grounded,0.00,100
0.8b,0,bbh_hyperbaton,all,correct,18.00,100
0.8b,0,bbh_hyperbaton,all,valid_correct,0.00,100
0.8b,0,bbh_hyperbaton,all,in_system,0.00,100
0.8b,0,bbh_hyperbaton,all,valid_wrong,0.00,100
0.8b,0,bbh_logical_deduction_five_objects,all,has_proof,0.00,100
0.8b,0,bbh_logical_deduction_five_objects,all,grammatical,0.00,100
0.8b,0,bbh_logical_deduction_five_objects,all,valid,0.00,100
0.8b,0,bbh_logical_deduction_five_objects,all,grounded,0.00,100
0.8b,0,bbh_logical_deduction_five_objects,all,correct,24.00,100
0.8b,0,bbh_logical_deduction_five_objects,all,valid_correct,0.00,100
0.8b,0,bbh_logical_deduction_five_objects,all,in_system,0.00,100
0.8b,0,bbh_logical_deduction_five_objects,all,valid_wrong,0.00,100
0.8b,0,bbh_logical_deduction_seven_objects,all,has_proof,0.00,100
0.8b,0,bbh_logical_deduction_seven_objects,all,grammatical,0.00,100
0.8b,0,bbh_logical_deduction_seven_objects,all,valid,0.00,100
0.8b,0,bbh_logical_deduction_seven_objects,all,grounded,0.00,100
0.8b,0,bbh_logical_deduction_seven_objects,all,correct,27.00,100
0.8b,0,bbh_logical_deduction_seven_objects,all,valid_correct,0.00,100
0.8b,0,bbh_logical_deduction_seven_objects,all,in_system,0.00,100
0.8b,0,bbh_logical_deduction_seven_objects,all,valid_wrong,0.00,100
0.8b,0,bbh_logical_deduction_three_objects,all,has_proof,0.00,100
0.8b,0,bbh_logical_deduction_three_objects,all,grammatical,0.00,100
0.8b,0,bbh_logical_deduction_three_objects,all,valid,0.00,100
0.8b,0,bbh_logical_deduction_three_objects,all,grounded,0.00,100
0.8b,0,bbh_logical_deduction_three_objects,all,correct,45.00,100
0.8b,0,bbh_logical_deduction_three_objects,all,valid_correct,0.00,100
0.8b,0,bbh_logical_deduction_three_objects,all,in_system,0.00,100
0.8b,0,bbh_logical_deduction_three_objects,all,valid_wrong,0.00,100
0.8b,0,bbh_movie_recommendation,all,has_proof,0.00,100
0.8b,0,bbh_movie_recommendation,all,grammatical,0.00,100
0.8b,0,bbh_movie_recommendation,all,valid,0.00,100
0.8b,0,bbh_movie_recommendation,all,grounded,0.00,100
0.8b,0,bbh_movie_recommendation,all,correct,48.00,100
0.8b,0,bbh_movie_recommendation,all,valid_correct,0.00,100
0.8b,0,bbh_movie_recommendation,all,in_system,0.00,100
0.8b,0,bbh_movie_recommendation,all,valid_wrong,0.00,100
0.8b,0,bbh_multistep_arithmetic_two,all,has_proof,0.00,100
0.8b,0,bbh_multistep_arithmetic_two,all,grammatical,0.00,100
0.8b,0,bbh_multistep_arithmetic_two,all,valid,0.00,100
0.8b,0,bbh_multistep_arithmetic_two,all,grounded,0.00,100
0.8b,0,bbh_multistep_arithmetic_two,all,correct,58.00,100
0.8b,0,bbh_multistep_arithmetic_two,all,valid_correct,0.00,100
0.8b,0,bbh_multistep_arithmetic_two,all,in_system,0.00,100
0.8b,0,bbh_multistep_arithmetic_two,all,valid_wrong,0.00,100
0.8b,0,bbh_multistep_arithmetic_two,answerable,has_proof,0.00,100
0.8b,0,bbh_multistep_arithmetic_two,answerable,grammatical,0.00,100
0.8b,0,bbh_multistep_arithmetic_two,answerable,valid,0.00,100
0.8b,0,bbh_multistep_arithmetic_two,answerable,grounded,0.00,100
0.8b,0,bbh_multistep_arithmetic_two,answerable,correct,58.00,100
0.8b,0,bbh_multistep_arithmetic_two,answerable,valid_correct,0.00,100
0.8b,0,bbh_multistep_arithmetic_two,answerable,in_system,0.00,100
0.8b,0,bbh_multistep_arithmetic_two,answerable,valid_wrong,0.00,100
0.8b,0,bbh_navigate,all,has_proof,0.00,100
0.8b,0,bbh_navigate,all,grammatical,0.00,100
0.8b,0,bbh_navigate,all,valid,0.00,100
0.8b,0,bbh_navigate,all,grounded,0.00,100
0.8b,0,bbh_navigate,all,correct,0.00,100
0.8b,0,bbh_navigate,all,valid_correct,0.00,100
0.8b,0,bbh_navigate,all,in_system,0.00,100
0.8b,0,bbh_navigate,all,valid_wrong,0.00,100
0.8b,0,bbh_navigate,answerable,has_proof,0.00,100
0.8b,0,bbh_navigate,answerable,grammatical,0.00,100
0.8b,0,bbh_navigate,answerable,valid,0.00,100
0.8b,0,bbh_navigate,answerable,grounded,0.00,100
0.8b,0,bbh_navigate,answerable,correct,0.00,100
0.8b,0,bbh_navigate,answerable,valid_correct,0.00,100
0.8b,0,bbh_navigate,answerable,in_system,0.00,100
0.8b,0,bbh_navigate,answerable,valid_wrong,0.00,100
0.8b,0,bbh_object_counting,all,has_proof,0.00,100
0.8b,0,bbh_object_counting,all,grammatical,0.00,100
0.8b,0,bbh_object_counting,all,valid,0.00,100
0.8b,0,bbh_object_counting,all,grounded,0.00,100
0.8b,0,bbh_object_counting,all,correct,0.00,100
0.8b,0,bbh_object_counting,all,valid_correct,0.00,100
0.8b,0,bbh_object_counting,all,in_system,0.00,100
0.8b,0,bbh_object_counting,all,valid_wrong,0.00,100
0.8b,0,bbh_object_counting,answerable,has_proof,0.00,100
0.8b,0,bbh_object_counting,answerable,grammatical,0.00,100
0.8b,0,bbh_object_counting,answerable,valid,0.00,100
0.8b,0,bbh_object_counting,answerable,grounded,0.00,100
0.8b,0,bbh_object_counting,answerable,correct,0.00,100
0.8b,0,bbh_object_counting,answerable,valid_correct,0.00,100
0.8b,0,bbh_object_counting,answerable,in_system,0.00,100
0.8b,0,bbh_object_counting,answerable,valid_wrong,0.00,100
0.8b,0,bbh_penguins_in_a_table,all,has_proof,0.00,100
0.8b,0,bbh_penguins_in_a_table,all,grammatical,0.00,100
0.8b,0,bbh_penguins_in_a_table,all,valid,0.00,100
0.8b,0,bbh_penguins_in_a_table,all,grounded,0.00,100
0.8b,0,bbh_penguins_in_a_table,all,correct,45.00,100
0.8b,0,bbh_penguins_in_a_table,all,valid_correct,0.00,100
0.8b,0,bbh_penguins_in_a_table,all,in_system,0.00,100
0.8b,0,bbh_penguins_in_a_table,all,valid_wrong,0.00,100
0.8b,0,bbh_reasoning_about_colored_objects,all,has_proof,0.00,100
0.8b,0,bbh_reasoning_about_colored_objects,all,grammatical,0.00,100
0.8b,0,bbh_reasoning_about_colored_objects,all,valid,0.00,100
0.8b,0,bbh_reasoning_about_colored_objects,all,grounded,0.00,100
0.8b,0,bbh_reasoning_about_colored_objects,all,correct,58.00,100
0.8b,0,bbh_reasoning_about_colored_objects,all,valid_correct,0.00,100
0.8b,0,bbh_reasoning_about_colored_objects,all,in_system,0.00,100
0.8b,0,bbh_reasoning_about_colored_objects,all,valid_wrong,0.00,100
0.8b,0,bbh_ruin_names,all,has_proof,0.00,100
0.8b,0,bbh_ruin_names,all,grammatical,0.00,100
0.8b,0,bbh_ruin_names,all,valid,0.00,100
0.8b,0,bbh_ruin_names,all,grounded,0.00,100
0.8b,0,bbh_ruin_names,all,correct,17.00,100
0.8b,0,bbh_ruin_names,all,valid_correct,0.00,100
0.8b,0,bbh_ruin_names,all,in_system,0.00,100
0.8b,0,bbh_ruin_names,all,valid_wrong,0.00,100
0.8b,0,bbh_salient_translation_error_detection,all,has_proof,0.00,100
0.8b,0,bbh_salient_translation_error_detection,all,grammatical,0.00,100
0.8b,0,bbh_salient_translation_error_detection,all,valid,0.00,100
0.8b,0,bbh_salient_translation_error_detection,all,grounded,0.00,100
0.8b,0,bbh_salient_translation_error_detection,all,correct,26.00,100
0.8b,0,bbh_salient_translation_error_detection,all,valid_correct,0.00,100
0.8b,0,bbh_salient_translation_error_detection,all,in_system,0.00,100
0.8b,0,bbh_salient_translation_error_detection,all,valid_wrong,0.00,100
0.8b,0,bbh_snarks,all,has_proof,0.00,100
0.8b,0,bbh_snarks,all,grammatical,0.00,100
0.8b,0,bbh_snarks,all,valid,0.00,100
0.8b,0,bbh_snarks,all,grounded,0.00,100
0.8b,0,bbh_snarks,all,correct,26.00,100
0.8b,0,bbh_snarks,all,valid_correct,0.00,100
0.8b,0,bbh_snarks,all,in_system,0.00,100
0.8b,0,bbh_snarks,all,valid_wrong,0.00,100
0.8b,0,bbh_sports_understanding,all,has_proof,0.00,100
0.8b,0,bbh_sports_understanding,all,grammatical,0.00,100
0.8b,0,bbh_sports_understanding,all,valid,0.00,100
0.8b,0,bbh_sports_understanding,all,grounded,0.00,100
0.8b,0,bbh_sports_understanding,all,correct,0.00,100
0.8b,0,bbh_sports_understanding,all,valid_correct,0.00,100
0.8b,0,bbh_sports_understanding,all,in_system,0.00,100
0.8b,0,bbh_sports_understanding,all,valid_wrong,0.00,100
0.8b,0,bbh_sports_understanding,answerable,has_proof,0.00,100
0.8b,0,bbh_sports_understanding,answerable,grammatical,0.00,100
0.8b,0,bbh_sports_understanding,answerable,valid,0.00,100
0.8b,0,bbh_sports_understanding,answerable,grounded,0.00,100
0.8b,0,bbh_sports_understanding,answerable,correct,0.00,100
0.8b,0,bbh_sports_understanding,answerable,valid_correct,0.00,100
0.8b,0,bbh_sports_understanding,answerable,in_system,0.00,100
0.8b,0,bbh_sports_understanding,answerable,valid_wrong,0.00,100
0.8b,0,bbh_temporal_sequences,all,has_proof,0.00,100
0.8b,0,bbh_temporal_sequences,all,grammatical,0.00,100
0.8b,0,bbh_temporal_sequences,all,valid,0.00,100
0.8b,0,bbh_temporal_sequences,all,grounded,0.00,100
0.8b,0,bbh_temporal_sequences,all,correct,16.00,100
0.8b,0,bbh_temporal_sequences,all,valid_correct,0.00,100
0.8b,0,bbh_temporal_sequences,all,in_system,0.00,100
0.8b,0,bbh_temporal_sequences,all,valid_wrong,0.00,100
0.8b,0,bbh_tracking_shuffled_objects_five_objects,all,has_proof,0.00,100
0.8b,0,bbh_tracking_shuffled_objects_five_objects,all,grammatical,0.00,100
0.8b,0,bbh_tracking_shuffled_objects_five_objects,all,valid,0.00,100
0.8b,0,bbh_tracking_shuffled_objects_five_objects,all,grounded,0.00,100
0.8b,0,bbh_tracking_shuffled_objects_five_objects,all,correct,28.00,100
0.8b,0,bbh_tracking_shuffled_objects_five_objects,all,valid_correct,0.00,100
0.8b,0,bbh_tracking_shuffled_objects_five_objects,all,in_system,0.00,100
0.8b,0,bbh_tracking_shuffled_objects_five_objects,all,valid_wrong,0.00,100
0.8b,0,bbh_tracking_shuffled_objects_seven_objects,all,has_proof,0.00,100
0.8b,0,bbh_tracking_shuffled_objects_seven_objects,all,grammatical,0.00,100
0.8b,0,bbh_tracking_shuffled_objects_seven_objects,all,valid,0.00,100
0.8b,0,bbh_tracking_shuffled_objects_seven_objects,all,grounded,0.00,100
0.8b,0,bbh_tracking_shuffled_objects_seven_objects,all,correct,34.00,100
0.8b,0,bbh_tracking_shuffled_objects_seven_objects,all,valid_correct,0.00,100
0.8b,0,bbh_tracking_shuffled_objects_seven_objects,all,in_system,0.00,100
0.8b,0,bbh_tracking_shuffled_objects_seven_objects,all,valid_wrong,0.00,100
0.8b,0,bbh_tracking_shuffled_objects_three_objects,all,has_proof,0.00,100
0.8b,0,bbh_tracking_shuffled_objects_three_objects,all,grammatical,0.00,100
0.8b,0,bbh_tracking_shuffled_objects_three_objects,all,valid,0.00,100
0.8b,0,bbh_tracking_shuffled_objects_three_objects,all,grounded,0.00,100
0.8b,0,bbh_tracking_shuffled_objects_three_objects,all,correct,23.00,100
0.8b,0,bbh_tracking_shuffled_objects_three_objects,all,valid_correct,0.00,100
0.8b,0,bbh_tracking_shuffled_objects_three_objects,all,in_system,0.00,100
0.8b,0,bbh_tracking_shuffled_objects_three_objects,all,valid_wrong,0.00,100
0.8b,0,bbh_web_of_lies,all,has_proof,0.00,100
0.8b,0,bbh_web_of_lies,all,grammatical,0.00,100
0.8b,0,bbh_web_of_lies,all,valid,0.00,100
0.8b,0,bbh_web_of_lies,all,grounded,0.00,100
0.8b,0,bbh_web_of_lies,all,correct,10.00,100
0.8b,0,bbh_web_of_lies,all,valid_correct,0.00,100
0.8b,0,bbh_web_of_lies,all,in_system,0.00,100
0.8b,0,bbh_web_of_lies,all,valid_wrong,0.00,100
0.8b,0,bbh_web_of_lies,answerable,has_proof,0.00,100
0.8b,0,bbh_web_of_lies,answerable,grammatical,0.00,100
0.8b,0,bbh_web_of_lies,answerable,valid,0.00,100
0.8b,0,bbh_web_of_lies,answerable,grounded,0.00,100
0.8b,0,bbh_web_of_lies,answerable,correct,10.00,100
0.8b,0,bbh_web_of_lies,answerable,valid_correct,0.00,100
0.8b,0,bbh_web_of_lies,answerable,in_system,0.00,100
0.8b,0,bbh_web_of_lies,answerable,valid_wrong,0.00,100
0.8b,0,bbh_word_sorting,all,has_proof,0.00,100
0.8b,0,bbh_word_sorting,all,grammatical,0.00,100
0.8b,0,bbh_word_sorting,all,valid,0.00,100
0.8b,0,bbh_word_sorting,all,grounded,0.00,100
0.8b,0,bbh_word_sorting,all,correct,0.00,100
0.8b,0,bbh_word_sorting,all,valid_correct,0.00,100
0.8b,0,bbh_word_sorting,all,in_system,0.00,100
0.8b,0,bbh_word_sorting,all,valid_wrong,0.00,100
0.8b,0,folio,all,has_proof,0.00,203
0.8b,0,folio,all,grammatical,0.00,203
0.8b,0,folio,all,valid,0.00,203
0.8b,0,folio,all,grounded,0.00,203
0.8b,0,folio,all,correct,12.32,203
0.8b,0,folio,all,valid_correct,0.00,203
0.8b,0,folio,all,in_system,0.00,203
0.8b,0,folio,all,valid_wrong,0.00,203
0.8b,0,folio,answerable,has_proof,0.00,134
0.8b,0,folio,answerable,grammatical,0.00,134
0.8b,0,folio,answerable,valid,0.00,134
0.8b,0,folio,answerable,grounded,0.00,134
0.8b,0,folio,answerable,correct,18.66,134
0.8b,0,folio,answerable,valid_correct,0.00,134
0.8b,0,folio,answerable,in_system,0.00,134
0.8b,0,folio,answerable,valid_wrong,0.00,134
0.8b,0,gpqa_diamond,all,has_proof,0.00,198
0.8b,0,gpqa_diamond,all,grammatical,0.00,198
0.8b,0,gpqa_diamond,all,valid,0.00,198
0.8b,0,gpqa_diamond,all,grounded,0.00,198
0.8b,0,gpqa_diamond,all,correct,26.77,198
0.8b,0,gpqa_diamond,all,valid_correct,0.00,198
0.8b,0,gpqa_diamond,all,in_system,0.00,198
0.8b,0,gpqa_diamond,all,valid_wrong,0.00,198
0.8b,0,gpqa_quant,all,has_proof,0.00,73
0.8b,0,gpqa_quant,all,grammatical,0.00,73
0.8b,0,gpqa_quant,all,valid,0.00,73
0.8b,0,gpqa_quant,all,grounded,0.00,73
0.8b,0,gpqa_quant,all,correct,24.66,73
0.8b,0,gpqa_quant,all,valid_correct,0.00,73
0.8b,0,gpqa_quant,all,in_system,0.00,73
0.8b,0,gpqa_quant,all,valid_wrong,0.00,73
0.8b,0,gpqa_rest,all,has_proof,0.00,125
0.8b,0,gpqa_rest,all,grammatical,0.00,125
0.8b,0,gpqa_rest,all,valid,0.00,125
0.8b,0,gpqa_rest,all,grounded,0.00,125
0.8b,0,gpqa_rest,all,correct,28.00,125
0.8b,0,gpqa_rest,all,valid_correct,0.00,125
0.8b,0,gpqa_rest,all,in_system,0.00,125
0.8b,0,gpqa_rest,all,valid_wrong,0.00,125
0.8b,0,gsm8k,all,has_proof,0.00,500
0.8b,0,gsm8k,all,grammatical,0.00,500
0.8b,0,gsm8k,all,valid,0.00,500
0.8b,0,gsm8k,all,grounded,0.00,500
0.8b,0,gsm8k,all,correct,48.20,500
0.8b,0,gsm8k,all,valid_correct,0.00,500
0.8b,0,gsm8k,all,in_system,0.00,500
0.8b,0,gsm8k,all,valid_wrong,0.00,500
0.8b,0,gsm8k,answerable,has_proof,0.00,500
0.8b,0,gsm8k,answerable,grammatical,0.00,500
0.8b,0,gsm8k,answerable,valid,0.00,500
0.8b,0,gsm8k,answerable,grounded,0.00,500
0.8b,0,gsm8k,answerable,correct,48.20,500
0.8b,0,gsm8k,answerable,valid_correct,0.00,500
0.8b,0,gsm8k,answerable,in_system,0.00,500
0.8b,0,gsm8k,answerable,valid_wrong,0.00,500
0.8b,0,hotpotqa,all,has_proof,0.00,200
0.8b,0,hotpotqa,all,grammatical,0.00,200
0.8b,0,hotpotqa,all,valid,0.00,200
0.8b,0,hotpotqa,all,grounded,0.00,200
0.8b,0,hotpotqa,all,correct,0.00,200
0.8b,0,hotpotqa,all,valid_correct,0.00,200
0.8b,0,hotpotqa,all,in_system,0.00,200
0.8b,0,hotpotqa,all,valid_wrong,0.00,200
0.8b,0,hotpotqa,all,f1,0.00,200
0.8b,0,logiqa,all,has_proof,0.00,651
0.8b,0,logiqa,all,grammatical,0.00,651
0.8b,0,logiqa,all,valid,0.00,651
0.8b,0,logiqa,all,grounded,0.00,651
0.8b,0,logiqa,all,correct,33.64,651
0.8b,0,logiqa,all,valid_correct,0.00,651
0.8b,0,logiqa,all,in_system,0.00,651
0.8b,0,logiqa,all,valid_wrong,0.00,651
0.8b,0,mmlu,all,has_proof,0.00,1000
0.8b,0,mmlu,all,grammatical,0.00,1000
0.8b,0,mmlu,all,valid,0.00,1000
0.8b,0,mmlu,all,grounded,0.00,1000
0.8b,0,mmlu,all,correct,47.30,1000
0.8b,0,mmlu,all,valid_correct,0.00,1000
0.8b,0,mmlu,all,in_system,0.00,1000
0.8b,0,mmlu,all,valid_wrong,0.00,1000
0.8b,0,musique,all,has_proof,0.00,200
0.8b,0,musique,all,grammatical,0.00,200
0.8b,0,musique,all,valid,0.00,200
0.8b,0,musique,all,grounded,0.00,200
0.8b,0,musique,all,correct,0.00,200
0.8b,0,musique,all,valid_correct,0.00,200
0.8b,0,musique,all,in_system,0.00,200
0.8b,0,musique,all,valid_wrong,0.00,200
0.8b,0,musique,all,f1,0.00,200
0.8b,0,pw_all,all,has_proof,0.00,2500
0.8b,0,pw_all,all,grammatical,0.00,2500
0.8b,0,pw_all,all,valid,0.00,2500
0.8b,0,pw_all,all,grounded,0.00,2500
0.8b,0,pw_all,all,correct,15.00,2500
0.8b,0,pw_all,all,valid_correct,0.00,2500
0.8b,0,pw_all,all,in_system,0.00,2500
0.8b,0,pw_all,all,valid_wrong,0.00,2500
0.8b,0,pw_all,answerable,has_proof,0.00,1753
0.8b,0,pw_all,answerable,grammatical,0.00,1753
0.8b,0,pw_all,answerable,valid,0.00,1753
0.8b,0,pw_all,answerable,grounded,0.00,1753
0.8b,0,pw_all,answerable,correct,21.39,1753
0.8b,0,pw_all,answerable,valid_correct,0.00,1753
0.8b,0,pw_all,answerable,in_system,0.00,1753
0.8b,0,pw_all,answerable,valid_wrong,0.00,1753
0.8b,0,pw_d0,all,has_proof,0.00,500
0.8b,0,pw_d0,all,grammatical,0.00,500
0.8b,0,pw_d0,all,valid,0.00,500
0.8b,0,pw_d0,all,grounded,0.00,500
0.8b,0,pw_d0,all,correct,11.60,500
0.8b,0,pw_d0,all,valid_correct,0.00,500
0.8b,0,pw_d0,all,in_system,0.00,500
0.8b,0,pw_d0,all,valid_wrong,0.00,500
0.8b,0,pw_d0,answerable,has_proof,0.00,226
0.8b,0,pw_d0,answerable,grammatical,0.00,226
0.8b,0,pw_d0,answerable,valid,0.00,226
0.8b,0,pw_d0,answerable,grounded,0.00,226
0.8b,0,pw_d0,answerable,correct,25.66,226
0.8b,0,pw_d0,answerable,valid_correct,0.00,226
0.8b,0,pw_d0,answerable,in_system,0.00,226
0.8b,0,pw_d0,answerable,valid_wrong,0.00,226
0.8b,0,pw_d1,all,has_proof,0.00,500
0.8b,0,pw_d1,all,grammatical,0.00,500
0.8b,0,pw_d1,all,valid,0.00,500
0.8b,0,pw_d1,all,grounded,0.00,500
0.8b,0,pw_d1,all,correct,13.40,500
0.8b,0,pw_d1,all,valid_correct,0.00,500
0.8b,0,pw_d1,all,in_system,0.00,500
0.8b,0,pw_d1,all,valid_wrong,0.00,500
0.8b,0,pw_d1,answerable,has_proof,0.00,255
0.8b,0,pw_d1,answerable,grammatical,0.00,255
0.8b,0,pw_d1,answerable,valid,0.00,255
0.8b,0,pw_d1,answerable,grounded,0.00,255
0.8b,0,pw_d1,answerable,correct,26.27,255
0.8b,0,pw_d1,answerable,valid_correct,0.00,255
0.8b,0,pw_d1,answerable,in_system,0.00,255
0.8b,0,pw_d1,answerable,valid_wrong,0.00,255
0.8b,0,pw_d2,all,has_proof,0.00,500
0.8b,0,pw_d2,all,grammatical,0.00,500
0.8b,0,pw_d2,all,valid,0.00,500
0.8b,0,pw_d2,all,grounded,0.00,500
0.8b,0,pw_d2,all,correct,15.80,500
0.8b,0,pw_d2,all,valid_correct,0.00,500
0.8b,0,pw_d2,all,in_system,0.00,500
0.8b,0,pw_d2,all,valid_wrong,0.00,500
0.8b,0,pw_d2,answerable,has_proof,0.00,382
0.8b,0,pw_d2,answerable,grammatical,0.00,382
0.8b,0,pw_d2,answerable,valid,0.00,382
0.8b,0,pw_d2,answerable,grounded,0.00,382
0.8b,0,pw_d2,answerable,correct,20.68,382
0.8b,0,pw_d2,answerable,valid_correct,0.00,382
0.8b,0,pw_d2,answerable,in_system,0.00,382
0.8b,0,pw_d2,answerable,valid_wrong,0.00,382
0.8b,0,pw_d3,all,has_proof,0.00,500
0.8b,0,pw_d3,all,grammatical,0.00,500
0.8b,0,pw_d3,all,valid,0.00,500
0.8b,0,pw_d3,all,grounded,0.00,500
0.8b,0,pw_d3,all,correct,17.60,500
0.8b,0,pw_d3,all,valid_correct,0.00,500
0.8b,0,pw_d3,all,in_system,0.00,500
0.8b,0,pw_d3,all,valid_wrong,0.00,500
0.8b,0,pw_d3,answerable,has_proof,0.00,413
0.8b,0,pw_d3,answerable,grammatical,0.00,413
0.8b,0,pw_d3,answerable,valid,0.00,413
0.8b,0,pw_d3,answerable,grounded,0.00,413
0.8b,0,pw_d3,answerable,correct,21.31,413
0.8b,0,pw_d3,answerable,valid_correct,0.00,413
0.8b,0,pw_d3,answerable,in_system,0.00,413
0.8b,0,pw_d3,answerable,valid_wrong,0.00,413
0.8b,0,pw_d5,all,has_proof,0.00,500
0.8b,0,pw_d5,all,grammatical,0.00,500
0.8b,0,pw_d5,all,valid,0.00,500
0.8b,0,pw_d5,all,grounded,0.00,500
0.8b,0,pw_d5,all,correct,16.60,500
0.8b,0,pw_d5,all,valid_correct,0.00,500
0.8b,0,pw_d5,all,in_system,0.00,500
0.8b,0,pw_d5,all,valid_wrong,0.00,500
0.8b,0,pw_d5,answerable,has_proof,0.00,477
0.8b,0,pw_d5,answerable,grammatical,0.00,477
0.8b,0,pw_d5,answerable,valid,0.00,477
0.8b,0,pw_d5,answerable,grounded,0.00,477
0.8b,0,pw_d5,answerable,correct,17.40,477
0.8b,0,pw_d5,answerable,valid_correct,0.00,477
0.8b,0,pw_d5,answerable,in_system,0.00,477
0.8b,0,pw_d5,answerable,valid_wrong,0.00,477
0.8b,5,overall,all,has_proof,70.72,9524
0.8b,5,overall,all,grammatical,9.73,9524
0.8b,5,overall,all,valid,0.89,9524
0.8b,5,overall,all,grounded,5.13,9524
0.8b,5,overall,all,correct,19.00,9524
0.8b,5,overall,all,valid_correct,0.63,9524
0.8b,5,overall,all,in_system,0.61,9524
0.8b,5,overall,all,valid_wrong,0.26,9524
0.8b,5,overall,all,f1,0.00,9524
0.8b,5,overall,answerable,has_proof,99.97,3187
0.8b,5,overall,answerable,grammatical,21.34,3187
0.8b,5,overall,answerable,valid,2.17,3187
0.8b,5,overall,answerable,grounded,11.52,3187
0.8b,5,overall,answerable,correct,29.97,3187
0.8b,5,overall,answerable,valid_correct,1.82,3187
0.8b,5,overall,answerable,in_system,1.82,3187
0.8b,5,overall,answerable,valid_wrong,0.35,3187
0.8b,5,bbh,all,has_proof,70.81,2700
0.8b,5,bbh,all,grammatical,2.81,2700
0.8b,5,bbh,all,valid,0.11,2700
0.8b,5,bbh,all,grounded,1.56,2700
0.8b,5,bbh,all,correct,16.81,2700
0.8b,5,bbh,all,valid_correct,0.07,2700
0.8b,5,bbh,all,in_system,0.00,2700
0.8b,5,bbh,all,valid_wrong,0.04,2700
0.8b,5,bbh,answerable,has_proof,100.00,800
0.8b,5,bbh,answerable,grammatical,6.25,800
0.8b,5,bbh,answerable,valid,0.00,800
0.8b,5,bbh,answerable,grounded,3.25,800
0.8b,5,bbh,answerable,correct,20.75,800
0.8b,5,bbh,answerable,valid_correct,0.00,800
0.8b,5,bbh,answerable,in_system,0.00,800
0.8b,5,bbh,answerable,valid_wrong,0.00,800
0.8b,5,deduction,all,has_proof,100.00,2703
0.8b,5,deduction,all,grammatical,27.82,2703
0.8b,5,deduction,all,valid,2.81,2703
0.8b,5,deduction,all,grounded,14.39,2703
0.8b,5,deduction,all,correct,25.53,2703
0.8b,5,deduction,all,valid_correct,2.07,2703
0.8b,5,deduction,all,in_system,2.07,2703
0.8b,5,deduction,all,valid_wrong,0.74,2703
0.8b,5,deduction,answerable,has_proof,100.00,1887
0.8b,5,deduction,answerable,grammatical,29.41,1887
0.8b,5,deduction,answerable,valid,3.34,1887
0.8b,5,deduction,answerable,grounded,15.47,1887
0.8b,5,deduction,answerable,correct,36.57,1887
0.8b,5,deduction,answerable,valid_correct,2.97,1887
0.8b,5,deduction,answerable,in_system,2.97,1887
0.8b,5,deduction,answerable,valid_wrong,0.37,1887
0.8b,5,gpqa,all,has_proof,15.66,198
0.8b,5,gpqa,all,grammatical,0.00,198
0.8b,5,gpqa,all,valid,0.00,198
0.8b,5,gpqa,all,grounded,0.00,198
0.8b,5,gpqa,all,correct,11.62,198
0.8b,5,gpqa,all,valid_correct,0.00,198
0.8b,5,gpqa,all,in_system,0.00,198
0.8b,5,gpqa,all,valid_wrong,0.00,198
0.8b,5,multihop,all,has_proof,0.00,600
0.8b,5,multihop,all,grammatical,0.00,600
0.8b,5,multihop,all,valid,0.00,600
0.8b,5,multihop,all,grounded,0.00,600
0.8b,5,multihop,all,correct,0.00,600
0.8b,5,multihop,all,valid_correct,0.00,600
0.8b,5,multihop,all,in_system,0.00,600
0.8b,5,multihop,all,valid_wrong,0.00,600
0.8b,5,multihop,all,f1,0.00,600
0.8b,5,standard,all,has_proof,62.86,3323
0.8b,5,standard,all,grammatical,2.98,3323
0.8b,5,standard,all,valid,0.18,3323
0.8b,5,standard,all,grounded,1.75,3323
0.8b,5,standard,all,correct,19.35,3323
0.8b,5,standard,all,valid_correct,0.06,3323
0.8b,5,standard,all,in_system,0.06,3323
0.8b,5,standard,all,valid_wrong,0.12,3323
0.8b,5,standard,answerable,has_proof,99.80,500
0.8b,5,standard,answerable,grammatical,15.00,500
0.8b,5,standard,answerable,valid,1.20,500
0.8b,5,standard,answerable,grounded,9.80,500
0.8b,5,standard,answerable,correct,19.80,500
0.8b,5,standard,answerable,valid_correct,0.40,500
0.8b,5,standard,answerable,in_system,0.40,500
0.8b,5,standard,answerable,valid_wrong,0.80,500
0.8b,5,2wikimqa,all,has_proof,0.00,200
0.8b,5,2wikimqa,all,grammatical,0.00,200
0.8b,5,2wikimqa,all,valid,0.00,200
0.8b,5,2wikimqa,all,grounded,0.00,200
0.8b,5,2wikimqa,all,correct,0.00,200
0.8b,5,2wikimqa,all,valid_correct,0.00,200
0.8b,5,2wikimqa,all,in_system,0.00,200
0.8b,5,2wikimqa,all,valid_wrong,0.00,200
0.8b,5,2wikimqa,all,f1,0.00,200
0.8b,5,arc_challenge,all,has_proof,64.08,1172
0.8b,5,arc_challenge,all,grammatical,1.19,1172
0.8b,5,arc_challenge,all,valid,0.00,1172
0.8b,5,arc_challenge,all,grounded,0.51,1172
0.8b,5,arc_challenge,all,correct,21.59,1172
0.8b,5,arc_challenge,all,valid_correct,0.00,1172
0.8b,5,arc_challenge,all,in_system,0.00,1172
0.8b,5,arc_challenge,all,valid_wrong,0.00,1172
0.8b,5,bbh_boolean_expressions,all,has_proof,100.00,100
0.8b,5,bbh_boolean_expressions,all,grammatical,0.00,100
0.8b,5,bbh_boolean_expressions,all,valid,0.00,100
0.8b,5,bbh_boolean_expressions,all,grounded,0.00,100
0.8b,5,bbh_boolean_expressions,all,correct,34.00,100
0.8b,5,bbh_boolean_expressions,all,valid_correct,0.00,100
0.8b,5,bbh_boolean_expressions,all,in_system,0.00,100
0.8b,5,bbh_boolean_expressions,all,valid_wrong,0.00,100
0.8b,5,bbh_boolean_expressions,answerable,has_proof,100.00,100
0.8b,5,bbh_boolean_expressions,answerable,grammatical,0.00,100
0.8b,5,bbh_boolean_expressions,answerable,valid,0.00,100
0.8b,5,bbh_boolean_expressions,answerable,grounded,0.00,100
0.8b,5,bbh_boolean_expressions,answerable,correct,34.00,100
0.8b,5,bbh_boolean_expressions,answerable,valid_correct,0.00,100
0.8b,5,bbh_boolean_expressions,answerable,in_system,0.00,100
0.8b,5,bbh_boolean_expressions,answerable,valid_wrong,0.00,100
0.8b,5,bbh_causal_judgement,all,has_proof,100.00,100
0.8b,5,bbh_causal_judgement,all,grammatical,6.00,100
0.8b,5,bbh_causal_judgement,all,valid,0.00,100
0.8b,5,bbh_causal_judgement,all,grounded,3.00,100
0.8b,5,bbh_causal_judgement,all,correct,24.00,100
0.8b,5,bbh_causal_judgement,all,valid_correct,0.00,100
0.8b,5,bbh_causal_judgement,all,in_system,0.00,100
0.8b,5,bbh_causal_judgement,all,valid_wrong,0.00,100
0.8b,5,bbh_causal_judgement,answerable,has_proof,100.00,100
0.8b,5,bbh_causal_judgement,answerable,grammatical,6.00,100
0.8b,5,bbh_causal_judgement,answerable,valid,0.00,100
0.8b,5,bbh_causal_judgement,answerable,grounded,3.00,100
0.8b,5,bbh_causal_judgement,answerable,correct,24.00,100
0.8b,5,bbh_causal_judgement,answerable,valid_correct,0.00,100
0.8b,5,bbh_causal_judgement,answerable,in_system,0.00,100
0.8b,5,bbh_causal_judgement,answerable,valid_wrong,0.00,100
0.8b,5,bbh_date_understanding,all,has_proof,100.00,100
0.8b,5,bbh_date_understanding,all,grammatical,0.00,100
0.8b,5,bbh_date_understanding,all,valid,0.00,100
0.8b,5,bbh_date_understanding,all,grounded,0.00,100
0.8b,5,bbh_date_understanding,all,correct,12.00,100
0.8b,5,bbh_date_understanding,all,valid_correct,0.00,100
0.8b,5,bbh_date_understanding,all,in_system,0.00,100
0.8b,5,bbh_date_understanding,all,valid_wrong,0.00,100
0.8b,5,bbh_disambiguation_qa,all,has_proof,0.00,100
0.8b,5,bbh_disambiguation_qa,all,grammatical,0.00,100
0.8b,5,bbh_disambiguation_qa,all,valid,0.00,100
0.8b,5,bbh_disambiguation_qa,all,grounded,0.00,100
0.8b,5,bbh_disambiguation_qa,all,correct,25.00,100
0.8b,5,bbh_disambiguation_qa,all,valid_correct,0.00,100
0.8b,5,bbh_disambiguation_qa,all,in_system,0.00,100
0.8b,5,bbh_disambiguation_qa,all,valid_wrong,0.00,100
0.8b,5,bbh_dyck_languages,all,has_proof,12.00,100
0.8b,5,bbh_dyck_languages,all,grammatical,0.00,100
0.8b,5,bbh_dyck_languages,all,valid,0.00,100
0.8b,5,bbh_dyck_languages,all,grounded,0.00,100
0.8b,5,bbh_dyck_languages,all,correct,0.00,100
0.8b,5,bbh_dyck_languages,all,valid_correct,0.00,100
0.8b,5,bbh_dyck_languages,all,in_system,0.00,100
0.8b,5,bbh_dyck_languages,all,valid_wrong,0.00,100
0.8b,5,bbh_formal_fallacies,all,has_proof,100.00,100
0.8b,5,bbh_formal_fallacies,all,grammatical,1.00,100
0.8b,5,bbh_formal_fallacies,all,valid,0.00,100
0.8b,5,bbh_formal_fallacies,all,grounded,1.00,100
0.8b,5,bbh_formal_fallacies,all,correct,10.00,100
0.8b,5,bbh_formal_fallacies,all,valid_correct,0.00,100
0.8b,5,bbh_formal_fallacies,all,in_system,0.00,100
0.8b,5,bbh_formal_fallacies,all,valid_wrong,0.00,100
0.8b,5,bbh_formal_fallacies,answerable,has_proof,100.00,100
0.8b,5,bbh_formal_fallacies,answerable,grammatical,1.00,100
0.8b,5,bbh_formal_fallacies,answerable,valid,0.00,100
0.8b,5,bbh_formal_fallacies,answerable,grounded,1.00,100
0.8b,5,bbh_formal_fallacies,answerable,correct,10.00,100
0.8b,5,bbh_formal_fallacies,answerable,valid_correct,0.00,100
0.8b,5,bbh_formal_fallacies,answerable,in_system,0.00,100
0.8b,5,bbh_formal_fallacies,answerable,valid_wrong,0.00,100
0.8b,5,bbh_geometric_shapes,all,has_proof,89.00,100
0.8b,5,bbh_geometric_shapes,all,grammatical,1.00,100
0.8b,5,bbh_geometric_shapes,all,valid,0.00,100
0.8b,5,bbh_geometric_shapes,all,grounded,0.00,100
0.8b,5,bbh_geometric_shapes,all,correct,3.00,100
0.8b,5,bbh_geometric_shapes,all,valid_correct,0.00,100
0.8b,5,bbh_geometric_shapes,all,in_system,0.00,100
0.8b,5,bbh_geometric_shapes,all,valid_wrong,0.00,100
0.8b,5,bbh_hyperbaton,all,has_proof,57.00,100
0.8b,5,bbh_hyperbaton,all,grammatical,0.00,100
0.8b,5,bbh_hyperbaton,all,valid,0.00,100
0.8b,5,bbh_hyperbaton,all,grounded,0.00,100
0.8b,5,bbh_hyperbaton,all,correct,18.00,100
0.8b,5,bbh_hyperbaton,all,valid_correct,0.00,100
0.8b,5,bbh_hyperbaton,all,in_system,0.00,100
0.8b,5,bbh_hyperbaton,all,valid_wrong,0.00,100
0.8b,5,bbh_logical_deduction_five_objects,all,has_proof,10.00,100
0.8b,5,bbh_logical_deduction_five_objects,all,grammatical,1.00,100
0.8b,5,bbh_logical_deduction_five_objects,all,valid,0.00,100
0.8b,5,bbh_logical_deduction_five_objects,all,grounded,1.00,100
0.8b,5,bbh_logical_deduction_five_objects,all,correct,27.00,100
0.8b,5,bbh_logical_deduction_five_objects,all,valid_correct,0.00,100
0.8b,5,bbh_logical_deduction_five_objects,all,in_system,0.00,100
0.8b,5,bbh_logical_deduction_five_objects,all,valid_wrong,0.00,100
0.8b,5,bbh_logical_deduction_seven_objects,all,has_proof,0.00,100
0.8b,5,bbh_logical_deduction_seven_objects,all,grammatical,0.00,100
0.8b,5,bbh_logical_deduction_seven_objects,all,valid,0.00,100
0.8b,5,bbh_logical_deduction_seven_objects,all,grounded,0.00,100
0.8b,5,bbh_logical_deduction_seven_objects,all,correct,29.00,100
0.8b,5,bbh_logical_deduction_seven_objects,all,valid_correct,0.00,100
0.8b,5,bbh_logical_deduction_seven_objects,all,in_system,0.00,100
0.8b,5,bbh_logical_deduction_seven_objects,all,valid_wrong,0.00,100
0.8b,5,bbh_logical_deduction_three_objects,all,has_proof,64.00,100
0.8b,5,bbh_logical_deduction_three_objects,all,grammatical,9.00,100
0.8b,5,bbh_logical_deduction_three_objects,all,valid,1.00,100
0.8b,5,bbh_logical_deduction_three_objects,all,grounded,7.00,100
0.8b,5,bbh_logical_deduction_three_objects,all,correct,32.00,100
0.8b,5,bbh_logical_deduction_three_objects,all,valid_correct,1.00,100
0.8b,5,bbh_logical_deduction_three_objects,all,in_system,0.00,100
0.8b,5,bbh_logical_deduction_three_objects,all,valid_wrong,0.00,100
0.8b,5,bbh_movie_recommendation,all,has_proof,100.00,100
0.8b,5,bbh_movie_recommendation,all,grammatical,2.00,100
0.8b,5,bbh_movie_recommendation,all,valid,0.00,100
0.8b,5,bbh_movie_recommendation,all,grounded,0.00,100
0.8b,5,bbh_movie_recommendation,all,correct,17.00,100
0.8b,5,bbh_movie_recommendation,all,valid_correct,0.00,100
0.8b,5,bbh_movie_recommendation,all,in_system,0.00,100
0.8b,5,bbh_movie_recommendation,all,valid_wrong,0.00,100
0.8b,5,bbh_multistep_arithmetic_two,all,has_proof,100.00,100
0.8b,5,bbh_multistep_arithmetic_two,all,grammatical,0.00,100
0.8b,5,bbh_multistep_arithmetic_two,all,valid,0.00,100
0.8b,5,bbh_multistep_arithmetic_two,all,grounded,0.00,100
0.8b,5,bbh_multistep_arithmetic_two,all,correct,5.00,100
0.8b,5,bbh_multistep_arithmetic_two,all,valid_correct,0.00,100
0.8b,5,bbh_multistep_arithmetic_two,all,in_system,0.00,100
0.8b,5,bbh_multistep_arithmetic_two,all,valid_wrong,0.00,100
0.8b,5,bbh_multistep_arithmetic_two,answerable,has_proof,100.00,100
0.8b,5,bbh_multistep_arithmetic_two,answerable,grammatical,0.00,100
0.8b,5,bbh_multistep_arithmetic_two,answerable,valid,0.00,100
0.8b,5,bbh_multistep_arithmetic_two,answerable,grounded,0.00,100
0.8b,5,bbh_multistep_arithmetic_two,answerable,correct,5.00,100
0.8b,5,bbh_multistep_arithmetic_two,answerable,valid_correct,0.00,100
0.8b,5,bbh_multistep_arithmetic_two,answerable,in_system,0.00,100
0.8b,5,bbh_multistep_arithmetic_two,answerable,valid_wrong,0.00,100
0.8b,5,bbh_navigate,all,has_proof,100.00,100
0.8b,5,bbh_navigate,all,grammatical,1.00,100
0.8b,5,bbh_navigate,all,valid,0.00,100
0.8b,5,bbh_navigate,all,grounded,0.00,100
0.8b,5,bbh_navigate,all,correct,13.00,100
0.8b,5,bbh_navigate,all,valid_correct,0.00,100
0.8b,5,bbh_navigate,all,in_system,0.00,100
0.8b,5,bbh_navigate,all,valid_wrong,0.00,100
0.8b,5,bbh_navigate,answerable,has_proof,100.00,100
0.8b,5,bbh_navigate,answerable,grammatical,1.00,100
0.8b,5,bbh_navigate,answerable,valid,0.00,100
0.8b,5,bbh_navigate,answerable,grounded,0.00,100
0.8b,5,bbh_navigate,answerable,correct,13.00,100
0.8b,5,bbh_navigate,answerable,valid_correct,0.00,100
0.8b,5,bbh_navigate,answerable,in_system,0.00,100
0.8b,5,bbh_navigate,answerable,valid_wrong,0.00,100
0.8b,5,bbh_object_counting,all,has_proof,100.00,100
0.8b,5,bbh_object_counting,all,grammatical,7.00,100
0.8b,5,bbh_object_counting,all,valid,0.00,100
0.8b,5,bbh_object_counting,all,grounded,1.00,100
0.8b,5,bbh_object_counting,all,correct,21.00,100
0.8b,5,bbh_object_counting,all,valid_correct,0.00,100
0.8b,5,bbh_object_counting,all,in_system,0.00,100
0.8b,5,bbh_object_counting,all,valid_wrong,0.00,100
0.8b,5,bbh_object_counting,answerable,has_proof,100.00,100
0.8b,5,bbh_object_counting,answerable,grammatical,7.00,100
0.8b,5,bbh_object_counting,answerable,valid,0.00,100
0.8b,5,bbh_object_counting,answerable,grounded,1.00,100
0.8b,5,bbh_object_counting,answerable,correct,21.00,100
0.8b,5,bbh_object_counting,answerable,valid_correct,0.00,100
0.8b,5,bbh_object_counting,answerable,in_system,0.00,100
0.8b,5,bbh_object_counting,answerable,valid_wrong,0.00,100
0.8b,5,bbh_penguins_in_a_table,all,has_proof,97.00,100
0.8b,5,bbh_penguins_in_a_table,all,grammatical,0.00,100
0.8b,5,bbh_penguins_in_a_table,all,valid,0.00,100
0.8b,5,bbh_penguins_in_a_table,all,grounded,0.00,100
0.8b,5,bbh_penguins_in_a_table,all,correct,26.00,100
0.8b,5,bbh_penguins_in_a_table,all,valid_correct,0.00,100
0.8b,5,bbh_penguins_in_a_table,all,in_system,0.00,100
0.8b,5,bbh_penguins_in_a_table,all,valid_wrong,0.00,100
0.8b,5,bbh_reasoning_about_colored_objects,all,has_proof,87.00,100
0.8b,5,bbh_reasoning_about_colored_objects,all,grammatical,2.00,100
0.8b,5,bbh_reasoning_about_colored_objects,all,valid,1.00,100
0.8b,5,bbh_reasoning_about_colored_objects,all,grounded,1.00,100
0.8b,5,bbh_reasoning_about_colored_objects,all,correct,27.00,100
0.8b,5,bbh_reasoning_about_colored_objects,all,valid_correct,1.00,100
0.8b,5,bbh_reasoning_about_colored_objects,all,in_system,0.00,100
0.8b,5,bbh_reasoning_about_colored_objects,all,valid_wrong,0.00,100
0.8b,5,bbh_ruin_names,all,has_proof,0.00,100
0.8b,5,bbh_ruin_names,all,grammatical,0.00,100
0.8b,5,bbh_ruin_names,all,valid,0.00,100
0.8b,5,bbh_ruin_names,all,grounded,0.00,100
0.8b,5,bbh_ruin_names,all,correct,7.00,100
0.8b,5,bbh_ruin_names,all,valid_correct,0.00,100
0.8b,5,bbh_ruin_names,all,in_system,0.00,100
0.8b,5,bbh_ruin_names,all,valid_wrong,0.00,100
0.8b,5,bbh_salient_translation_error_detection,all,has_proof,0.00,100
0.8b,5,bbh_salient_translation_error_detection,all,grammatical,0.00,100
0.8b,5,bbh_salient_translation_error_detection,all,valid,0.00,100
0.8b,5,bbh_salient_translation_error_detection,all,grounded,0.00,100
0.8b,5,bbh_salient_translation_error_detection,all,correct,9.00,100
0.8b,5,bbh_salient_translation_error_detection,all,valid_correct,0.00,100
0.8b,5,bbh_salient_translation_error_detection,all,in_system,0.00,100
0.8b,5,bbh_salient_translation_error_detection,all,valid_wrong,0.00,100
0.8b,5,bbh_snarks,all,has_proof,26.00,100
0.8b,5,bbh_snarks,all,grammatical,0.00,100
0.8b,5,bbh_snarks,all,valid,0.00,100
0.8b,5,bbh_snarks,all,grounded,0.00,100
0.8b,5,bbh_snarks,all,correct,18.00,100
0.8b,5,bbh_snarks,all,valid_correct,0.00,100
0.8b,5,bbh_snarks,all,in_system,0.00,100
0.8b,5,bbh_snarks,all,valid_wrong,0.00,100
0.8b,5,bbh_sports_understanding,all,has_proof,100.00,100
0.8b,5,bbh_sports_understanding,all,grammatical,0.00,100
0.8b,5,bbh_sports_understanding,all,valid,0.00,100
0.8b,5,bbh_sports_understanding,all,grounded,0.00,100
0.8b,5,bbh_sports_understanding,all,correct,26.00,100
0.8b,5,bbh_sports_understanding,all,valid_correct,0.00,100
0.8b,5,bbh_sports_understanding,all,in_system,0.00,100
0.8b,5,bbh_sports_understanding,all,valid_wrong,0.00,100
0.8b,5,bbh_sports_understanding,answerable,has_proof,100.00,100
0.8b,5,bbh_sports_understanding,answerable,grammatical,0.00,100
0.8b,5,bbh_sports_understanding,answerable,valid,0.00,100
0.8b,5,bbh_sports_understanding,answerable,grounded,0.00,100
0.8b,5,bbh_sports_understanding,answerable,correct,26.00,100
0.8b,5,bbh_sports_understanding,answerable,valid_correct,0.00,100
0.8b,5,bbh_sports_understanding,answerable,in_system,0.00,100
0.8b,5,bbh_sports_understanding,answerable,valid_wrong,0.00,100
0.8b,5,bbh_temporal_sequences,all,has_proof,100.00,100
0.8b,5,bbh_temporal_sequences,all,grammatical,0.00,100
0.8b,5,bbh_temporal_sequences,all,valid,0.00,100
0.8b,5,bbh_temporal_sequences,all,grounded,0.00,100
0.8b,5,bbh_temporal_sequences,all,correct,2.00,100
0.8b,5,bbh_temporal_sequences,all,valid_correct,0.00,100
0.8b,5,bbh_temporal_sequences,all,in_system,0.00,100
0.8b,5,bbh_temporal_sequences,all,valid_wrong,0.00,100
0.8b,5,bbh_tracking_shuffled_objects_five_objects,all,has_proof,90.00,100
0.8b,5,bbh_tracking_shuffled_objects_five_objects,all,grammatical,6.00,100
0.8b,5,bbh_tracking_shuffled_objects_five_objects,all,valid,1.00,100
0.8b,5,bbh_tracking_shuffled_objects_five_objects,all,grounded,4.00,100
0.8b,5,bbh_tracking_shuffled_objects_five_objects,all,correct,10.00,100
0.8b,5,bbh_tracking_shuffled_objects_five_objects,all,valid_correct,0.00,100
0.8b,5,bbh_tracking_shuffled_objects_five_objects,all,in_system,0.00,100
0.8b,5,bbh_tracking_shuffled_objects_five_objects,all,valid_wrong,1.00,100
0.8b,5,bbh_tracking_shuffled_objects_seven_objects,all,has_proof,80.00,100
0.8b,5,bbh_tracking_shuffled_objects_seven_objects,all,grammatical,4.00,100
0.8b,5,bbh_tracking_shuffled_objects_seven_objects,all,valid,0.00,100
0.8b,5,bbh_tracking_shuffled_objects_seven_objects,all,grounded,2.00,100
0.8b,5,bbh_tracking_shuffled_objects_seven_objects,all,correct,9.00,100
0.8b,5,bbh_tracking_shuffled_objects_seven_objects,all,valid_correct,0.00,100
0.8b,5,bbh_tracking_shuffled_objects_seven_objects,all,in_system,0.00,100
0.8b,5,bbh_tracking_shuffled_objects_seven_objects,all,valid_wrong,0.00,100
0.8b,5,bbh_tracking_shuffled_objects_three_objects,all,has_proof,100.00,100
0.8b,5,bbh_tracking_shuffled_objects_three_objects,all,grammatical,1.00,100
0.8b,5,bbh_tracking_shuffled_objects_three_objects,all,valid,0.00,100
0.8b,5,bbh_tracking_shuffled_objects_three_objects,all,grounded,1.00,100
0.8b,5,bbh_tracking_shuffled_objects_three_objects,all,correct,17.00,100
0.8b,5,bbh_tracking_shuffled_objects_three_objects,all,valid_correct,0.00,100
0.8b,5,bbh_tracking_shuffled_objects_three_objects,all,in_system,0.00,100
0.8b,5,bbh_tracking_shuffled_objects_three_objects,all,valid_wrong,0.00,100
0.8b,5,bbh_web_of_lies,all,has_proof,100.00,100
0.8b,5,bbh_web_of_lies,all,grammatical,35.00,100
0.8b,5,bbh_web_of_lies,all,valid,0.00,100
0.8b,5,bbh_web_of_lies,all,grounded,21.00,100
0.8b,5,bbh_web_of_lies,all,correct,33.00,100
0.8b,5,bbh_web_of_lies,all,valid_correct,0.00,100
0.8b,5,bbh_web_of_lies,all,in_system,0.00,100
0.8b,5,bbh_web_of_lies,all,valid_wrong,0.00,100
0.8b,5,bbh_web_of_lies,answerable,has_proof,100.00,100
0.8b,5,bbh_web_of_lies,answerable,grammatical,35.00,100
0.8b,5,bbh_web_of_lies,answerable,valid,0.00,100
0.8b,5,bbh_web_of_lies,answerable,grounded,21.00,100
0.8b,5,bbh_web_of_lies,answerable,correct,33.00,100
0.8b,5,bbh_web_of_lies,answerable,valid_correct,0.00,100
0.8b,5,bbh_web_of_lies,answerable,in_system,0.00,100
0.8b,5,bbh_web_of_lies,answerable,valid_wrong,0.00,100
0.8b,5,bbh_word_sorting,all,has_proof,100.00,100
0.8b,5,bbh_word_sorting,all,grammatical,0.00,100
0.8b,5,bbh_word_sorting,all,valid,0.00,100
0.8b,5,bbh_word_sorting,all,grounded,0.00,100
0.8b,5,bbh_word_sorting,all,correct,0.00,100
0.8b,5,bbh_word_sorting,all,valid_correct,0.00,100
0.8b,5,bbh_word_sorting,all,in_system,0.00,100
0.8b,5,bbh_word_sorting,all,valid_wrong,0.00,100
0.8b,5,folio,all,has_proof,100.00,203
0.8b,5,folio,all,grammatical,12.32,203
0.8b,5,folio,all,valid,0.00,203
0.8b,5,folio,all,grounded,7.39,203
0.8b,5,folio,all,correct,24.14,203
0.8b,5,folio,all,valid_correct,0.00,203
0.8b,5,folio,all,in_system,0.00,203
0.8b,5,folio,all,valid_wrong,0.00,203
0.8b,5,folio,answerable,has_proof,100.00,134
0.8b,5,folio,answerable,grammatical,10.45,134
0.8b,5,folio,answerable,valid,0.00,134
0.8b,5,folio,answerable,grounded,7.46,134
0.8b,5,folio,answerable,correct,36.57,134
0.8b,5,folio,answerable,valid_correct,0.00,134
0.8b,5,folio,answerable,in_system,0.00,134
0.8b,5,folio,answerable,valid_wrong,0.00,134
0.8b,5,gpqa_diamond,all,has_proof,15.66,198
0.8b,5,gpqa_diamond,all,grammatical,0.00,198
0.8b,5,gpqa_diamond,all,valid,0.00,198
0.8b,5,gpqa_diamond,all,grounded,0.00,198
0.8b,5,gpqa_diamond,all,correct,11.62,198
0.8b,5,gpqa_diamond,all,valid_correct,0.00,198
0.8b,5,gpqa_diamond,all,in_system,0.00,198
0.8b,5,gpqa_diamond,all,valid_wrong,0.00,198
0.8b,5,gpqa_quant,all,has_proof,21.92,73
0.8b,5,gpqa_quant,all,grammatical,0.00,73
0.8b,5,gpqa_quant,all,valid,0.00,73
0.8b,5,gpqa_quant,all,grounded,0.00,73
0.8b,5,gpqa_quant,all,correct,8.22,73
0.8b,5,gpqa_quant,all,valid_correct,0.00,73
0.8b,5,gpqa_quant,all,in_system,0.00,73
0.8b,5,gpqa_quant,all,valid_wrong,0.00,73
0.8b,5,gpqa_rest,all,has_proof,12.00,125
0.8b,5,gpqa_rest,all,grammatical,0.00,125
0.8b,5,gpqa_rest,all,valid,0.00,125
0.8b,5,gpqa_rest,all,grounded,0.00,125
0.8b,5,gpqa_rest,all,correct,13.60,125
0.8b,5,gpqa_rest,all,valid_correct,0.00,125
0.8b,5,gpqa_rest,all,in_system,0.00,125
0.8b,5,gpqa_rest,all,valid_wrong,0.00,125
0.8b,5,gsm8k,all,has_proof,99.80,500
0.8b,5,gsm8k,all,grammatical,15.00,500
0.8b,5,gsm8k,all,valid,1.20,500
0.8b,5,gsm8k,all,grounded,9.80,500
0.8b,5,gsm8k,all,correct,19.80,500
0.8b,5,gsm8k,all,valid_correct,0.40,500
0.8b,5,gsm8k,all,in_system,0.40,500
0.8b,5,gsm8k,all,valid_wrong,0.80,500
0.8b,5,gsm8k,answerable,has_proof,99.80,500
0.8b,5,gsm8k,answerable,grammatical,15.00,500
0.8b,5,gsm8k,answerable,valid,1.20,500
0.8b,5,gsm8k,answerable,grounded,9.80,500
0.8b,5,gsm8k,answerable,correct,19.80,500
0.8b,5,gsm8k,answerable,valid_correct,0.40,500
0.8b,5,gsm8k,answerable,in_system,0.40,500
0.8b,5,gsm8k,answerable,valid_wrong,0.80,500
0.8b,5,hotpotqa,all,has_proof,0.00,200
0.8b,5,hotpotqa,all,grammatical,0.00,200
0.8b,5,hotpotqa,all,valid,0.00,200
0.8b,5,hotpotqa,all,grounded,0.00,200
0.8b,5,hotpotqa,all,correct,0.00,200
0.8b,5,hotpotqa,all,valid_correct,0.00,200
0.8b,5,hotpotqa,all,in_system,0.00,200
0.8b,5,hotpotqa,all,valid_wrong,0.00,200
0.8b,5,hotpotqa,all,f1,0.00,200
0.8b,5,logiqa,all,has_proof,41.78,651
0.8b,5,logiqa,all,grammatical,0.77,651
0.8b,5,logiqa,all,valid,0.00,651
0.8b,5,logiqa,all,grounded,0.31,651
0.8b,5,logiqa,all,correct,18.74,651
0.8b,5,logiqa,all,valid_correct,0.00,651
0.8b,5,logiqa,all,in_system,0.00,651
0.8b,5,logiqa,all,valid_wrong,0.00,651
0.8b,5,mmlu,all,has_proof,56.70,1000
0.8b,5,mmlu,all,grammatical,0.50,1000
0.8b,5,mmlu,all,valid,0.00,1000
0.8b,5,mmlu,all,grounded,0.10,1000
0.8b,5,mmlu,all,correct,16.90,1000
0.8b,5,mmlu,all,valid_correct,0.00,1000
0.8b,5,mmlu,all,in_system,0.00,1000
0.8b,5,mmlu,all,valid_wrong,0.00,1000
0.8b,5,musique,all,has_proof,0.00,200
0.8b,5,musique,all,grammatical,0.00,200
0.8b,5,musique,all,valid,0.00,200
0.8b,5,musique,all,grounded,0.00,200
0.8b,5,musique,all,correct,0.00,200
0.8b,5,musique,all,valid_correct,0.00,200
0.8b,5,musique,all,in_system,0.00,200
0.8b,5,musique,all,valid_wrong,0.00,200
0.8b,5,musique,all,f1,0.00,200
0.8b,5,pw_all,all,has_proof,100.00,2500
0.8b,5,pw_all,all,grammatical,29.08,2500
0.8b,5,pw_all,all,valid,3.04,2500
0.8b,5,pw_all,all,grounded,14.96,2500
0.8b,5,pw_all,all,correct,25.64,2500
0.8b,5,pw_all,all,valid_correct,2.24,2500
0.8b,5,pw_all,all,in_system,2.24,2500
0.8b,5,pw_all,all,valid_wrong,0.80,2500
0.8b,5,pw_all,answerable,has_proof,100.00,1753
0.8b,5,pw_all,answerable,grammatical,30.86,1753
0.8b,5,pw_all,answerable,valid,3.59,1753
0.8b,5,pw_all,answerable,grounded,16.09,1753
0.8b,5,pw_all,answerable,correct,36.57,1753
0.8b,5,pw_all,answerable,valid_correct,3.19,1753
0.8b,5,pw_all,answerable,in_system,3.19,1753
0.8b,5,pw_all,answerable,valid_wrong,0.40,1753
0.8b,5,pw_d0,all,has_proof,100.00,500
0.8b,5,pw_d0,all,grammatical,32.00,500
0.8b,5,pw_d0,all,valid,4.80,500
0.8b,5,pw_d0,all,grounded,18.40,500
0.8b,5,pw_d0,all,correct,18.60,500
0.8b,5,pw_d0,all,valid_correct,3.40,500
0.8b,5,pw_d0,all,in_system,3.40,500
0.8b,5,pw_d0,all,valid_wrong,1.40,500
0.8b,5,pw_d0,answerable,has_proof,100.00,226
0.8b,5,pw_d0,answerable,grammatical,31.42,226
0.8b,5,pw_d0,answerable,valid,8.85,226
0.8b,5,pw_d0,answerable,grounded,21.24,226
0.8b,5,pw_d0,answerable,correct,41.15,226
0.8b,5,pw_d0,answerable,valid_correct,7.52,226
0.8b,5,pw_d0,answerable,in_system,7.52,226
0.8b,5,pw_d0,answerable,valid_wrong,1.33,226
0.8b,5,pw_d1,all,has_proof,100.00,500
0.8b,5,pw_d1,all,grammatical,25.80,500
0.8b,5,pw_d1,all,valid,3.00,500
0.8b,5,pw_d1,all,grounded,13.00,500
0.8b,5,pw_d1,all,correct,18.20,500
0.8b,5,pw_d1,all,valid_correct,2.00,500
0.8b,5,pw_d1,all,in_system,2.00,500
0.8b,5,pw_d1,all,valid_wrong,1.00,500
0.8b,5,pw_d1,answerable,has_proof,100.00,255
0.8b,5,pw_d1,answerable,grammatical,33.33,255
0.8b,5,pw_d1,answerable,valid,4.31,255
0.8b,5,pw_d1,answerable,grounded,18.82,255
0.8b,5,pw_d1,answerable,correct,35.69,255
0.8b,5,pw_d1,answerable,valid_correct,3.92,255
0.8b,5,pw_d1,answerable,in_system,3.92,255
0.8b,5,pw_d1,answerable,valid_wrong,0.39,255
0.8b,5,pw_d2,all,has_proof,100.00,500
0.8b,5,pw_d2,all,grammatical,31.40,500
0.8b,5,pw_d2,all,valid,3.40,500
0.8b,5,pw_d2,all,grounded,17.40,500
0.8b,5,pw_d2,all,correct,29.40,500
0.8b,5,pw_d2,all,valid_correct,3.00,500
0.8b,5,pw_d2,all,in_system,3.00,500
0.8b,5,pw_d2,all,valid_wrong,0.40,500
0.8b,5,pw_d2,answerable,has_proof,100.00,382
0.8b,5,pw_d2,answerable,grammatical,34.55,382
0.8b,5,pw_d2,answerable,valid,4.19,382
0.8b,5,pw_d2,answerable,grounded,18.32,382
0.8b,5,pw_d2,answerable,correct,38.48,382
0.8b,5,pw_d2,answerable,valid_correct,3.93,382
0.8b,5,pw_d2,answerable,in_system,3.93,382
0.8b,5,pw_d2,answerable,valid_wrong,0.26,382
0.8b,5,pw_d3,all,has_proof,100.00,500
0.8b,5,pw_d3,all,grammatical,29.40,500
0.8b,5,pw_d3,all,valid,2.60,500
0.8b,5,pw_d3,all,grounded,15.60,500
0.8b,5,pw_d3,all,correct,29.40,500
0.8b,5,pw_d3,all,valid_correct,1.60,500
0.8b,5,pw_d3,all,in_system,1.60,500
0.8b,5,pw_d3,all,valid_wrong,1.00,500
0.8b,5,pw_d3,answerable,has_proof,100.00,413
0.8b,5,pw_d3,answerable,grammatical,30.27,413
0.8b,5,pw_d3,answerable,valid,2.42,413
0.8b,5,pw_d3,answerable,grounded,16.22,413
0.8b,5,pw_d3,answerable,correct,35.59,413
0.8b,5,pw_d3,answerable,valid_correct,1.94,413
0.8b,5,pw_d3,answerable,in_system,1.94,413
0.8b,5,pw_d3,answerable,valid_wrong,0.48,413
0.8b,5,pw_d5,all,has_proof,100.00,500
0.8b,5,pw_d5,all,grammatical,26.80,500
0.8b,5,pw_d5,all,valid,1.40,500
0.8b,5,pw_d5,all,grounded,10.40,500
0.8b,5,pw_d5,all,correct,32.60,500
0.8b,5,pw_d5,all,valid_correct,1.20,500
0.8b,5,pw_d5,all,in_system,1.20,500
0.8b,5,pw_d5,all,valid_wrong,0.20,500
0.8b,5,pw_d5,answerable,has_proof,100.00,477
0.8b,5,pw_d5,answerable,grammatical,26.83,477
0.8b,5,pw_d5,answerable,valid,1.26,477
0.8b,5,pw_d5,answerable,grounded,10.27,477
0.8b,5,pw_d5,answerable,correct,34.17,477
0.8b,5,pw_d5,answerable,valid_correct,1.26,477
0.8b,5,pw_d5,answerable,in_system,1.26,477
0.8b,5,pw_d5,answerable,valid_wrong,0.00,477
0.8b,10,overall,all,has_proof,84.79,9524
0.8b,10,overall,all,grammatical,15.82,9524
0.8b,10,overall,all,valid,1.77,9524
0.8b,10,overall,all,grounded,7.79,9524
0.8b,10,overall,all,correct,19.93,9524
0.8b,10,overall,all,valid_correct,1.24,9524
0.8b,10,overall,all,in_system,1.18,9524
0.8b,10,overall,all,valid_wrong,0.54,9524
0.8b,10,overall,all,f1,0.00,9524
0.8b,10,overall,answerable,has_proof,100.00,3187
0.8b,10,overall,answerable,grammatical,31.94,3187
0.8b,10,overall,answerable,valid,4.11,3187
0.8b,10,overall,answerable,grounded,16.07,3187
0.8b,10,overall,answerable,correct,33.82,3187
0.8b,10,overall,answerable,valid_correct,3.51,3187
0.8b,10,overall,answerable,in_system,3.51,3187
0.8b,10,overall,answerable,valid_wrong,0.60,3187
0.8b,10,bbh,all,has_proof,88.33,2700
0.8b,10,bbh,all,grammatical,7.00,2700
0.8b,10,bbh,all,valid,0.48,2700
0.8b,10,bbh,all,grounded,3.78,2700
0.8b,10,bbh,all,correct,15.44,2700
0.8b,10,bbh,all,valid_correct,0.19,2700
0.8b,10,bbh,all,in_system,0.04,2700
0.8b,10,bbh,all,valid_wrong,0.30,2700
0.8b,10,bbh,answerable,has_proof,100.00,800
0.8b,10,bbh,answerable,grammatical,10.75,800
0.8b,10,bbh,answerable,valid,0.38,800
0.8b,10,bbh,answerable,grounded,5.75,800
0.8b,10,bbh,answerable,correct,22.75,800
0.8b,10,bbh,answerable,valid_correct,0.12,800
0.8b,10,bbh,answerable,in_system,0.12,800
0.8b,10,bbh,answerable,valid_wrong,0.25,800
0.8b,10,deduction,all,has_proof,100.00,2703
0.8b,10,deduction,all,grammatical,41.10,2703
0.8b,10,deduction,all,valid,5.25,2703
0.8b,10,deduction,all,grounded,19.16,2703
0.8b,10,deduction,all,correct,30.26,2703
0.8b,10,deduction,all,valid_correct,4.00,2703
0.8b,10,deduction,all,in_system,4.00,2703
0.8b,10,deduction,all,valid_wrong,1.26,2703
0.8b,10,deduction,answerable,has_proof,100.00,1887
0.8b,10,deduction,answerable,grammatical,42.18,1887
0.8b,10,deduction,answerable,valid,6.36,1887
0.8b,10,deduction,answerable,grounded,20.40,1887
0.8b,10,deduction,answerable,correct,43.35,1887
0.8b,10,deduction,answerable,valid_correct,5.72,1887
0.8b,10,deduction,answerable,in_system,5.72,1887
0.8b,10,deduction,answerable,valid_wrong,0.64,1887
0.8b,10,gpqa,all,has_proof,43.43,198
0.8b,10,gpqa,all,grammatical,0.00,198
0.8b,10,gpqa,all,valid,0.00,198
0.8b,10,gpqa,all,grounded,0.00,198
0.8b,10,gpqa,all,correct,9.09,198
0.8b,10,gpqa,all,valid_correct,0.00,198
0.8b,10,gpqa,all,in_system,0.00,198
0.8b,10,gpqa,all,valid_wrong,0.00,198
0.8b,10,multihop,all,has_proof,0.00,600
0.8b,10,multihop,all,grammatical,0.00,600
0.8b,10,multihop,all,valid,0.00,600
0.8b,10,multihop,all,grounded,0.00,600
0.8b,10,multihop,all,correct,0.00,600
0.8b,10,multihop,all,valid_correct,0.00,600
0.8b,10,multihop,all,in_system,0.00,600
0.8b,10,multihop,all,valid_wrong,0.00,600
0.8b,10,multihop,all,f1,0.00,600
0.8b,10,standard,all,has_proof,87.30,3323
0.8b,10,standard,all,grammatical,6.23,3323
0.8b,10,standard,all,valid,0.42,3323
0.8b,10,standard,all,grounded,3.67,3323
0.8b,10,standard,all,correct,19.41,3323
0.8b,10,standard,all,valid_correct,0.15,3323
0.8b,10,standard,all,in_system,0.09,3323
0.8b,10,standard,all,valid_wrong,0.27,3323
0.8b,10,standard,answerable,has_proof,100.00,500
0.8b,10,standard,answerable,grammatical,27.20,500
0.8b,10,standard,answerable,valid,1.60,500
0.8b,10,standard,answerable,grounded,16.20,500
0.8b,10,standard,answerable,correct,15.60,500
0.8b,10,standard,answerable,valid_correct,0.60,500
0.8b,10,standard,answerable,in_system,0.60,500
0.8b,10,standard,answerable,valid_wrong,1.00,500
0.8b,10,2wikimqa,all,has_proof,0.00,200
0.8b,10,2wikimqa,all,grammatical,0.00,200
0.8b,10,2wikimqa,all,valid,0.00,200
0.8b,10,2wikimqa,all,grounded,0.00,200
0.8b,10,2wikimqa,all,correct,0.00,200
0.8b,10,2wikimqa,all,valid_correct,0.00,200
0.8b,10,2wikimqa,all,in_system,0.00,200
0.8b,10,2wikimqa,all,valid_wrong,0.00,200
0.8b,10,2wikimqa,all,f1,0.00,200
0.8b,10,arc_challenge,all,has_proof,91.30,1172
0.8b,10,arc_challenge,all,grammatical,3.75,1172
0.8b,10,arc_challenge,all,valid,0.43,1172
0.8b,10,arc_challenge,all,grounded,2.30,1172
0.8b,10,arc_challenge,all,correct,22.61,1172
0.8b,10,arc_challenge,all,valid_correct,0.09,1172
0.8b,10,arc_challenge,all,in_system,0.00,1172
0.8b,10,arc_challenge,all,valid_wrong,0.34,1172
0.8b,10,bbh_boolean_expressions,all,has_proof,100.00,100
0.8b,10,bbh_boolean_expressions,all,grammatical,0.00,100
0.8b,10,bbh_boolean_expressions,all,valid,0.00,100
0.8b,10,bbh_boolean_expressions,all,grounded,0.00,100
0.8b,10,bbh_boolean_expressions,all,correct,31.00,100
0.8b,10,bbh_boolean_expressions,all,valid_correct,0.00,100
0.8b,10,bbh_boolean_expressions,all,in_system,0.00,100
0.8b,10,bbh_boolean_expressions,all,valid_wrong,0.00,100
0.8b,10,bbh_boolean_expressions,answerable,has_proof,100.00,100
0.8b,10,bbh_boolean_expressions,answerable,grammatical,0.00,100
0.8b,10,bbh_boolean_expressions,answerable,valid,0.00,100
0.8b,10,bbh_boolean_expressions,answerable,grounded,0.00,100
0.8b,10,bbh_boolean_expressions,answerable,correct,31.00,100
0.8b,10,bbh_boolean_expressions,answerable,valid_correct,0.00,100
0.8b,10,bbh_boolean_expressions,answerable,in_system,0.00,100
0.8b,10,bbh_boolean_expressions,answerable,valid_wrong,0.00,100
0.8b,10,bbh_causal_judgement,all,has_proof,100.00,100
0.8b,10,bbh_causal_judgement,all,grammatical,18.00,100
0.8b,10,bbh_causal_judgement,all,valid,2.00,100
0.8b,10,bbh_causal_judgement,all,grounded,10.00,100
0.8b,10,bbh_causal_judgement,all,correct,26.00,100
0.8b,10,bbh_causal_judgement,all,valid_correct,1.00,100
0.8b,10,bbh_causal_judgement,all,in_system,1.00,100
0.8b,10,bbh_causal_judgement,all,valid_wrong,1.00,100
0.8b,10,bbh_causal_judgement,answerable,has_proof,100.00,100
0.8b,10,bbh_causal_judgement,answerable,grammatical,18.00,100
0.8b,10,bbh_causal_judgement,answerable,valid,2.00,100
0.8b,10,bbh_causal_judgement,answerable,grounded,10.00,100
0.8b,10,bbh_causal_judgement,answerable,correct,26.00,100
0.8b,10,bbh_causal_judgement,answerable,valid_correct,1.00,100
0.8b,10,bbh_causal_judgement,answerable,in_system,1.00,100
0.8b,10,bbh_causal_judgement,answerable,valid_wrong,1.00,100
0.8b,10,bbh_date_understanding,all,has_proof,100.00,100
0.8b,10,bbh_date_understanding,all,grammatical,0.00,100
0.8b,10,bbh_date_understanding,all,valid,0.00,100
0.8b,10,bbh_date_understanding,all,grounded,0.00,100
0.8b,10,bbh_date_understanding,all,correct,11.00,100
0.8b,10,bbh_date_understanding,all,valid_correct,0.00,100
0.8b,10,bbh_date_understanding,all,in_system,0.00,100
0.8b,10,bbh_date_understanding,all,valid_wrong,0.00,100
0.8b,10,bbh_disambiguation_qa,all,has_proof,0.00,100
0.8b,10,bbh_disambiguation_qa,all,grammatical,0.00,100
0.8b,10,bbh_disambiguation_qa,all,valid,0.00,100
0.8b,10,bbh_disambiguation_qa,all,grounded,0.00,100
0.8b,10,bbh_disambiguation_qa,all,correct,27.00,100
0.8b,10,bbh_disambiguation_qa,all,valid_correct,0.00,100
0.8b,10,bbh_disambiguation_qa,all,in_system,0.00,100
0.8b,10,bbh_disambiguation_qa,all,valid_wrong,0.00,100
0.8b,10,bbh_dyck_languages,all,has_proof,13.00,100
0.8b,10,bbh_dyck_languages,all,grammatical,0.00,100
0.8b,10,bbh_dyck_languages,all,valid,0.00,100
0.8b,10,bbh_dyck_languages,all,grounded,0.00,100
0.8b,10,bbh_dyck_languages,all,correct,0.00,100
0.8b,10,bbh_dyck_languages,all,valid_correct,0.00,100
0.8b,10,bbh_dyck_languages,all,in_system,0.00,100
0.8b,10,bbh_dyck_languages,all,valid_wrong,0.00,100
0.8b,10,bbh_formal_fallacies,all,has_proof,100.00,100
0.8b,10,bbh_formal_fallacies,all,grammatical,3.00,100
0.8b,10,bbh_formal_fallacies,all,valid,0.00,100
0.8b,10,bbh_formal_fallacies,all,grounded,1.00,100
0.8b,10,bbh_formal_fallacies,all,correct,22.00,100
0.8b,10,bbh_formal_fallacies,all,valid_correct,0.00,100
0.8b,10,bbh_formal_fallacies,all,in_system,0.00,100
0.8b,10,bbh_formal_fallacies,all,valid_wrong,0.00,100
0.8b,10,bbh_formal_fallacies,answerable,has_proof,100.00,100
0.8b,10,bbh_formal_fallacies,answerable,grammatical,3.00,100
0.8b,10,bbh_formal_fallacies,answerable,valid,0.00,100
0.8b,10,bbh_formal_fallacies,answerable,grounded,1.00,100
0.8b,10,bbh_formal_fallacies,answerable,correct,22.00,100
0.8b,10,bbh_formal_fallacies,answerable,valid_correct,0.00,100
0.8b,10,bbh_formal_fallacies,answerable,in_system,0.00,100
0.8b,10,bbh_formal_fallacies,answerable,valid_wrong,0.00,100
0.8b,10,bbh_geometric_shapes,all,has_proof,100.00,100
0.8b,10,bbh_geometric_shapes,all,grammatical,0.00,100
0.8b,10,bbh_geometric_shapes,all,valid,0.00,100
0.8b,10,bbh_geometric_shapes,all,grounded,0.00,100
0.8b,10,bbh_geometric_shapes,all,correct,2.00,100
0.8b,10,bbh_geometric_shapes,all,valid_correct,0.00,100
0.8b,10,bbh_geometric_shapes,all,in_system,0.00,100
0.8b,10,bbh_geometric_shapes,all,valid_wrong,0.00,100
0.8b,10,bbh_hyperbaton,all,has_proof,100.00,100
0.8b,10,bbh_hyperbaton,all,grammatical,0.00,100
0.8b,10,bbh_hyperbaton,all,valid,0.00,100
0.8b,10,bbh_hyperbaton,all,grounded,0.00,100
0.8b,10,bbh_hyperbaton,all,correct,13.00,100
0.8b,10,bbh_hyperbaton,all,valid_correct,0.00,100
0.8b,10,bbh_hyperbaton,all,in_system,0.00,100
0.8b,10,bbh_hyperbaton,all,valid_wrong,0.00,100
0.8b,10,bbh_logical_deduction_five_objects,all,has_proof,100.00,100
0.8b,10,bbh_logical_deduction_five_objects,all,grammatical,23.00,100
0.8b,10,bbh_logical_deduction_five_objects,all,valid,3.00,100
0.8b,10,bbh_logical_deduction_five_objects,all,grounded,16.00,100
0.8b,10,bbh_logical_deduction_five_objects,all,correct,15.00,100
0.8b,10,bbh_logical_deduction_five_objects,all,valid_correct,1.00,100
0.8b,10,bbh_logical_deduction_five_objects,all,in_system,0.00,100
0.8b,10,bbh_logical_deduction_five_objects,all,valid_wrong,2.00,100
0.8b,10,bbh_logical_deduction_seven_objects,all,has_proof,100.00,100
0.8b,10,bbh_logical_deduction_seven_objects,all,grammatical,15.00,100
0.8b,10,bbh_logical_deduction_seven_objects,all,valid,2.00,100
0.8b,10,bbh_logical_deduction_seven_objects,all,grounded,5.00,100
0.8b,10,bbh_logical_deduction_seven_objects,all,correct,8.00,100
0.8b,10,bbh_logical_deduction_seven_objects,all,valid_correct,1.00,100
0.8b,10,bbh_logical_deduction_seven_objects,all,in_system,0.00,100
0.8b,10,bbh_logical_deduction_seven_objects,all,valid_wrong,1.00,100
0.8b,10,bbh_logical_deduction_three_objects,all,has_proof,100.00,100
0.8b,10,bbh_logical_deduction_three_objects,all,grammatical,26.00,100
0.8b,10,bbh_logical_deduction_three_objects,all,valid,4.00,100
0.8b,10,bbh_logical_deduction_three_objects,all,grounded,20.00,100
0.8b,10,bbh_logical_deduction_three_objects,all,correct,19.00,100
0.8b,10,bbh_logical_deduction_three_objects,all,valid_correct,1.00,100
0.8b,10,bbh_logical_deduction_three_objects,all,in_system,0.00,100
0.8b,10,bbh_logical_deduction_three_objects,all,valid_wrong,3.00,100
0.8b,10,bbh_movie_recommendation,all,has_proof,100.00,100
0.8b,10,bbh_movie_recommendation,all,grammatical,0.00,100
0.8b,10,bbh_movie_recommendation,all,valid,0.00,100
0.8b,10,bbh_movie_recommendation,all,grounded,0.00,100
0.8b,10,bbh_movie_recommendation,all,correct,15.00,100
0.8b,10,bbh_movie_recommendation,all,valid_correct,0.00,100
0.8b,10,bbh_movie_recommendation,all,in_system,0.00,100
0.8b,10,bbh_movie_recommendation,all,valid_wrong,0.00,100
0.8b,10,bbh_multistep_arithmetic_two,all,has_proof,100.00,100
0.8b,10,bbh_multistep_arithmetic_two,all,grammatical,1.00,100
0.8b,10,bbh_multistep_arithmetic_two,all,valid,0.00,100
0.8b,10,bbh_multistep_arithmetic_two,all,grounded,0.00,100
0.8b,10,bbh_multistep_arithmetic_two,all,correct,1.00,100
0.8b,10,bbh_multistep_arithmetic_two,all,valid_correct,0.00,100
0.8b,10,bbh_multistep_arithmetic_two,all,in_system,0.00,100
0.8b,10,bbh_multistep_arithmetic_two,all,valid_wrong,0.00,100
0.8b,10,bbh_multistep_arithmetic_two,answerable,has_proof,100.00,100
0.8b,10,bbh_multistep_arithmetic_two,answerable,grammatical,1.00,100
0.8b,10,bbh_multistep_arithmetic_two,answerable,valid,0.00,100
0.8b,10,bbh_multistep_arithmetic_two,answerable,grounded,0.00,100
0.8b,10,bbh_multistep_arithmetic_two,answerable,correct,1.00,100
0.8b,10,bbh_multistep_arithmetic_two,answerable,valid_correct,0.00,100
0.8b,10,bbh_multistep_arithmetic_two,answerable,in_system,0.00,100
0.8b,10,bbh_multistep_arithmetic_two,answerable,valid_wrong,0.00,100
0.8b,10,bbh_navigate,all,has_proof,100.00,100
0.8b,10,bbh_navigate,all,grammatical,5.00,100
0.8b,10,bbh_navigate,all,valid,1.00,100
0.8b,10,bbh_navigate,all,grounded,2.00,100
0.8b,10,bbh_navigate,all,correct,11.00,100
0.8b,10,bbh_navigate,all,valid_correct,0.00,100
0.8b,10,bbh_navigate,all,in_system,0.00,100
0.8b,10,bbh_navigate,all,valid_wrong,1.00,100
0.8b,10,bbh_navigate,answerable,has_proof,100.00,100
0.8b,10,bbh_navigate,answerable,grammatical,5.00,100
0.8b,10,bbh_navigate,answerable,valid,1.00,100
0.8b,10,bbh_navigate,answerable,grounded,2.00,100
0.8b,10,bbh_navigate,answerable,correct,11.00,100
0.8b,10,bbh_navigate,answerable,valid_correct,0.00,100
0.8b,10,bbh_navigate,answerable,in_system,0.00,100
0.8b,10,bbh_navigate,answerable,valid_wrong,1.00,100
0.8b,10,bbh_object_counting,all,has_proof,100.00,100
0.8b,10,bbh_object_counting,all,grammatical,20.00,100
0.8b,10,bbh_object_counting,all,valid,0.00,100
0.8b,10,bbh_object_counting,all,grounded,7.00,100
0.8b,10,bbh_object_counting,all,correct,26.00,100
0.8b,10,bbh_object_counting,all,valid_correct,0.00,100
0.8b,10,bbh_object_counting,all,in_system,0.00,100
0.8b,10,bbh_object_counting,all,valid_wrong,0.00,100
0.8b,10,bbh_object_counting,answerable,has_proof,100.00,100
0.8b,10,bbh_object_counting,answerable,grammatical,20.00,100
0.8b,10,bbh_object_counting,answerable,valid,0.00,100
0.8b,10,bbh_object_counting,answerable,grounded,7.00,100
0.8b,10,bbh_object_counting,answerable,correct,26.00,100
0.8b,10,bbh_object_counting,answerable,valid_correct,0.00,100
0.8b,10,bbh_object_counting,answerable,in_system,0.00,100
0.8b,10,bbh_object_counting,answerable,valid_wrong,0.00,100
0.8b,10,bbh_penguins_in_a_table,all,has_proof,100.00,100
0.8b,10,bbh_penguins_in_a_table,all,grammatical,1.00,100
0.8b,10,bbh_penguins_in_a_table,all,valid,0.00,100
0.8b,10,bbh_penguins_in_a_table,all,grounded,1.00,100
0.8b,10,bbh_penguins_in_a_table,all,correct,30.00,100
0.8b,10,bbh_penguins_in_a_table,all,valid_correct,0.00,100
0.8b,10,bbh_penguins_in_a_table,all,in_system,0.00,100
0.8b,10,bbh_penguins_in_a_table,all,valid_wrong,0.00,100
0.8b,10,bbh_reasoning_about_colored_objects,all,has_proof,100.00,100
0.8b,10,bbh_reasoning_about_colored_objects,all,grammatical,9.00,100
0.8b,10,bbh_reasoning_about_colored_objects,all,valid,1.00,100
0.8b,10,bbh_reasoning_about_colored_objects,all,grounded,7.00,100
0.8b,10,bbh_reasoning_about_colored_objects,all,correct,25.00,100
0.8b,10,bbh_reasoning_about_colored_objects,all,valid_correct,1.00,100
0.8b,10,bbh_reasoning_about_colored_objects,all,in_system,0.00,100
0.8b,10,bbh_reasoning_about_colored_objects,all,valid_wrong,0.00,100
0.8b,10,bbh_ruin_names,all,has_proof,84.00,100
0.8b,10,bbh_ruin_names,all,grammatical,0.00,100
0.8b,10,bbh_ruin_names,all,valid,0.00,100
0.8b,10,bbh_ruin_names,all,grounded,0.00,100
0.8b,10,bbh_ruin_names,all,correct,14.00,100
0.8b,10,bbh_ruin_names,all,valid_correct,0.00,100
0.8b,10,bbh_ruin_names,all,in_system,0.00,100
0.8b,10,bbh_ruin_names,all,valid_wrong,0.00,100
0.8b,10,bbh_salient_translation_error_detection,all,has_proof,0.00,100
0.8b,10,bbh_salient_translation_error_detection,all,grammatical,0.00,100
0.8b,10,bbh_salient_translation_error_detection,all,valid,0.00,100
0.8b,10,bbh_salient_translation_error_detection,all,grounded,0.00,100
0.8b,10,bbh_salient_translation_error_detection,all,correct,9.00,100
0.8b,10,bbh_salient_translation_error_detection,all,valid_correct,0.00,100
0.8b,10,bbh_salient_translation_error_detection,all,in_system,0.00,100
0.8b,10,bbh_salient_translation_error_detection,all,valid_wrong,0.00,100
0.8b,10,bbh_snarks,all,has_proof,88.00,100
0.8b,10,bbh_snarks,all,grammatical,0.00,100
0.8b,10,bbh_snarks,all,valid,0.00,100
0.8b,10,bbh_snarks,all,grounded,0.00,100
0.8b,10,bbh_snarks,all,correct,20.00,100
0.8b,10,bbh_snarks,all,valid_correct,0.00,100
0.8b,10,bbh_snarks,all,in_system,0.00,100
0.8b,10,bbh_snarks,all,valid_wrong,0.00,100
0.8b,10,bbh_sports_understanding,all,has_proof,100.00,100
0.8b,10,bbh_sports_understanding,all,grammatical,2.00,100
0.8b,10,bbh_sports_understanding,all,valid,0.00,100
0.8b,10,bbh_sports_understanding,all,grounded,2.00,100
0.8b,10,bbh_sports_understanding,all,correct,29.00,100
0.8b,10,bbh_sports_understanding,all,valid_correct,0.00,100
0.8b,10,bbh_sports_understanding,all,in_system,0.00,100
0.8b,10,bbh_sports_understanding,all,valid_wrong,0.00,100
0.8b,10,bbh_sports_understanding,answerable,has_proof,100.00,100
0.8b,10,bbh_sports_understanding,answerable,grammatical,2.00,100
0.8b,10,bbh_sports_understanding,answerable,valid,0.00,100
0.8b,10,bbh_sports_understanding,answerable,grounded,2.00,100
0.8b,10,bbh_sports_understanding,answerable,correct,29.00,100
0.8b,10,bbh_sports_understanding,answerable,valid_correct,0.00,100
0.8b,10,bbh_sports_understanding,answerable,in_system,0.00,100
0.8b,10,bbh_sports_understanding,answerable,valid_wrong,0.00,100
0.8b,10,bbh_temporal_sequences,all,has_proof,100.00,100
0.8b,10,bbh_temporal_sequences,all,grammatical,0.00,100
0.8b,10,bbh_temporal_sequences,all,valid,0.00,100
0.8b,10,bbh_temporal_sequences,all,grounded,0.00,100
0.8b,10,bbh_temporal_sequences,all,correct,2.00,100
0.8b,10,bbh_temporal_sequences,all,valid_correct,0.00,100
0.8b,10,bbh_temporal_sequences,all,in_system,0.00,100
0.8b,10,bbh_temporal_sequences,all,valid_wrong,0.00,100
0.8b,10,bbh_tracking_shuffled_objects_five_objects,all,has_proof,100.00,100
0.8b,10,bbh_tracking_shuffled_objects_five_objects,all,grammatical,12.00,100
0.8b,10,bbh_tracking_shuffled_objects_five_objects,all,valid,0.00,100
0.8b,10,bbh_tracking_shuffled_objects_five_objects,all,grounded,3.00,100
0.8b,10,bbh_tracking_shuffled_objects_five_objects,all,correct,5.00,100
0.8b,10,bbh_tracking_shuffled_objects_five_objects,all,valid_correct,0.00,100
0.8b,10,bbh_tracking_shuffled_objects_five_objects,all,in_system,0.00,100
0.8b,10,bbh_tracking_shuffled_objects_five_objects,all,valid_wrong,0.00,100
0.8b,10,bbh_tracking_shuffled_objects_seven_objects,all,has_proof,100.00,100
0.8b,10,bbh_tracking_shuffled_objects_seven_objects,all,grammatical,9.00,100
0.8b,10,bbh_tracking_shuffled_objects_seven_objects,all,valid,0.00,100
0.8b,10,bbh_tracking_shuffled_objects_seven_objects,all,grounded,0.00,100
0.8b,10,bbh_tracking_shuffled_objects_seven_objects,all,correct,3.00,100
0.8b,10,bbh_tracking_shuffled_objects_seven_objects,all,valid_correct,0.00,100
0.8b,10,bbh_tracking_shuffled_objects_seven_objects,all,in_system,0.00,100
0.8b,10,bbh_tracking_shuffled_objects_seven_objects,all,valid_wrong,0.00,100
0.8b,10,bbh_tracking_shuffled_objects_three_objects,all,has_proof,100.00,100
0.8b,10,bbh_tracking_shuffled_objects_three_objects,all,grammatical,6.00,100
0.8b,10,bbh_tracking_shuffled_objects_three_objects,all,valid,0.00,100
0.8b,10,bbh_tracking_shuffled_objects_three_objects,all,grounded,4.00,100
0.8b,10,bbh_tracking_shuffled_objects_three_objects,all,correct,15.00,100
0.8b,10,bbh_tracking_shuffled_objects_three_objects,all,valid_correct,0.00,100
0.8b,10,bbh_tracking_shuffled_objects_three_objects,all,in_system,0.00,100
0.8b,10,bbh_tracking_shuffled_objects_three_objects,all,valid_wrong,0.00,100
0.8b,10,bbh_web_of_lies,all,has_proof,100.00,100
0.8b,10,bbh_web_of_lies,all,grammatical,37.00,100
0.8b,10,bbh_web_of_lies,all,valid,0.00,100
0.8b,10,bbh_web_of_lies,all,grounded,24.00,100
0.8b,10,bbh_web_of_lies,all,correct,36.00,100
0.8b,10,bbh_web_of_lies,all,valid_correct,0.00,100
0.8b,10,bbh_web_of_lies,all,in_system,0.00,100
0.8b,10,bbh_web_of_lies,all,valid_wrong,0.00,100
0.8b,10,bbh_web_of_lies,answerable,has_proof,100.00,100
0.8b,10,bbh_web_of_lies,answerable,grammatical,37.00,100
0.8b,10,bbh_web_of_lies,answerable,valid,0.00,100
0.8b,10,bbh_web_of_lies,answerable,grounded,24.00,100
0.8b,10,bbh_web_of_lies,answerable,correct,36.00,100
0.8b,10,bbh_web_of_lies,answerable,valid_correct,0.00,100
0.8b,10,bbh_web_of_lies,answerable,in_system,0.00,100
0.8b,10,bbh_web_of_lies,answerable,valid_wrong,0.00,100
0.8b,10,bbh_word_sorting,all,has_proof,100.00,100
0.8b,10,bbh_word_sorting,all,grammatical,2.00,100
0.8b,10,bbh_word_sorting,all,valid,0.00,100
0.8b,10,bbh_word_sorting,all,grounded,0.00,100
0.8b,10,bbh_word_sorting,all,correct,2.00,100
0.8b,10,bbh_word_sorting,all,valid_correct,0.00,100
0.8b,10,bbh_word_sorting,all,in_system,0.00,100
0.8b,10,bbh_word_sorting,all,valid_wrong,0.00,100
0.8b,10,folio,all,has_proof,100.00,203
0.8b,10,folio,all,grammatical,23.15,203
0.8b,10,folio,all,valid,1.48,203
0.8b,10,folio,all,grounded,12.81,203
0.8b,10,folio,all,correct,31.03,203
0.8b,10,folio,all,valid_correct,0.49,203
0.8b,10,folio,all,in_system,0.49,203
0.8b,10,folio,all,valid_wrong,0.99,203
0.8b,10,folio,answerable,has_proof,100.00,134
0.8b,10,folio,answerable,grammatical,22.39,134
0.8b,10,folio,answerable,valid,2.24,134
0.8b,10,folio,answerable,grounded,12.69,134
0.8b,10,folio,answerable,correct,47.01,134
0.8b,10,folio,answerable,valid_correct,0.75,134
0.8b,10,folio,answerable,in_system,0.75,134
0.8b,10,folio,answerable,valid_wrong,1.49,134
0.8b,10,gpqa_diamond,all,has_proof,43.43,198
0.8b,10,gpqa_diamond,all,grammatical,0.00,198
0.8b,10,gpqa_diamond,all,valid,0.00,198
0.8b,10,gpqa_diamond,all,grounded,0.00,198
0.8b,10,gpqa_diamond,all,correct,9.09,198
0.8b,10,gpqa_diamond,all,valid_correct,0.00,198
0.8b,10,gpqa_diamond,all,in_system,0.00,198
0.8b,10,gpqa_diamond,all,valid_wrong,0.00,198
0.8b,10,gpqa_quant,all,has_proof,58.90,73
0.8b,10,gpqa_quant,all,grammatical,0.00,73
0.8b,10,gpqa_quant,all,valid,0.00,73
0.8b,10,gpqa_quant,all,grounded,0.00,73
0.8b,10,gpqa_quant,all,correct,5.48,73
0.8b,10,gpqa_quant,all,valid_correct,0.00,73
0.8b,10,gpqa_quant,all,in_system,0.00,73
0.8b,10,gpqa_quant,all,valid_wrong,0.00,73
0.8b,10,gpqa_rest,all,has_proof,34.40,125
0.8b,10,gpqa_rest,all,grammatical,0.00,125
0.8b,10,gpqa_rest,all,valid,0.00,125
0.8b,10,gpqa_rest,all,grounded,0.00,125
0.8b,10,gpqa_rest,all,correct,11.20,125
0.8b,10,gpqa_rest,all,valid_correct,0.00,125
0.8b,10,gpqa_rest,all,in_system,0.00,125
0.8b,10,gpqa_rest,all,valid_wrong,0.00,125
0.8b,10,gsm8k,all,has_proof,100.00,500
0.8b,10,gsm8k,all,grammatical,27.20,500
0.8b,10,gsm8k,all,valid,1.60,500
0.8b,10,gsm8k,all,grounded,16.20,500
0.8b,10,gsm8k,all,correct,15.60,500
0.8b,10,gsm8k,all,valid_correct,0.60,500
0.8b,10,gsm8k,all,in_system,0.60,500
0.8b,10,gsm8k,all,valid_wrong,1.00,500
0.8b,10,gsm8k,answerable,has_proof,100.00,500
0.8b,10,gsm8k,answerable,grammatical,27.20,500
0.8b,10,gsm8k,answerable,valid,1.60,500
0.8b,10,gsm8k,answerable,grounded,16.20,500
0.8b,10,gsm8k,answerable,correct,15.60,500
0.8b,10,gsm8k,answerable,valid_correct,0.60,500
0.8b,10,gsm8k,answerable,in_system,0.60,500
0.8b,10,gsm8k,answerable,valid_wrong,1.00,500
0.8b,10,hotpotqa,all,has_proof,0.00,200
0.8b,10,hotpotqa,all,grammatical,0.00,200
0.8b,10,hotpotqa,all,valid,0.00,200
0.8b,10,hotpotqa,all,grounded,0.00,200
0.8b,10,hotpotqa,all,correct,0.00,200
0.8b,10,hotpotqa,all,valid_correct,0.00,200
0.8b,10,hotpotqa,all,in_system,0.00,200
0.8b,10,hotpotqa,all,valid_wrong,0.00,200
0.8b,10,hotpotqa,all,f1,0.00,200
0.8b,10,logiqa,all,has_proof,73.58,651
0.8b,10,logiqa,all,grammatical,0.92,651
0.8b,10,logiqa,all,valid,0.00,651
0.8b,10,logiqa,all,grounded,0.61,651
0.8b,10,logiqa,all,correct,15.67,651
0.8b,10,logiqa,all,valid_correct,0.00,651
0.8b,10,logiqa,all,in_system,0.00,651
0.8b,10,logiqa,all,valid_wrong,0.00,651
0.8b,10,mmlu,all,has_proof,85.20,1000
0.8b,10,mmlu,all,grammatical,2.10,1000
0.8b,10,mmlu,all,valid,0.10,1000
0.8b,10,mmlu,all,grounded,1.00,1000
0.8b,10,mmlu,all,correct,20.00,1000
0.8b,10,mmlu,all,valid_correct,0.10,1000
0.8b,10,mmlu,all,in_system,0.00,1000
0.8b,10,mmlu,all,valid_wrong,0.00,1000
0.8b,10,musique,all,has_proof,0.00,200
0.8b,10,musique,all,grammatical,0.00,200
0.8b,10,musique,all,valid,0.00,200
0.8b,10,musique,all,grounded,0.00,200
0.8b,10,musique,all,correct,0.00,200
0.8b,10,musique,all,valid_correct,0.00,200
0.8b,10,musique,all,in_system,0.00,200
0.8b,10,musique,all,valid_wrong,0.00,200
0.8b,10,musique,all,f1,0.00,200
0.8b,10,pw_all,all,has_proof,100.00,2500
0.8b,10,pw_all,all,grammatical,42.56,2500
0.8b,10,pw_all,all,valid,5.56,2500
0.8b,10,pw_all,all,grounded,19.68,2500
0.8b,10,pw_all,all,correct,30.20,2500
0.8b,10,pw_all,all,valid_correct,4.28,2500
0.8b,10,pw_all,all,in_system,4.28,2500
0.8b,10,pw_all,all,valid_wrong,1.28,2500
0.8b,10,pw_all,answerable,has_proof,100.00,1753
0.8b,10,pw_all,answerable,grammatical,43.70,1753
0.8b,10,pw_all,answerable,valid,6.67,1753
0.8b,10,pw_all,answerable,grounded,20.99,1753
0.8b,10,pw_all,answerable,correct,43.07,1753
0.8b,10,pw_all,answerable,valid_correct,6.10,1753
0.8b,10,pw_all,answerable,in_system,6.10,1753
0.8b,10,pw_all,answerable,valid_wrong,0.57,1753
0.8b,10,pw_d0,all,has_proof,100.00,500
0.8b,10,pw_d0,all,grammatical,46.00,500
0.8b,10,pw_d0,all,valid,7.80,500
0.8b,10,pw_d0,all,grounded,21.60,500
0.8b,10,pw_d0,all,correct,20.00,500
0.8b,10,pw_d0,all,valid_correct,5.40,500
0.8b,10,pw_d0,all,in_system,5.40,500
0.8b,10,pw_d0,all,valid_wrong,2.40,500
0.8b,10,pw_d0,answerable,has_proof,100.00,226
0.8b,10,pw_d0,answerable,grammatical,49.12,226
0.8b,10,pw_d0,answerable,valid,14.60,226
0.8b,10,pw_d0,answerable,grounded,29.65,226
0.8b,10,pw_d0,answerable,correct,44.25,226
0.8b,10,pw_d0,answerable,valid_correct,11.95,226
0.8b,10,pw_d0,answerable,in_system,11.95,226
0.8b,10,pw_d0,answerable,valid_wrong,2.65,226
0.8b,10,pw_d1,all,has_proof,100.00,500
0.8b,10,pw_d1,all,grammatical,39.60,500
0.8b,10,pw_d1,all,valid,6.60,500
0.8b,10,pw_d1,all,grounded,22.60,500
0.8b,10,pw_d1,all,correct,24.60,500
0.8b,10,pw_d1,all,valid_correct,5.00,500
0.8b,10,pw_d1,all,in_system,5.00,500
0.8b,10,pw_d1,all,valid_wrong,1.60,500
0.8b,10,pw_d1,answerable,has_proof,100.00,255
0.8b,10,pw_d1,answerable,grammatical,44.71,255
0.8b,10,pw_d1,answerable,valid,10.20,255
0.8b,10,pw_d1,answerable,grounded,29.02,255
0.8b,10,pw_d1,answerable,correct,48.24,255
0.8b,10,pw_d1,answerable,valid_correct,9.80,255
0.8b,10,pw_d1,answerable,in_system,9.80,255
0.8b,10,pw_d1,answerable,valid_wrong,0.39,255
0.8b,10,pw_d2,all,has_proof,100.00,500
0.8b,10,pw_d2,all,grammatical,47.60,500
0.8b,10,pw_d2,all,valid,5.40,500
0.8b,10,pw_d2,all,grounded,22.60,500
0.8b,10,pw_d2,all,correct,33.00,500
0.8b,10,pw_d2,all,valid_correct,4.60,500
0.8b,10,pw_d2,all,in_system,4.60,500
0.8b,10,pw_d2,all,valid_wrong,0.80,500
0.8b,10,pw_d2,answerable,has_proof,100.00,382
0.8b,10,pw_d2,answerable,grammatical,49.74,382
0.8b,10,pw_d2,answerable,valid,6.54,382
0.8b,10,pw_d2,answerable,grounded,23.56,382
0.8b,10,pw_d2,answerable,correct,43.19,382
0.8b,10,pw_d2,answerable,valid_correct,6.02,382
0.8b,10,pw_d2,answerable,in_system,6.02,382
0.8b,10,pw_d2,answerable,valid_wrong,0.52,382
0.8b,10,pw_d3,all,has_proof,100.00,500
0.8b,10,pw_d3,all,grammatical,43.80,500
0.8b,10,pw_d3,all,valid,5.20,500
0.8b,10,pw_d3,all,grounded,18.80,500
0.8b,10,pw_d3,all,correct,34.80,500
0.8b,10,pw_d3,all,valid_correct,4.00,500
0.8b,10,pw_d3,all,in_system,4.00,500
0.8b,10,pw_d3,all,valid_wrong,1.20,500
0.8b,10,pw_d3,answerable,has_proof,100.00,413
0.8b,10,pw_d3,answerable,grammatical,44.31,413
0.8b,10,pw_d3,answerable,valid,4.84,413
0.8b,10,pw_d3,answerable,grounded,18.89,413
0.8b,10,pw_d3,answerable,correct,42.13,413
0.8b,10,pw_d3,answerable,valid_correct,4.84,413
0.8b,10,pw_d3,answerable,in_system,4.84,413
0.8b,10,pw_d3,answerable,valid_wrong,0.00,413
0.8b,10,pw_d5,all,has_proof,100.00,500
0.8b,10,pw_d5,all,grammatical,35.80,500
0.8b,10,pw_d5,all,valid,2.80,500
0.8b,10,pw_d5,all,grounded,12.80,500
0.8b,10,pw_d5,all,correct,38.60,500
0.8b,10,pw_d5,all,valid_correct,2.40,500
0.8b,10,pw_d5,all,in_system,2.40,500
0.8b,10,pw_d5,all,valid_wrong,0.40,500
0.8b,10,pw_d5,answerable,has_proof,100.00,477
0.8b,10,pw_d5,answerable,grammatical,35.22,477
0.8b,10,pw_d5,answerable,valid,2.73,477
0.8b,10,pw_d5,answerable,grounded,12.37,477
0.8b,10,pw_d5,answerable,correct,40.46,477
0.8b,10,pw_d5,answerable,valid_correct,2.52,477
0.8b,10,pw_d5,answerable,in_system,2.52,477
0.8b,10,pw_d5,answerable,valid_wrong,0.21,477
0.8b,15,overall,all,has_proof,86.55,9524
0.8b,15,overall,all,grammatical,19.07,9524
0.8b,15,overall,all,valid,2.11,9524
0.8b,15,overall,all,grounded,9.10,9524
0.8b,15,overall,all,correct,23.35,9524
0.8b,15,overall,all,valid_correct,1.48,9524
0.8b,15,overall,all,in_system,1.35,9524
0.8b,15,overall,all,valid_wrong,0.63,9524
0.8b,15,overall,all,f1,0.00,9524
0.8b,15,overall,answerable,has_proof,100.00,3187
0.8b,15,overall,answerable,grammatical,37.68,3187
0.8b,15,overall,answerable,valid,4.77,3187
0.8b,15,overall,answerable,grounded,18.29,3187
0.8b,15,overall,answerable,correct,37.25,3187
0.8b,15,overall,answerable,valid_correct,4.05,3187
0.8b,15,overall,answerable,in_system,4.05,3187
0.8b,15,overall,answerable,valid_wrong,0.72,3187
0.8b,15,bbh,all,has_proof,88.93,2700
0.8b,15,bbh,all,grammatical,8.59,2700
0.8b,15,bbh,all,valid,0.70,2700
0.8b,15,bbh,all,grounded,5.52,2700
0.8b,15,bbh,all,correct,19.41,2700
0.8b,15,bbh,all,valid_correct,0.30,2700
0.8b,15,bbh,all,in_system,0.11,2700
0.8b,15,bbh,all,valid_wrong,0.41,2700
0.8b,15,bbh,answerable,has_proof,100.00,800
0.8b,15,bbh,answerable,grammatical,14.88,800
0.8b,15,bbh,answerable,valid,0.75,800
0.8b,15,bbh,answerable,grounded,9.00,800
0.8b,15,bbh,answerable,correct,27.25,800
0.8b,15,bbh,answerable,valid_correct,0.38,800
0.8b,15,bbh,answerable,in_system,0.38,800
0.8b,15,bbh,answerable,valid_wrong,0.38,800
0.8b,15,deduction,all,has_proof,100.00,2703
0.8b,15,deduction,all,grammatical,49.76,2703
0.8b,15,deduction,all,valid,5.73,2703
0.8b,15,deduction,all,grounded,22.38,2703
0.8b,15,deduction,all,correct,32.41,2703
0.8b,15,deduction,all,valid_correct,4.51,2703
0.8b,15,deduction,all,in_system,4.51,2703
0.8b,15,deduction,all,valid_wrong,1.22,2703
0.8b,15,deduction,answerable,has_proof,100.00,1887
0.8b,15,deduction,answerable,grammatical,51.25,1887
0.8b,15,deduction,answerable,valid,7.26,1887
0.8b,15,deduction,answerable,grounded,24.48,1887
0.8b,15,deduction,answerable,correct,46.42,1887
0.8b,15,deduction,answerable,valid_correct,6.47,1887
0.8b,15,deduction,answerable,in_system,6.47,1887
0.8b,15,deduction,answerable,valid_wrong,0.79,1887
0.8b,15,gpqa,all,has_proof,52.02,198
0.8b,15,gpqa,all,grammatical,0.00,198
0.8b,15,gpqa,all,valid,0.00,198
0.8b,15,gpqa,all,grounded,0.00,198
0.8b,15,gpqa,all,correct,17.17,198
0.8b,15,gpqa,all,valid_correct,0.00,198
0.8b,15,gpqa,all,in_system,0.00,198
0.8b,15,gpqa,all,valid_wrong,0.00,198
0.8b,15,multihop,all,has_proof,0.00,600
0.8b,15,multihop,all,grammatical,0.00,600
0.8b,15,multihop,all,valid,0.00,600
0.8b,15,multihop,all,grounded,0.00,600
0.8b,15,multihop,all,correct,0.00,600
0.8b,15,multihop,all,valid_correct,0.00,600
0.8b,15,multihop,all,in_system,0.00,600
0.8b,15,multihop,all,valid_wrong,0.00,600
0.8b,15,multihop,all,f1,0.00,600
0.8b,15,standard,all,has_proof,91.36,3323
0.8b,15,standard,all,grammatical,7.19,3323
0.8b,15,standard,all,valid,0.81,3323
0.8b,15,standard,all,grounded,3.40,3323
0.8b,15,standard,all,correct,23.77,3323
0.8b,15,standard,all,valid_correct,0.33,3323
0.8b,15,standard,all,in_system,0.12,3323
0.8b,15,standard,all,valid_wrong,0.48,3323
0.8b,15,standard,answerable,has_proof,100.00,500
0.8b,15,standard,answerable,grammatical,23.00,500
0.8b,15,standard,answerable,valid,1.80,500
0.8b,15,standard,answerable,grounded,9.80,500
0.8b,15,standard,answerable,correct,18.60,500
0.8b,15,standard,answerable,valid_correct,0.80,500
0.8b,15,standard,answerable,in_system,0.80,500
0.8b,15,standard,answerable,valid_wrong,1.00,500
0.8b,15,2wikimqa,all,has_proof,0.00,200
0.8b,15,2wikimqa,all,grammatical,0.00,200
0.8b,15,2wikimqa,all,valid,0.00,200
0.8b,15,2wikimqa,all,grounded,0.00,200
0.8b,15,2wikimqa,all,correct,0.00,200
0.8b,15,2wikimqa,all,valid_correct,0.00,200
0.8b,15,2wikimqa,all,in_system,0.00,200
0.8b,15,2wikimqa,all,valid_wrong,0.00,200
0.8b,15,2wikimqa,all,f1,0.00,200
0.8b,15,arc_challenge,all,has_proof,94.62,1172
0.8b,15,arc_challenge,all,grammatical,5.97,1172
0.8b,15,arc_challenge,all,valid,0.94,1172
0.8b,15,arc_challenge,all,grounded,2.90,1172
0.8b,15,arc_challenge,all,correct,28.24,1172
0.8b,15,arc_challenge,all,valid_correct,0.43,1172
0.8b,15,arc_challenge,all,in_system,0.00,1172
0.8b,15,arc_challenge,all,valid_wrong,0.51,1172
0.8b,15,bbh_boolean_expressions,all,has_proof,100.00,100
0.8b,15,bbh_boolean_expressions,all,grammatical,1.00,100
0.8b,15,bbh_boolean_expressions,all,valid,0.00,100
0.8b,15,bbh_boolean_expressions,all,grounded,0.00,100
0.8b,15,bbh_boolean_expressions,all,correct,25.00,100
0.8b,15,bbh_boolean_expressions,all,valid_correct,0.00,100
0.8b,15,bbh_boolean_expressions,all,in_system,0.00,100
0.8b,15,bbh_boolean_expressions,all,valid_wrong,0.00,100
0.8b,15,bbh_boolean_expressions,answerable,has_proof,100.00,100
0.8b,15,bbh_boolean_expressions,answerable,grammatical,1.00,100
0.8b,15,bbh_boolean_expressions,answerable,valid,0.00,100
0.8b,15,bbh_boolean_expressions,answerable,grounded,0.00,100
0.8b,15,bbh_boolean_expressions,answerable,correct,25.00,100
0.8b,15,bbh_boolean_expressions,answerable,valid_correct,0.00,100
0.8b,15,bbh_boolean_expressions,answerable,in_system,0.00,100
0.8b,15,bbh_boolean_expressions,answerable,valid_wrong,0.00,100
0.8b,15,bbh_causal_judgement,all,has_proof,100.00,100
0.8b,15,bbh_causal_judgement,all,grammatical,25.00,100
0.8b,15,bbh_causal_judgement,all,valid,1.00,100
0.8b,15,bbh_causal_judgement,all,grounded,13.00,100
0.8b,15,bbh_causal_judgement,all,correct,33.00,100
0.8b,15,bbh_causal_judgement,all,valid_correct,0.00,100
0.8b,15,bbh_causal_judgement,all,in_system,0.00,100
0.8b,15,bbh_causal_judgement,all,valid_wrong,1.00,100
0.8b,15,bbh_causal_judgement,answerable,has_proof,100.00,100
0.8b,15,bbh_causal_judgement,answerable,grammatical,25.00,100
0.8b,15,bbh_causal_judgement,answerable,valid,1.00,100
0.8b,15,bbh_causal_judgement,answerable,grounded,13.00,100
0.8b,15,bbh_causal_judgement,answerable,correct,33.00,100
0.8b,15,bbh_causal_judgement,answerable,valid_correct,0.00,100
0.8b,15,bbh_causal_judgement,answerable,in_system,0.00,100
0.8b,15,bbh_causal_judgement,answerable,valid_wrong,1.00,100
0.8b,15,bbh_date_understanding,all,has_proof,100.00,100
0.8b,15,bbh_date_understanding,all,grammatical,1.00,100
0.8b,15,bbh_date_understanding,all,valid,0.00,100
0.8b,15,bbh_date_understanding,all,grounded,0.00,100
0.8b,15,bbh_date_understanding,all,correct,11.00,100
0.8b,15,bbh_date_understanding,all,valid_correct,0.00,100
0.8b,15,bbh_date_understanding,all,in_system,0.00,100
0.8b,15,bbh_date_understanding,all,valid_wrong,0.00,100
0.8b,15,bbh_disambiguation_qa,all,has_proof,0.00,100
0.8b,15,bbh_disambiguation_qa,all,grammatical,0.00,100
0.8b,15,bbh_disambiguation_qa,all,valid,0.00,100
0.8b,15,bbh_disambiguation_qa,all,grounded,0.00,100
0.8b,15,bbh_disambiguation_qa,all,correct,32.00,100
0.8b,15,bbh_disambiguation_qa,all,valid_correct,0.00,100
0.8b,15,bbh_disambiguation_qa,all,in_system,0.00,100
0.8b,15,bbh_disambiguation_qa,all,valid_wrong,0.00,100
0.8b,15,bbh_dyck_languages,all,has_proof,12.00,100
0.8b,15,bbh_dyck_languages,all,grammatical,0.00,100
0.8b,15,bbh_dyck_languages,all,valid,0.00,100
0.8b,15,bbh_dyck_languages,all,grounded,0.00,100
0.8b,15,bbh_dyck_languages,all,correct,0.00,100
0.8b,15,bbh_dyck_languages,all,valid_correct,0.00,100
0.8b,15,bbh_dyck_languages,all,in_system,0.00,100
0.8b,15,bbh_dyck_languages,all,valid_wrong,0.00,100
0.8b,15,bbh_formal_fallacies,all,has_proof,100.00,100
0.8b,15,bbh_formal_fallacies,all,grammatical,8.00,100
0.8b,15,bbh_formal_fallacies,all,valid,0.00,100
0.8b,15,bbh_formal_fallacies,all,grounded,6.00,100
0.8b,15,bbh_formal_fallacies,all,correct,28.00,100
0.8b,15,bbh_formal_fallacies,all,valid_correct,0.00,100
0.8b,15,bbh_formal_fallacies,all,in_system,0.00,100
0.8b,15,bbh_formal_fallacies,all,valid_wrong,0.00,100
0.8b,15,bbh_formal_fallacies,answerable,has_proof,100.00,100
0.8b,15,bbh_formal_fallacies,answerable,grammatical,8.00,100
0.8b,15,bbh_formal_fallacies,answerable,valid,0.00,100
0.8b,15,bbh_formal_fallacies,answerable,grounded,6.00,100
0.8b,15,bbh_formal_fallacies,answerable,correct,28.00,100
0.8b,15,bbh_formal_fallacies,answerable,valid_correct,0.00,100
0.8b,15,bbh_formal_fallacies,answerable,in_system,0.00,100
0.8b,15,bbh_formal_fallacies,answerable,valid_wrong,0.00,100
0.8b,15,bbh_geometric_shapes,all,has_proof,100.00,100
0.8b,15,bbh_geometric_shapes,all,grammatical,0.00,100
0.8b,15,bbh_geometric_shapes,all,valid,0.00,100
0.8b,15,bbh_geometric_shapes,all,grounded,0.00,100
0.8b,15,bbh_geometric_shapes,all,correct,8.00,100
0.8b,15,bbh_geometric_shapes,all,valid_correct,0.00,100
0.8b,15,bbh_geometric_shapes,all,in_system,0.00,100
0.8b,15,bbh_geometric_shapes,all,valid_wrong,0.00,100
0.8b,15,bbh_hyperbaton,all,has_proof,100.00,100
0.8b,15,bbh_hyperbaton,all,grammatical,0.00,100
0.8b,15,bbh_hyperbaton,all,valid,0.00,100
0.8b,15,bbh_hyperbaton,all,grounded,0.00,100
0.8b,15,bbh_hyperbaton,all,correct,49.00,100
0.8b,15,bbh_hyperbaton,all,valid_correct,0.00,100
0.8b,15,bbh_hyperbaton,all,in_system,0.00,100
0.8b,15,bbh_hyperbaton,all,valid_wrong,0.00,100
0.8b,15,bbh_logical_deduction_five_objects,all,has_proof,100.00,100
0.8b,15,bbh_logical_deduction_five_objects,all,grammatical,12.00,100
0.8b,15,bbh_logical_deduction_five_objects,all,valid,4.00,100
0.8b,15,bbh_logical_deduction_five_objects,all,grounded,8.00,100
0.8b,15,bbh_logical_deduction_five_objects,all,correct,19.00,100
0.8b,15,bbh_logical_deduction_five_objects,all,valid_correct,1.00,100
0.8b,15,bbh_logical_deduction_five_objects,all,in_system,0.00,100
0.8b,15,bbh_logical_deduction_five_objects,all,valid_wrong,3.00,100
0.8b,15,bbh_logical_deduction_seven_objects,all,has_proof,100.00,100
0.8b,15,bbh_logical_deduction_seven_objects,all,grammatical,16.00,100
0.8b,15,bbh_logical_deduction_seven_objects,all,valid,3.00,100
0.8b,15,bbh_logical_deduction_seven_objects,all,grounded,9.00,100
0.8b,15,bbh_logical_deduction_seven_objects,all,correct,13.00,100
0.8b,15,bbh_logical_deduction_seven_objects,all,valid_correct,0.00,100
0.8b,15,bbh_logical_deduction_seven_objects,all,in_system,0.00,100
0.8b,15,bbh_logical_deduction_seven_objects,all,valid_wrong,3.00,100
0.8b,15,bbh_logical_deduction_three_objects,all,has_proof,100.00,100
0.8b,15,bbh_logical_deduction_three_objects,all,grammatical,29.00,100
0.8b,15,bbh_logical_deduction_three_objects,all,valid,4.00,100
0.8b,15,bbh_logical_deduction_three_objects,all,grounded,24.00,100
0.8b,15,bbh_logical_deduction_three_objects,all,correct,23.00,100
0.8b,15,bbh_logical_deduction_three_objects,all,valid_correct,2.00,100
0.8b,15,bbh_logical_deduction_three_objects,all,in_system,0.00,100
0.8b,15,bbh_logical_deduction_three_objects,all,valid_wrong,2.00,100
0.8b,15,bbh_movie_recommendation,all,has_proof,100.00,100
0.8b,15,bbh_movie_recommendation,all,grammatical,0.00,100
0.8b,15,bbh_movie_recommendation,all,valid,0.00,100
0.8b,15,bbh_movie_recommendation,all,grounded,0.00,100
0.8b,15,bbh_movie_recommendation,all,correct,13.00,100
0.8b,15,bbh_movie_recommendation,all,valid_correct,0.00,100
0.8b,15,bbh_movie_recommendation,all,in_system,0.00,100
0.8b,15,bbh_movie_recommendation,all,valid_wrong,0.00,100
0.8b,15,bbh_multistep_arithmetic_two,all,has_proof,100.00,100
0.8b,15,bbh_multistep_arithmetic_two,all,grammatical,3.00,100
0.8b,15,bbh_multistep_arithmetic_two,all,valid,0.00,100
0.8b,15,bbh_multistep_arithmetic_two,all,grounded,0.00,100
0.8b,15,bbh_multistep_arithmetic_two,all,correct,2.00,100
0.8b,15,bbh_multistep_arithmetic_two,all,valid_correct,0.00,100
0.8b,15,bbh_multistep_arithmetic_two,all,in_system,0.00,100
0.8b,15,bbh_multistep_arithmetic_two,all,valid_wrong,0.00,100
0.8b,15,bbh_multistep_arithmetic_two,answerable,has_proof,100.00,100
0.8b,15,bbh_multistep_arithmetic_two,answerable,grammatical,3.00,100
0.8b,15,bbh_multistep_arithmetic_two,answerable,valid,0.00,100
0.8b,15,bbh_multistep_arithmetic_two,answerable,grounded,0.00,100
0.8b,15,bbh_multistep_arithmetic_two,answerable,correct,2.00,100
0.8b,15,bbh_multistep_arithmetic_two,answerable,valid_correct,0.00,100
0.8b,15,bbh_multistep_arithmetic_two,answerable,in_system,0.00,100
0.8b,15,bbh_multistep_arithmetic_two,answerable,valid_wrong,0.00,100
0.8b,15,bbh_navigate,all,has_proof,100.00,100
0.8b,15,bbh_navigate,all,grammatical,10.00,100
0.8b,15,bbh_navigate,all,valid,3.00,100
0.8b,15,bbh_navigate,all,grounded,7.00,100
0.8b,15,bbh_navigate,all,correct,22.00,100
0.8b,15,bbh_navigate,all,valid_correct,1.00,100
0.8b,15,bbh_navigate,all,in_system,1.00,100
0.8b,15,bbh_navigate,all,valid_wrong,2.00,100
0.8b,15,bbh_navigate,answerable,has_proof,100.00,100
0.8b,15,bbh_navigate,answerable,grammatical,10.00,100
0.8b,15,bbh_navigate,answerable,valid,3.00,100
0.8b,15,bbh_navigate,answerable,grounded,7.00,100
0.8b,15,bbh_navigate,answerable,correct,22.00,100
0.8b,15,bbh_navigate,answerable,valid_correct,1.00,100
0.8b,15,bbh_navigate,answerable,in_system,1.00,100
0.8b,15,bbh_navigate,answerable,valid_wrong,2.00,100
0.8b,15,bbh_object_counting,all,has_proof,100.00,100
0.8b,15,bbh_object_counting,all,grammatical,17.00,100
0.8b,15,bbh_object_counting,all,valid,0.00,100
0.8b,15,bbh_object_counting,all,grounded,4.00,100
0.8b,15,bbh_object_counting,all,correct,26.00,100
0.8b,15,bbh_object_counting,all,valid_correct,0.00,100
0.8b,15,bbh_object_counting,all,in_system,0.00,100
0.8b,15,bbh_object_counting,all,valid_wrong,0.00,100
0.8b,15,bbh_object_counting,answerable,has_proof,100.00,100
0.8b,15,bbh_object_counting,answerable,grammatical,17.00,100
0.8b,15,bbh_object_counting,answerable,valid,0.00,100
0.8b,15,bbh_object_counting,answerable,grounded,4.00,100
0.8b,15,bbh_object_counting,answerable,correct,26.00,100
0.8b,15,bbh_object_counting,answerable,valid_correct,0.00,100
0.8b,15,bbh_object_counting,answerable,in_system,0.00,100
0.8b,15,bbh_object_counting,answerable,valid_wrong,0.00,100
0.8b,15,bbh_penguins_in_a_table,all,has_proof,100.00,100
0.8b,15,bbh_penguins_in_a_table,all,grammatical,3.00,100
0.8b,15,bbh_penguins_in_a_table,all,valid,0.00,100
0.8b,15,bbh_penguins_in_a_table,all,grounded,2.00,100
0.8b,15,bbh_penguins_in_a_table,all,correct,29.00,100
0.8b,15,bbh_penguins_in_a_table,all,valid_correct,0.00,100
0.8b,15,bbh_penguins_in_a_table,all,in_system,0.00,100
0.8b,15,bbh_penguins_in_a_table,all,valid_wrong,0.00,100
0.8b,15,bbh_reasoning_about_colored_objects,all,has_proof,100.00,100
0.8b,15,bbh_reasoning_about_colored_objects,all,grammatical,4.00,100
0.8b,15,bbh_reasoning_about_colored_objects,all,valid,2.00,100
0.8b,15,bbh_reasoning_about_colored_objects,all,grounded,4.00,100
0.8b,15,bbh_reasoning_about_colored_objects,all,correct,34.00,100
0.8b,15,bbh_reasoning_about_colored_objects,all,valid_correct,2.00,100
0.8b,15,bbh_reasoning_about_colored_objects,all,in_system,0.00,100
0.8b,15,bbh_reasoning_about_colored_objects,all,valid_wrong,0.00,100
0.8b,15,bbh_ruin_names,all,has_proof,96.00,100
0.8b,15,bbh_ruin_names,all,grammatical,0.00,100
0.8b,15,bbh_ruin_names,all,valid,0.00,100
0.8b,15,bbh_ruin_names,all,grounded,0.00,100
0.8b,15,bbh_ruin_names,all,correct,14.00,100
0.8b,15,bbh_ruin_names,all,valid_correct,0.00,100
0.8b,15,bbh_ruin_names,all,in_system,0.00,100
0.8b,15,bbh_ruin_names,all,valid_wrong,0.00,100
0.8b,15,bbh_salient_translation_error_detection,all,has_proof,0.00,100
0.8b,15,bbh_salient_translation_error_detection,all,grammatical,0.00,100
0.8b,15,bbh_salient_translation_error_detection,all,valid,0.00,100
0.8b,15,bbh_salient_translation_error_detection,all,grounded,0.00,100
0.8b,15,bbh_salient_translation_error_detection,all,correct,9.00,100
0.8b,15,bbh_salient_translation_error_detection,all,valid_correct,0.00,100
0.8b,15,bbh_salient_translation_error_detection,all,in_system,0.00,100
0.8b,15,bbh_salient_translation_error_detection,all,valid_wrong,0.00,100
0.8b,15,bbh_snarks,all,has_proof,93.00,100
0.8b,15,bbh_snarks,all,grammatical,0.00,100
0.8b,15,bbh_snarks,all,valid,0.00,100
0.8b,15,bbh_snarks,all,grounded,0.00,100
0.8b,15,bbh_snarks,all,correct,29.00,100
0.8b,15,bbh_snarks,all,valid_correct,0.00,100
0.8b,15,bbh_snarks,all,in_system,0.00,100
0.8b,15,bbh_snarks,all,valid_wrong,0.00,100
0.8b,15,bbh_sports_understanding,all,has_proof,100.00,100
0.8b,15,bbh_sports_understanding,all,grammatical,1.00,100
0.8b,15,bbh_sports_understanding,all,valid,0.00,100
0.8b,15,bbh_sports_understanding,all,grounded,1.00,100
0.8b,15,bbh_sports_understanding,all,correct,42.00,100
0.8b,15,bbh_sports_understanding,all,valid_correct,0.00,100
0.8b,15,bbh_sports_understanding,all,in_system,0.00,100
0.8b,15,bbh_sports_understanding,all,valid_wrong,0.00,100
0.8b,15,bbh_sports_understanding,answerable,has_proof,100.00,100
0.8b,15,bbh_sports_understanding,answerable,grammatical,1.00,100
0.8b,15,bbh_sports_understanding,answerable,valid,0.00,100
0.8b,15,bbh_sports_understanding,answerable,grounded,1.00,100
0.8b,15,bbh_sports_understanding,answerable,correct,42.00,100
0.8b,15,bbh_sports_understanding,answerable,valid_correct,0.00,100
0.8b,15,bbh_sports_understanding,answerable,in_system,0.00,100
0.8b,15,bbh_sports_understanding,answerable,valid_wrong,0.00,100
0.8b,15,bbh_temporal_sequences,all,has_proof,100.00,100
0.8b,15,bbh_temporal_sequences,all,grammatical,22.00,100
0.8b,15,bbh_temporal_sequences,all,valid,0.00,100
0.8b,15,bbh_temporal_sequences,all,grounded,21.00,100
0.8b,15,bbh_temporal_sequences,all,correct,4.00,100
0.8b,15,bbh_temporal_sequences,all,valid_correct,0.00,100
0.8b,15,bbh_temporal_sequences,all,in_system,0.00,100
0.8b,15,bbh_temporal_sequences,all,valid_wrong,0.00,100
0.8b,15,bbh_tracking_shuffled_objects_five_objects,all,has_proof,100.00,100
0.8b,15,bbh_tracking_shuffled_objects_five_objects,all,grammatical,4.00,100
0.8b,15,bbh_tracking_shuffled_objects_five_objects,all,valid,0.00,100
0.8b,15,bbh_tracking_shuffled_objects_five_objects,all,grounded,1.00,100
0.8b,15,bbh_tracking_shuffled_objects_five_objects,all,correct,3.00,100
0.8b,15,bbh_tracking_shuffled_objects_five_objects,all,valid_correct,0.00,100
0.8b,15,bbh_tracking_shuffled_objects_five_objects,all,in_system,0.00,100
0.8b,15,bbh_tracking_shuffled_objects_five_objects,all,valid_wrong,0.00,100
0.8b,15,bbh_tracking_shuffled_objects_seven_objects,all,has_proof,100.00,100
0.8b,15,bbh_tracking_shuffled_objects_seven_objects,all,grammatical,13.00,100
0.8b,15,bbh_tracking_shuffled_objects_seven_objects,all,valid,0.00,100
0.8b,15,bbh_tracking_shuffled_objects_seven_objects,all,grounded,2.00,100
0.8b,15,bbh_tracking_shuffled_objects_seven_objects,all,correct,4.00,100
0.8b,15,bbh_tracking_shuffled_objects_seven_objects,all,valid_correct,0.00,100
0.8b,15,bbh_tracking_shuffled_objects_seven_objects,all,in_system,0.00,100
0.8b,15,bbh_tracking_shuffled_objects_seven_objects,all,valid_wrong,0.00,100
0.8b,15,bbh_tracking_shuffled_objects_three_objects,all,has_proof,100.00,100
0.8b,15,bbh_tracking_shuffled_objects_three_objects,all,grammatical,9.00,100
0.8b,15,bbh_tracking_shuffled_objects_three_objects,all,valid,0.00,100
0.8b,15,bbh_tracking_shuffled_objects_three_objects,all,grounded,6.00,100
0.8b,15,bbh_tracking_shuffled_objects_three_objects,all,correct,12.00,100
0.8b,15,bbh_tracking_shuffled_objects_three_objects,all,valid_correct,0.00,100
0.8b,15,bbh_tracking_shuffled_objects_three_objects,all,in_system,0.00,100
0.8b,15,bbh_tracking_shuffled_objects_three_objects,all,valid_wrong,0.00,100
0.8b,15,bbh_web_of_lies,all,has_proof,100.00,100
0.8b,15,bbh_web_of_lies,all,grammatical,54.00,100
0.8b,15,bbh_web_of_lies,all,valid,2.00,100
0.8b,15,bbh_web_of_lies,all,grounded,41.00,100
0.8b,15,bbh_web_of_lies,all,correct,40.00,100
0.8b,15,bbh_web_of_lies,all,valid_correct,2.00,100
0.8b,15,bbh_web_of_lies,all,in_system,2.00,100
0.8b,15,bbh_web_of_lies,all,valid_wrong,0.00,100
0.8b,15,bbh_web_of_lies,answerable,has_proof,100.00,100
0.8b,15,bbh_web_of_lies,answerable,grammatical,54.00,100
0.8b,15,bbh_web_of_lies,answerable,valid,2.00,100
0.8b,15,bbh_web_of_lies,answerable,grounded,41.00,100
0.8b,15,bbh_web_of_lies,answerable,correct,40.00,100
0.8b,15,bbh_web_of_lies,answerable,valid_correct,2.00,100
0.8b,15,bbh_web_of_lies,answerable,in_system,2.00,100
0.8b,15,bbh_web_of_lies,answerable,valid_wrong,0.00,100
0.8b,15,bbh_word_sorting,all,has_proof,100.00,100
0.8b,15,bbh_word_sorting,all,grammatical,0.00,100
0.8b,15,bbh_word_sorting,all,valid,0.00,100
0.8b,15,bbh_word_sorting,all,grounded,0.00,100
0.8b,15,bbh_word_sorting,all,correct,0.00,100
0.8b,15,bbh_word_sorting,all,valid_correct,0.00,100
0.8b,15,bbh_word_sorting,all,in_system,0.00,100
0.8b,15,bbh_word_sorting,all,valid_wrong,0.00,100
0.8b,15,folio,all,has_proof,100.00,203
0.8b,15,folio,all,grammatical,34.98,203
0.8b,15,folio,all,valid,2.96,203
0.8b,15,folio,all,grounded,24.14,203
0.8b,15,folio,all,correct,36.45,203
0.8b,15,folio,all,valid_correct,1.48,203
0.8b,15,folio,all,in_system,1.48,203
0.8b,15,folio,all,valid_wrong,1.48,203
0.8b,15,folio,answerable,has_proof,100.00,134
0.8b,15,folio,answerable,grammatical,36.57,134
0.8b,15,folio,answerable,valid,3.73,134
0.8b,15,folio,answerable,grounded,26.87,134
0.8b,15,folio,answerable,correct,55.22,134
0.8b,15,folio,answerable,valid_correct,2.24,134
0.8b,15,folio,answerable,in_system,2.24,134
0.8b,15,folio,answerable,valid_wrong,1.49,134
0.8b,15,gpqa_diamond,all,has_proof,52.02,198
0.8b,15,gpqa_diamond,all,grammatical,0.00,198
0.8b,15,gpqa_diamond,all,valid,0.00,198
0.8b,15,gpqa_diamond,all,grounded,0.00,198
0.8b,15,gpqa_diamond,all,correct,17.17,198
0.8b,15,gpqa_diamond,all,valid_correct,0.00,198
0.8b,15,gpqa_diamond,all,in_system,0.00,198
0.8b,15,gpqa_diamond,all,valid_wrong,0.00,198
0.8b,15,gpqa_quant,all,has_proof,69.86,73
0.8b,15,gpqa_quant,all,grammatical,0.00,73
0.8b,15,gpqa_quant,all,valid,0.00,73
0.8b,15,gpqa_quant,all,grounded,0.00,73
0.8b,15,gpqa_quant,all,correct,15.07,73
0.8b,15,gpqa_quant,all,valid_correct,0.00,73
0.8b,15,gpqa_quant,all,in_system,0.00,73
0.8b,15,gpqa_quant,all,valid_wrong,0.00,73
0.8b,15,gpqa_rest,all,has_proof,41.60,125
0.8b,15,gpqa_rest,all,grammatical,0.00,125
0.8b,15,gpqa_rest,all,valid,0.00,125
0.8b,15,gpqa_rest,all,grounded,0.00,125
0.8b,15,gpqa_rest,all,correct,18.40,125
0.8b,15,gpqa_rest,all,valid_correct,0.00,125
0.8b,15,gpqa_rest,all,in_system,0.00,125
0.8b,15,gpqa_rest,all,valid_wrong,0.00,125
0.8b,15,gsm8k,all,has_proof,100.00,500
0.8b,15,gsm8k,all,grammatical,23.00,500
0.8b,15,gsm8k,all,valid,1.80,500
0.8b,15,gsm8k,all,grounded,9.80,500
0.8b,15,gsm8k,all,correct,18.60,500
0.8b,15,gsm8k,all,valid_correct,0.80,500
0.8b,15,gsm8k,all,in_system,0.80,500
0.8b,15,gsm8k,all,valid_wrong,1.00,500
0.8b,15,gsm8k,answerable,has_proof,100.00,500
0.8b,15,gsm8k,answerable,grammatical,23.00,500
0.8b,15,gsm8k,answerable,valid,1.80,500
0.8b,15,gsm8k,answerable,grounded,9.80,500
0.8b,15,gsm8k,answerable,correct,18.60,500
0.8b,15,gsm8k,answerable,valid_correct,0.80,500
0.8b,15,gsm8k,answerable,in_system,0.80,500
0.8b,15,gsm8k,answerable,valid_wrong,1.00,500
0.8b,15,hotpotqa,all,has_proof,0.00,200
0.8b,15,hotpotqa,all,grammatical,0.00,200
0.8b,15,hotpotqa,all,valid,0.00,200
0.8b,15,hotpotqa,all,grounded,0.00,200
0.8b,15,hotpotqa,all,correct,0.00,200
0.8b,15,hotpotqa,all,valid_correct,0.00,200
0.8b,15,hotpotqa,all,in_system,0.00,200
0.8b,15,hotpotqa,all,valid_wrong,0.00,200
0.8b,15,hotpotqa,all,f1,0.00,200
0.8b,15,logiqa,all,has_proof,83.10,651
0.8b,15,logiqa,all,grammatical,2.00,651
0.8b,15,logiqa,all,valid,0.15,651
0.8b,15,logiqa,all,grounded,0.92,651
0.8b,15,logiqa,all,correct,16.74,651
0.8b,15,logiqa,all,valid_correct,0.00,651
0.8b,15,logiqa,all,in_system,0.00,651
0.8b,15,logiqa,all,valid_wrong,0.15,651
0.8b,15,mmlu,all,has_proof,88.60,1000
0.8b,15,mmlu,all,grammatical,4.10,1000
0.8b,15,mmlu,all,valid,0.60,1000
0.8b,15,mmlu,all,grounded,2.40,1000
0.8b,15,mmlu,all,correct,25.70,1000
0.8b,15,mmlu,all,valid_correct,0.20,1000
0.8b,15,mmlu,all,in_system,0.00,1000
0.8b,15,mmlu,all,valid_wrong,0.40,1000
0.8b,15,musique,all,has_proof,0.00,200
0.8b,15,musique,all,grammatical,0.00,200
0.8b,15,musique,all,valid,0.00,200
0.8b,15,musique,all,grounded,0.00,200
0.8b,15,musique,all,correct,0.00,200
0.8b,15,musique,all,valid_correct,0.00,200
0.8b,15,musique,all,in_system,0.00,200
0.8b,15,musique,all,valid_wrong,0.00,200
0.8b,15,musique,all,f1,0.00,200
0.8b,15,pw_all,all,has_proof,100.00,2500
0.8b,15,pw_all,all,grammatical,50.96,2500
0.8b,15,pw_all,all,valid,5.96,2500
0.8b,15,pw_all,all,grounded,22.24,2500
0.8b,15,pw_all,all,correct,32.08,2500
0.8b,15,pw_all,all,valid_correct,4.76,2500
0.8b,15,pw_all,all,in_system,4.76,2500
0.8b,15,pw_all,all,valid_wrong,1.20,2500
0.8b,15,pw_all,answerable,has_proof,100.00,1753
0.8b,15,pw_all,answerable,grammatical,52.37,1753
0.8b,15,pw_all,answerable,valid,7.53,1753
0.8b,15,pw_all,answerable,grounded,24.30,1753
0.8b,15,pw_all,answerable,correct,45.75,1753
0.8b,15,pw_all,answerable,valid_correct,6.79,1753
0.8b,15,pw_all,answerable,in_system,6.79,1753
0.8b,15,pw_all,answerable,valid_wrong,0.74,1753
0.8b,15,pw_d0,all,has_proof,100.00,500
0.8b,15,pw_d0,all,grammatical,48.80,500
0.8b,15,pw_d0,all,valid,8.20,500
0.8b,15,pw_d0,all,grounded,25.40,500
0.8b,15,pw_d0,all,correct,22.80,500
0.8b,15,pw_d0,all,valid_correct,6.40,500
0.8b,15,pw_d0,all,in_system,6.40,500
0.8b,15,pw_d0,all,valid_wrong,1.80,500
0.8b,15,pw_d0,answerable,has_proof,100.00,226
0.8b,15,pw_d0,answerable,grammatical,57.52,226
0.8b,15,pw_d0,answerable,valid,15.49,226
0.8b,15,pw_d0,answerable,grounded,35.84,226
0.8b,15,pw_d0,answerable,correct,50.44,226
0.8b,15,pw_d0,answerable,valid_correct,14.16,226
0.8b,15,pw_d0,answerable,in_system,14.16,226
0.8b,15,pw_d0,answerable,valid_wrong,1.33,226
0.8b,15,pw_d1,all,has_proof,100.00,500
0.8b,15,pw_d1,all,grammatical,55.60,500
0.8b,15,pw_d1,all,valid,7.40,500
0.8b,15,pw_d1,all,grounded,27.20,500
0.8b,15,pw_d1,all,correct,26.80,500
0.8b,15,pw_d1,all,valid_correct,6.40,500
0.8b,15,pw_d1,all,in_system,6.40,500
0.8b,15,pw_d1,all,valid_wrong,1.00,500
0.8b,15,pw_d1,answerable,has_proof,100.00,255
0.8b,15,pw_d1,answerable,grammatical,58.43,255
0.8b,15,pw_d1,answerable,valid,12.55,255
0.8b,15,pw_d1,answerable,grounded,32.94,255
0.8b,15,pw_d1,answerable,correct,52.55,255
0.8b,15,pw_d1,answerable,valid_correct,12.55,255
0.8b,15,pw_d1,answerable,in_system,12.55,255
0.8b,15,pw_d1,answerable,valid_wrong,0.00,255
0.8b,15,pw_d2,all,has_proof,100.00,500
0.8b,15,pw_d2,all,grammatical,52.40,500
0.8b,15,pw_d2,all,valid,5.80,500
0.8b,15,pw_d2,all,grounded,23.80,500
0.8b,15,pw_d2,all,correct,35.60,500
0.8b,15,pw_d2,all,valid_correct,5.00,500
0.8b,15,pw_d2,all,in_system,5.00,500
0.8b,15,pw_d2,all,valid_wrong,0.80,500
0.8b,15,pw_d2,answerable,has_proof,100.00,382
0.8b,15,pw_d2,answerable,grammatical,54.45,382
0.8b,15,pw_d2,answerable,valid,7.59,382
0.8b,15,pw_d2,answerable,grounded,26.96,382
0.8b,15,pw_d2,answerable,correct,46.60,382
0.8b,15,pw_d2,answerable,valid_correct,6.54,382
0.8b,15,pw_d2,answerable,in_system,6.54,382
0.8b,15,pw_d2,answerable,valid_wrong,1.05,382
0.8b,15,pw_d3,all,has_proof,100.00,500
0.8b,15,pw_d3,all,grammatical,52.80,500
0.8b,15,pw_d3,all,valid,5.40,500
0.8b,15,pw_d3,all,grounded,21.20,500
0.8b,15,pw_d3,all,correct,37.00,500
0.8b,15,pw_d3,all,valid_correct,3.60,500
0.8b,15,pw_d3,all,in_system,3.60,500
0.8b,15,pw_d3,all,valid_wrong,1.80,500
0.8b,15,pw_d3,answerable,has_proof,100.00,413
0.8b,15,pw_d3,answerable,grammatical,52.54,413
0.8b,15,pw_d3,answerable,valid,5.33,413
0.8b,15,pw_d3,answerable,grounded,22.28,413
0.8b,15,pw_d3,answerable,correct,44.79,413
0.8b,15,pw_d3,answerable,valid_correct,4.36,413
0.8b,15,pw_d3,answerable,in_system,4.36,413
0.8b,15,pw_d3,answerable,valid_wrong,0.97,413
0.8b,15,pw_d5,all,has_proof,100.00,500
0.8b,15,pw_d5,all,grammatical,45.20,500
0.8b,15,pw_d5,all,valid,3.00,500
0.8b,15,pw_d5,all,grounded,13.60,500
0.8b,15,pw_d5,all,correct,38.20,500
0.8b,15,pw_d5,all,valid_correct,2.40,500
0.8b,15,pw_d5,all,in_system,2.40,500
0.8b,15,pw_d5,all,valid_wrong,0.60,500
0.8b,15,pw_d5,answerable,has_proof,100.00,477
0.8b,15,pw_d5,answerable,grammatical,44.86,477
0.8b,15,pw_d5,answerable,valid,2.94,477
0.8b,15,pw_d5,answerable,grounded,13.84,477
0.8b,15,pw_d5,answerable,correct,40.04,477
0.8b,15,pw_d5,answerable,valid_correct,2.52,477
0.8b,15,pw_d5,answerable,in_system,2.52,477
0.8b,15,pw_d5,answerable,valid_wrong,0.42,477
0.8b,20,overall,all,has_proof,87.62,9524
0.8b,20,overall,all,grammatical,20.74,9524
0.8b,20,overall,all,valid,2.24,9524
0.8b,20,overall,all,grounded,10.56,9524
0.8b,20,overall,all,correct,24.27,9524
0.8b,20,overall,all,valid_correct,1.61,9524
0.8b,20,overall,all,in_system,1.52,9524
0.8b,20,overall,all,valid_wrong,0.63,9524
0.8b,20,overall,all,f1,0.00,9524
0.8b,20,overall,answerable,has_proof,100.00,3187
0.8b,20,overall,answerable,grammatical,40.76,3187
0.8b,20,overall,answerable,valid,5.18,3187
0.8b,20,overall,answerable,grounded,21.34,3187
0.8b,20,overall,answerable,correct,39.19,3187
0.8b,20,overall,answerable,valid_correct,4.55,3187
0.8b,20,overall,answerable,in_system,4.55,3187
0.8b,20,overall,answerable,valid_wrong,0.63,3187
0.8b,20,bbh,all,has_proof,90.11,2700
0.8b,20,bbh,all,grammatical,9.56,2700
0.8b,20,bbh,all,valid,0.48,2700
0.8b,20,bbh,all,grounded,5.48,2700
0.8b,20,bbh,all,correct,20.67,2700
0.8b,20,bbh,all,valid_correct,0.15,2700
0.8b,20,bbh,all,in_system,0.07,2700
0.8b,20,bbh,all,valid_wrong,0.33,2700
0.8b,20,bbh,answerable,has_proof,100.00,800
0.8b,20,bbh,answerable,grammatical,17.50,800
0.8b,20,bbh,answerable,valid,0.62,800
0.8b,20,bbh,answerable,grounded,10.62,800
0.8b,20,bbh,answerable,correct,29.75,800
0.8b,20,bbh,answerable,valid_correct,0.25,800
0.8b,20,bbh,answerable,in_system,0.25,800
0.8b,20,bbh,answerable,valid_wrong,0.38,800
0.8b,20,deduction,all,has_proof,100.00,2703
0.8b,20,deduction,all,grammatical,52.90,2703
0.8b,20,deduction,all,valid,6.44,2703
0.8b,20,deduction,all,grounded,26.75,2703
0.8b,20,deduction,all,correct,34.22,2703
0.8b,20,deduction,all,valid_correct,5.18,2703
0.8b,20,deduction,all,in_system,5.18,2703
0.8b,20,deduction,all,valid_wrong,1.26,2703
0.8b,20,deduction,answerable,has_proof,100.00,1887
0.8b,20,deduction,answerable,grammatical,53.37,1887
0.8b,20,deduction,answerable,valid,7.90,1887
0.8b,20,deduction,answerable,grounded,27.61,1887
0.8b,20,deduction,answerable,correct,49.02,1887
0.8b,20,deduction,answerable,valid_correct,7.42,1887
0.8b,20,deduction,answerable,in_system,7.42,1887
0.8b,20,deduction,answerable,valid_wrong,0.48,1887
0.8b,20,gpqa,all,has_proof,56.06,198
0.8b,20,gpqa,all,grammatical,1.52,198
0.8b,20,gpqa,all,valid,0.00,198
0.8b,20,gpqa,all,grounded,0.51,198
0.8b,20,gpqa,all,correct,17.17,198
0.8b,20,gpqa,all,valid_correct,0.00,198
0.8b,20,gpqa,all,in_system,0.00,198
0.8b,20,gpqa,all,valid_wrong,0.00,198
0.8b,20,multihop,all,has_proof,0.00,600
0.8b,20,multihop,all,grammatical,0.00,600
0.8b,20,multihop,all,valid,0.00,600
0.8b,20,multihop,all,grounded,0.00,600
0.8b,20,multihop,all,correct,0.00,600
0.8b,20,multihop,all,valid_correct,0.00,600
0.8b,20,multihop,all,in_system,0.00,600
0.8b,20,multihop,all,valid_wrong,0.00,600
0.8b,20,multihop,all,f1,0.00,600
0.8b,20,standard,all,has_proof,93.23,3323
0.8b,20,standard,all,grammatical,8.55,3323
0.8b,20,standard,all,valid,0.78,3323
0.8b,20,standard,all,grounded,4.03,3323
0.8b,20,standard,all,correct,23.89,3323
0.8b,20,standard,all,valid_correct,0.27,3323
0.8b,20,standard,all,in_system,0.09,3323
0.8b,20,standard,all,valid_wrong,0.51,3323
0.8b,20,standard,answerable,has_proof,100.00,500
0.8b,20,standard,answerable,grammatical,30.40,500
0.8b,20,standard,answerable,valid,2.20,500
0.8b,20,standard,answerable,grounded,14.80,500
0.8b,20,standard,answerable,correct,17.20,500
0.8b,20,standard,answerable,valid_correct,0.60,500
0.8b,20,standard,answerable,in_system,0.60,500
0.8b,20,standard,answerable,valid_wrong,1.60,500
0.8b,20,2wikimqa,all,has_proof,0.00,200
0.8b,20,2wikimqa,all,grammatical,0.00,200
0.8b,20,2wikimqa,all,valid,0.00,200
0.8b,20,2wikimqa,all,grounded,0.00,200
0.8b,20,2wikimqa,all,correct,0.00,200
0.8b,20,2wikimqa,all,valid_correct,0.00,200
0.8b,20,2wikimqa,all,in_system,0.00,200
0.8b,20,2wikimqa,all,valid_wrong,0.00,200
0.8b,20,2wikimqa,all,f1,0.00,200
0.8b,20,arc_challenge,all,has_proof,95.31,1172
0.8b,20,arc_challenge,all,grammatical,6.40,1172
0.8b,20,arc_challenge,all,valid,0.85,1172
0.8b,20,arc_challenge,all,grounded,3.16,1172
0.8b,20,arc_challenge,all,correct,30.03,1172
0.8b,20,arc_challenge,all,valid_correct,0.34,1172
0.8b,20,arc_challenge,all,in_system,0.00,1172
0.8b,20,arc_challenge,all,valid_wrong,0.51,1172
0.8b,20,bbh_boolean_expressions,all,has_proof,100.00,100
0.8b,20,bbh_boolean_expressions,all,grammatical,3.00,100
0.8b,20,bbh_boolean_expressions,all,valid,0.00,100
0.8b,20,bbh_boolean_expressions,all,grounded,2.00,100
0.8b,20,bbh_boolean_expressions,all,correct,40.00,100
0.8b,20,bbh_boolean_expressions,all,valid_correct,0.00,100
0.8b,20,bbh_boolean_expressions,all,in_system,0.00,100
0.8b,20,bbh_boolean_expressions,all,valid_wrong,0.00,100
0.8b,20,bbh_boolean_expressions,answerable,has_proof,100.00,100
0.8b,20,bbh_boolean_expressions,answerable,grammatical,3.00,100
0.8b,20,bbh_boolean_expressions,answerable,valid,0.00,100
0.8b,20,bbh_boolean_expressions,answerable,grounded,2.00,100
0.8b,20,bbh_boolean_expressions,answerable,correct,40.00,100
0.8b,20,bbh_boolean_expressions,answerable,valid_correct,0.00,100
0.8b,20,bbh_boolean_expressions,answerable,in_system,0.00,100
0.8b,20,bbh_boolean_expressions,answerable,valid_wrong,0.00,100
0.8b,20,bbh_causal_judgement,all,has_proof,100.00,100
0.8b,20,bbh_causal_judgement,all,grammatical,24.00,100
0.8b,20,bbh_causal_judgement,all,valid,1.00,100
0.8b,20,bbh_causal_judgement,all,grounded,13.00,100
0.8b,20,bbh_causal_judgement,all,correct,36.00,100
0.8b,20,bbh_causal_judgement,all,valid_correct,0.00,100
0.8b,20,bbh_causal_judgement,all,in_system,0.00,100
0.8b,20,bbh_causal_judgement,all,valid_wrong,1.00,100
0.8b,20,bbh_causal_judgement,answerable,has_proof,100.00,100
0.8b,20,bbh_causal_judgement,answerable,grammatical,24.00,100
0.8b,20,bbh_causal_judgement,answerable,valid,1.00,100
0.8b,20,bbh_causal_judgement,answerable,grounded,13.00,100
0.8b,20,bbh_causal_judgement,answerable,correct,36.00,100
0.8b,20,bbh_causal_judgement,answerable,valid_correct,0.00,100
0.8b,20,bbh_causal_judgement,answerable,in_system,0.00,100
0.8b,20,bbh_causal_judgement,answerable,valid_wrong,1.00,100
0.8b,20,bbh_date_understanding,all,has_proof,100.00,100
0.8b,20,bbh_date_understanding,all,grammatical,1.00,100
0.8b,20,bbh_date_understanding,all,valid,0.00,100
0.8b,20,bbh_date_understanding,all,grounded,0.00,100
0.8b,20,bbh_date_understanding,all,correct,16.00,100
0.8b,20,bbh_date_understanding,all,valid_correct,0.00,100
0.8b,20,bbh_date_understanding,all,in_system,0.00,100
0.8b,20,bbh_date_understanding,all,valid_wrong,0.00,100
0.8b,20,bbh_disambiguation_qa,all,has_proof,0.00,100
0.8b,20,bbh_disambiguation_qa,all,grammatical,0.00,100
0.8b,20,bbh_disambiguation_qa,all,valid,0.00,100
0.8b,20,bbh_disambiguation_qa,all,grounded,0.00,100
0.8b,20,bbh_disambiguation_qa,all,correct,35.00,100
0.8b,20,bbh_disambiguation_qa,all,valid_correct,0.00,100
0.8b,20,bbh_disambiguation_qa,all,in_system,0.00,100
0.8b,20,bbh_disambiguation_qa,all,valid_wrong,0.00,100
0.8b,20,bbh_dyck_languages,all,has_proof,17.00,100
0.8b,20,bbh_dyck_languages,all,grammatical,0.00,100
0.8b,20,bbh_dyck_languages,all,valid,0.00,100
0.8b,20,bbh_dyck_languages,all,grounded,0.00,100
0.8b,20,bbh_dyck_languages,all,correct,0.00,100
0.8b,20,bbh_dyck_languages,all,valid_correct,0.00,100
0.8b,20,bbh_dyck_languages,all,in_system,0.00,100
0.8b,20,bbh_dyck_languages,all,valid_wrong,0.00,100
0.8b,20,bbh_formal_fallacies,all,has_proof,100.00,100
0.8b,20,bbh_formal_fallacies,all,grammatical,21.00,100
0.8b,20,bbh_formal_fallacies,all,valid,2.00,100
0.8b,20,bbh_formal_fallacies,all,grounded,13.00,100
0.8b,20,bbh_formal_fallacies,all,correct,34.00,100
0.8b,20,bbh_formal_fallacies,all,valid_correct,1.00,100
0.8b,20,bbh_formal_fallacies,all,in_system,1.00,100
0.8b,20,bbh_formal_fallacies,all,valid_wrong,1.00,100
0.8b,20,bbh_formal_fallacies,answerable,has_proof,100.00,100
0.8b,20,bbh_formal_fallacies,answerable,grammatical,21.00,100
0.8b,20,bbh_formal_fallacies,answerable,valid,2.00,100
0.8b,20,bbh_formal_fallacies,answerable,grounded,13.00,100
0.8b,20,bbh_formal_fallacies,answerable,correct,34.00,100
0.8b,20,bbh_formal_fallacies,answerable,valid_correct,1.00,100
0.8b,20,bbh_formal_fallacies,answerable,in_system,1.00,100
0.8b,20,bbh_formal_fallacies,answerable,valid_wrong,1.00,100
0.8b,20,bbh_geometric_shapes,all,has_proof,100.00,100
0.8b,20,bbh_geometric_shapes,all,grammatical,0.00,100
0.8b,20,bbh_geometric_shapes,all,valid,0.00,100
0.8b,20,bbh_geometric_shapes,all,grounded,0.00,100
0.8b,20,bbh_geometric_shapes,all,correct,7.00,100
0.8b,20,bbh_geometric_shapes,all,valid_correct,0.00,100
0.8b,20,bbh_geometric_shapes,all,in_system,0.00,100
0.8b,20,bbh_geometric_shapes,all,valid_wrong,0.00,100
0.8b,20,bbh_hyperbaton,all,has_proof,100.00,100
0.8b,20,bbh_hyperbaton,all,grammatical,0.00,100
0.8b,20,bbh_hyperbaton,all,valid,0.00,100
0.8b,20,bbh_hyperbaton,all,grounded,0.00,100
0.8b,20,bbh_hyperbaton,all,correct,53.00,100
0.8b,20,bbh_hyperbaton,all,valid_correct,0.00,100
0.8b,20,bbh_hyperbaton,all,in_system,0.00,100
0.8b,20,bbh_hyperbaton,all,valid_wrong,0.00,100
0.8b,20,bbh_logical_deduction_five_objects,all,has_proof,100.00,100
0.8b,20,bbh_logical_deduction_five_objects,all,grammatical,18.00,100
0.8b,20,bbh_logical_deduction_five_objects,all,valid,3.00,100
0.8b,20,bbh_logical_deduction_five_objects,all,grounded,9.00,100
0.8b,20,bbh_logical_deduction_five_objects,all,correct,15.00,100
0.8b,20,bbh_logical_deduction_five_objects,all,valid_correct,1.00,100
0.8b,20,bbh_logical_deduction_five_objects,all,in_system,0.00,100
0.8b,20,bbh_logical_deduction_five_objects,all,valid_wrong,2.00,100
0.8b,20,bbh_logical_deduction_seven_objects,all,has_proof,100.00,100
0.8b,20,bbh_logical_deduction_seven_objects,all,grammatical,16.00,100
0.8b,20,bbh_logical_deduction_seven_objects,all,valid,2.00,100
0.8b,20,bbh_logical_deduction_seven_objects,all,grounded,11.00,100
0.8b,20,bbh_logical_deduction_seven_objects,all,correct,15.00,100
0.8b,20,bbh_logical_deduction_seven_objects,all,valid_correct,0.00,100
0.8b,20,bbh_logical_deduction_seven_objects,all,in_system,0.00,100
0.8b,20,bbh_logical_deduction_seven_objects,all,valid_wrong,2.00,100
0.8b,20,bbh_logical_deduction_three_objects,all,has_proof,100.00,100
0.8b,20,bbh_logical_deduction_three_objects,all,grammatical,29.00,100
0.8b,20,bbh_logical_deduction_three_objects,all,valid,3.00,100
0.8b,20,bbh_logical_deduction_three_objects,all,grounded,20.00,100
0.8b,20,bbh_logical_deduction_three_objects,all,correct,16.00,100
0.8b,20,bbh_logical_deduction_three_objects,all,valid_correct,1.00,100
0.8b,20,bbh_logical_deduction_three_objects,all,in_system,0.00,100
0.8b,20,bbh_logical_deduction_three_objects,all,valid_wrong,2.00,100
0.8b,20,bbh_movie_recommendation,all,has_proof,100.00,100
0.8b,20,bbh_movie_recommendation,all,grammatical,5.00,100
0.8b,20,bbh_movie_recommendation,all,valid,0.00,100
0.8b,20,bbh_movie_recommendation,all,grounded,0.00,100
0.8b,20,bbh_movie_recommendation,all,correct,13.00,100
0.8b,20,bbh_movie_recommendation,all,valid_correct,0.00,100
0.8b,20,bbh_movie_recommendation,all,in_system,0.00,100
0.8b,20,bbh_movie_recommendation,all,valid_wrong,0.00,100
0.8b,20,bbh_multistep_arithmetic_two,all,has_proof,100.00,100
0.8b,20,bbh_multistep_arithmetic_two,all,grammatical,4.00,100
0.8b,20,bbh_multistep_arithmetic_two,all,valid,0.00,100
0.8b,20,bbh_multistep_arithmetic_two,all,grounded,0.00,100
0.8b,20,bbh_multistep_arithmetic_two,all,correct,3.00,100
0.8b,20,bbh_multistep_arithmetic_two,all,valid_correct,0.00,100
0.8b,20,bbh_multistep_arithmetic_two,all,in_system,0.00,100
0.8b,20,bbh_multistep_arithmetic_two,all,valid_wrong,0.00,100
0.8b,20,bbh_multistep_arithmetic_two,answerable,has_proof,100.00,100
0.8b,20,bbh_multistep_arithmetic_two,answerable,grammatical,4.00,100
0.8b,20,bbh_multistep_arithmetic_two,answerable,valid,0.00,100
0.8b,20,bbh_multistep_arithmetic_two,answerable,grounded,0.00,100
0.8b,20,bbh_multistep_arithmetic_two,answerable,correct,3.00,100
0.8b,20,bbh_multistep_arithmetic_two,answerable,valid_correct,0.00,100
0.8b,20,bbh_multistep_arithmetic_two,answerable,in_system,0.00,100
0.8b,20,bbh_multistep_arithmetic_two,answerable,valid_wrong,0.00,100
0.8b,20,bbh_navigate,all,has_proof,100.00,100
0.8b,20,bbh_navigate,all,grammatical,6.00,100
0.8b,20,bbh_navigate,all,valid,1.00,100
0.8b,20,bbh_navigate,all,grounded,2.00,100
0.8b,20,bbh_navigate,all,correct,25.00,100
0.8b,20,bbh_navigate,all,valid_correct,0.00,100
0.8b,20,bbh_navigate,all,in_system,0.00,100
0.8b,20,bbh_navigate,all,valid_wrong,1.00,100
0.8b,20,bbh_navigate,answerable,has_proof,100.00,100
0.8b,20,bbh_navigate,answerable,grammatical,6.00,100
0.8b,20,bbh_navigate,answerable,valid,1.00,100
0.8b,20,bbh_navigate,answerable,grounded,2.00,100
0.8b,20,bbh_navigate,answerable,correct,25.00,100
0.8b,20,bbh_navigate,answerable,valid_correct,0.00,100
0.8b,20,bbh_navigate,answerable,in_system,0.00,100
0.8b,20,bbh_navigate,answerable,valid_wrong,1.00,100
0.8b,20,bbh_object_counting,all,has_proof,100.00,100
0.8b,20,bbh_object_counting,all,grammatical,15.00,100
0.8b,20,bbh_object_counting,all,valid,0.00,100
0.8b,20,bbh_object_counting,all,grounded,3.00,100
0.8b,20,bbh_object_counting,all,correct,22.00,100
0.8b,20,bbh_object_counting,all,valid_correct,0.00,100
0.8b,20,bbh_object_counting,all,in_system,0.00,100
0.8b,20,bbh_object_counting,all,valid_wrong,0.00,100
0.8b,20,bbh_object_counting,answerable,has_proof,100.00,100
0.8b,20,bbh_object_counting,answerable,grammatical,15.00,100
0.8b,20,bbh_object_counting,answerable,valid,0.00,100
0.8b,20,bbh_object_counting,answerable,grounded,3.00,100
0.8b,20,bbh_object_counting,answerable,correct,22.00,100
0.8b,20,bbh_object_counting,answerable,valid_correct,0.00,100
0.8b,20,bbh_object_counting,answerable,in_system,0.00,100
0.8b,20,bbh_object_counting,answerable,valid_wrong,0.00,100
0.8b,20,bbh_penguins_in_a_table,all,has_proof,100.00,100
0.8b,20,bbh_penguins_in_a_table,all,grammatical,7.00,100
0.8b,20,bbh_penguins_in_a_table,all,valid,0.00,100
0.8b,20,bbh_penguins_in_a_table,all,grounded,1.00,100
0.8b,20,bbh_penguins_in_a_table,all,correct,33.00,100
0.8b,20,bbh_penguins_in_a_table,all,valid_correct,0.00,100
0.8b,20,bbh_penguins_in_a_table,all,in_system,0.00,100
0.8b,20,bbh_penguins_in_a_table,all,valid_wrong,0.00,100
0.8b,20,bbh_reasoning_about_colored_objects,all,has_proof,100.00,100
0.8b,20,bbh_reasoning_about_colored_objects,all,grammatical,8.00,100
0.8b,20,bbh_reasoning_about_colored_objects,all,valid,0.00,100
0.8b,20,bbh_reasoning_about_colored_objects,all,grounded,4.00,100
0.8b,20,bbh_reasoning_about_colored_objects,all,correct,31.00,100
0.8b,20,bbh_reasoning_about_colored_objects,all,valid_correct,0.00,100
0.8b,20,bbh_reasoning_about_colored_objects,all,in_system,0.00,100
0.8b,20,bbh_reasoning_about_colored_objects,all,valid_wrong,0.00,100
0.8b,20,bbh_ruin_names,all,has_proof,100.00,100
0.8b,20,bbh_ruin_names,all,grammatical,0.00,100
0.8b,20,bbh_ruin_names,all,valid,0.00,100
0.8b,20,bbh_ruin_names,all,grounded,0.00,100
0.8b,20,bbh_ruin_names,all,correct,16.00,100
0.8b,20,bbh_ruin_names,all,valid_correct,0.00,100
0.8b,20,bbh_ruin_names,all,in_system,0.00,100
0.8b,20,bbh_ruin_names,all,valid_wrong,0.00,100
0.8b,20,bbh_salient_translation_error_detection,all,has_proof,18.00,100
0.8b,20,bbh_salient_translation_error_detection,all,grammatical,0.00,100
0.8b,20,bbh_salient_translation_error_detection,all,valid,0.00,100
0.8b,20,bbh_salient_translation_error_detection,all,grounded,0.00,100
0.8b,20,bbh_salient_translation_error_detection,all,correct,15.00,100
0.8b,20,bbh_salient_translation_error_detection,all,valid_correct,0.00,100
0.8b,20,bbh_salient_translation_error_detection,all,in_system,0.00,100
0.8b,20,bbh_salient_translation_error_detection,all,valid_wrong,0.00,100
0.8b,20,bbh_snarks,all,has_proof,98.00,100
0.8b,20,bbh_snarks,all,grammatical,0.00,100
0.8b,20,bbh_snarks,all,valid,0.00,100
0.8b,20,bbh_snarks,all,grounded,0.00,100
0.8b,20,bbh_snarks,all,correct,28.00,100
0.8b,20,bbh_snarks,all,valid_correct,0.00,100
0.8b,20,bbh_snarks,all,in_system,0.00,100
0.8b,20,bbh_snarks,all,valid_wrong,0.00,100
0.8b,20,bbh_sports_understanding,all,has_proof,100.00,100
0.8b,20,bbh_sports_understanding,all,grammatical,1.00,100
0.8b,20,bbh_sports_understanding,all,valid,0.00,100
0.8b,20,bbh_sports_understanding,all,grounded,1.00,100
0.8b,20,bbh_sports_understanding,all,correct,27.00,100
0.8b,20,bbh_sports_understanding,all,valid_correct,0.00,100
0.8b,20,bbh_sports_understanding,all,in_system,0.00,100
0.8b,20,bbh_sports_understanding,all,valid_wrong,0.00,100
0.8b,20,bbh_sports_understanding,answerable,has_proof,100.00,100
0.8b,20,bbh_sports_understanding,answerable,grammatical,1.00,100
0.8b,20,bbh_sports_understanding,answerable,valid,0.00,100
0.8b,20,bbh_sports_understanding,answerable,grounded,1.00,100
0.8b,20,bbh_sports_understanding,answerable,correct,27.00,100
0.8b,20,bbh_sports_understanding,answerable,valid_correct,0.00,100
0.8b,20,bbh_sports_understanding,answerable,in_system,0.00,100
0.8b,20,bbh_sports_understanding,answerable,valid_wrong,0.00,100
0.8b,20,bbh_temporal_sequences,all,has_proof,100.00,100
0.8b,20,bbh_temporal_sequences,all,grammatical,6.00,100
0.8b,20,bbh_temporal_sequences,all,valid,0.00,100
0.8b,20,bbh_temporal_sequences,all,grounded,4.00,100
0.8b,20,bbh_temporal_sequences,all,correct,3.00,100
0.8b,20,bbh_temporal_sequences,all,valid_correct,0.00,100
0.8b,20,bbh_temporal_sequences,all,in_system,0.00,100
0.8b,20,bbh_temporal_sequences,all,valid_wrong,0.00,100
0.8b,20,bbh_tracking_shuffled_objects_five_objects,all,has_proof,100.00,100
0.8b,20,bbh_tracking_shuffled_objects_five_objects,all,grammatical,8.00,100
0.8b,20,bbh_tracking_shuffled_objects_five_objects,all,valid,0.00,100
0.8b,20,bbh_tracking_shuffled_objects_five_objects,all,grounded,4.00,100
0.8b,20,bbh_tracking_shuffled_objects_five_objects,all,correct,6.00,100
0.8b,20,bbh_tracking_shuffled_objects_five_objects,all,valid_correct,0.00,100
0.8b,20,bbh_tracking_shuffled_objects_five_objects,all,in_system,0.00,100
0.8b,20,bbh_tracking_shuffled_objects_five_objects,all,valid_wrong,0.00,100
0.8b,20,bbh_tracking_shuffled_objects_seven_objects,all,has_proof,100.00,100
0.8b,20,bbh_tracking_shuffled_objects_seven_objects,all,grammatical,9.00,100
0.8b,20,bbh_tracking_shuffled_objects_seven_objects,all,valid,0.00,100
0.8b,20,bbh_tracking_shuffled_objects_seven_objects,all,grounded,3.00,100
0.8b,20,bbh_tracking_shuffled_objects_seven_objects,all,correct,3.00,100
0.8b,20,bbh_tracking_shuffled_objects_seven_objects,all,valid_correct,0.00,100
0.8b,20,bbh_tracking_shuffled_objects_seven_objects,all,in_system,0.00,100
0.8b,20,bbh_tracking_shuffled_objects_seven_objects,all,valid_wrong,0.00,100
0.8b,20,bbh_tracking_shuffled_objects_three_objects,all,has_proof,100.00,100
0.8b,20,bbh_tracking_shuffled_objects_three_objects,all,grammatical,10.00,100
0.8b,20,bbh_tracking_shuffled_objects_three_objects,all,valid,0.00,100
0.8b,20,bbh_tracking_shuffled_objects_three_objects,all,grounded,6.00,100
0.8b,20,bbh_tracking_shuffled_objects_three_objects,all,correct,15.00,100
0.8b,20,bbh_tracking_shuffled_objects_three_objects,all,valid_correct,0.00,100
0.8b,20,bbh_tracking_shuffled_objects_three_objects,all,in_system,0.00,100
0.8b,20,bbh_tracking_shuffled_objects_three_objects,all,valid_wrong,0.00,100
0.8b,20,bbh_web_of_lies,all,has_proof,100.00,100
0.8b,20,bbh_web_of_lies,all,grammatical,66.00,100
0.8b,20,bbh_web_of_lies,all,valid,1.00,100
0.8b,20,bbh_web_of_lies,all,grounded,51.00,100
0.8b,20,bbh_web_of_lies,all,correct,51.00,100
0.8b,20,bbh_web_of_lies,all,valid_correct,1.00,100
0.8b,20,bbh_web_of_lies,all,in_system,1.00,100
0.8b,20,bbh_web_of_lies,all,valid_wrong,0.00,100
0.8b,20,bbh_web_of_lies,answerable,has_proof,100.00,100
0.8b,20,bbh_web_of_lies,answerable,grammatical,66.00,100
0.8b,20,bbh_web_of_lies,answerable,valid,1.00,100
0.8b,20,bbh_web_of_lies,answerable,grounded,51.00,100
0.8b,20,bbh_web_of_lies,answerable,correct,51.00,100
0.8b,20,bbh_web_of_lies,answerable,valid_correct,1.00,100
0.8b,20,bbh_web_of_lies,answerable,in_system,1.00,100
0.8b,20,bbh_web_of_lies,answerable,valid_wrong,0.00,100
0.8b,20,bbh_word_sorting,all,has_proof,100.00,100
0.8b,20,bbh_word_sorting,all,grammatical,1.00,100
0.8b,20,bbh_word_sorting,all,valid,0.00,100
0.8b,20,bbh_word_sorting,all,grounded,1.00,100
0.8b,20,bbh_word_sorting,all,correct,0.00,100
0.8b,20,bbh_word_sorting,all,valid_correct,0.00,100
0.8b,20,bbh_word_sorting,all,in_system,0.00,100
0.8b,20,bbh_word_sorting,all,valid_wrong,0.00,100
0.8b,20,folio,all,has_proof,100.00,203
0.8b,20,folio,all,grammatical,33.00,203
0.8b,20,folio,all,valid,1.97,203
0.8b,20,folio,all,grounded,21.67,203
0.8b,20,folio,all,correct,38.92,203
0.8b,20,folio,all,valid_correct,1.48,203
0.8b,20,folio,all,in_system,1.48,203
0.8b,20,folio,all,valid_wrong,0.49,203
0.8b,20,folio,answerable,has_proof,100.00,134
0.8b,20,folio,answerable,grammatical,29.85,134
0.8b,20,folio,answerable,valid,2.99,134
0.8b,20,folio,answerable,grounded,22.39,134
0.8b,20,folio,answerable,correct,58.96,134
0.8b,20,folio,answerable,valid_correct,2.24,134
0.8b,20,folio,answerable,in_system,2.24,134
0.8b,20,folio,answerable,valid_wrong,0.75,134
0.8b,20,gpqa_diamond,all,has_proof,56.06,198
0.8b,20,gpqa_diamond,all,grammatical,1.52,198
0.8b,20,gpqa_diamond,all,valid,0.00,198
0.8b,20,gpqa_diamond,all,grounded,0.51,198
0.8b,20,gpqa_diamond,all,correct,17.17,198
0.8b,20,gpqa_diamond,all,valid_correct,0.00,198
0.8b,20,gpqa_diamond,all,in_system,0.00,198
0.8b,20,gpqa_diamond,all,valid_wrong,0.00,198
0.8b,20,gpqa_quant,all,has_proof,71.23,73
0.8b,20,gpqa_quant,all,grammatical,1.37,73
0.8b,20,gpqa_quant,all,valid,0.00,73
0.8b,20,gpqa_quant,all,grounded,0.00,73
0.8b,20,gpqa_quant,all,correct,13.70,73
0.8b,20,gpqa_quant,all,valid_correct,0.00,73
0.8b,20,gpqa_quant,all,in_system,0.00,73
0.8b,20,gpqa_quant,all,valid_wrong,0.00,73
0.8b,20,gpqa_rest,all,has_proof,47.20,125
0.8b,20,gpqa_rest,all,grammatical,1.60,125
0.8b,20,gpqa_rest,all,valid,0.00,125
0.8b,20,gpqa_rest,all,grounded,0.80,125
0.8b,20,gpqa_rest,all,correct,19.20,125
0.8b,20,gpqa_rest,all,valid_correct,0.00,125
0.8b,20,gpqa_rest,all,in_system,0.00,125
0.8b,20,gpqa_rest,all,valid_wrong,0.00,125
0.8b,20,gsm8k,all,has_proof,100.00,500
0.8b,20,gsm8k,all,grammatical,30.40,500
0.8b,20,gsm8k,all,valid,2.20,500
0.8b,20,gsm8k,all,grounded,14.80,500
0.8b,20,gsm8k,all,correct,17.20,500
0.8b,20,gsm8k,all,valid_correct,0.60,500
0.8b,20,gsm8k,all,in_system,0.60,500
0.8b,20,gsm8k,all,valid_wrong,1.60,500
0.8b,20,gsm8k,answerable,has_proof,100.00,500
0.8b,20,gsm8k,answerable,grammatical,30.40,500
0.8b,20,gsm8k,answerable,valid,2.20,500
0.8b,20,gsm8k,answerable,grounded,14.80,500
0.8b,20,gsm8k,answerable,correct,17.20,500
0.8b,20,gsm8k,answerable,valid_correct,0.60,500
0.8b,20,gsm8k,answerable,in_system,0.60,500
0.8b,20,gsm8k,answerable,valid_wrong,1.60,500
0.8b,20,hotpotqa,all,has_proof,0.00,200
0.8b,20,hotpotqa,all,grammatical,0.00,200
0.8b,20,hotpotqa,all,valid,0.00,200
0.8b,20,hotpotqa,all,grounded,0.00,200
0.8b,20,hotpotqa,all,correct,0.00,200
0.8b,20,hotpotqa,all,valid_correct,0.00,200
0.8b,20,hotpotqa,all,in_system,0.00,200
0.8b,20,hotpotqa,all,valid_wrong,0.00,200
0.8b,20,hotpotqa,all,f1,0.00,200
0.8b,20,logiqa,all,has_proof,90.02,651
0.8b,20,logiqa,all,grammatical,3.38,651
0.8b,20,logiqa,all,valid,0.00,651
0.8b,20,logiqa,all,grounded,1.38,651
0.8b,20,logiqa,all,correct,15.21,651
0.8b,20,logiqa,all,valid_correct,0.00,651
0.8b,20,logiqa,all,in_system,0.00,651
0.8b,20,logiqa,all,valid_wrong,0.00,651
0.8b,20,mmlu,all,has_proof,89.50,1000
0.8b,20,mmlu,all,grammatical,3.50,1000
0.8b,20,mmlu,all,valid,0.50,1000
0.8b,20,mmlu,all,grounded,1.40,1000
0.8b,20,mmlu,all,correct,25.70,1000
0.8b,20,mmlu,all,valid_correct,0.20,1000
0.8b,20,mmlu,all,in_system,0.00,1000
0.8b,20,mmlu,all,valid_wrong,0.30,1000
0.8b,20,musique,all,has_proof,0.00,200
0.8b,20,musique,all,grammatical,0.00,200
0.8b,20,musique,all,valid,0.00,200
0.8b,20,musique,all,grounded,0.00,200
0.8b,20,musique,all,correct,0.00,200
0.8b,20,musique,all,valid_correct,0.00,200
0.8b,20,musique,all,in_system,0.00,200
0.8b,20,musique,all,valid_wrong,0.00,200
0.8b,20,musique,all,f1,0.00,200
0.8b,20,pw_all,all,has_proof,100.00,2500
0.8b,20,pw_all,all,grammatical,54.52,2500
0.8b,20,pw_all,all,valid,6.80,2500
0.8b,20,pw_all,all,grounded,27.16,2500
0.8b,20,pw_all,all,correct,33.84,2500
0.8b,20,pw_all,all,valid_correct,5.48,2500
0.8b,20,pw_all,all,in_system,5.48,2500
0.8b,20,pw_all,all,valid_wrong,1.32,2500
0.8b,20,pw_all,answerable,has_proof,100.00,1753
0.8b,20,pw_all,answerable,grammatical,55.16,1753
0.8b,20,pw_all,answerable,valid,8.27,1753
0.8b,20,pw_all,answerable,grounded,28.01,1753
0.8b,20,pw_all,answerable,correct,48.26,1753
0.8b,20,pw_all,answerable,valid_correct,7.82,1753
0.8b,20,pw_all,answerable,in_system,7.82,1753
0.8b,20,pw_all,answerable,valid_wrong,0.46,1753
0.8b,20,pw_d0,all,has_proof,100.00,500
0.8b,20,pw_d0,all,grammatical,54.20,500
0.8b,20,pw_d0,all,valid,8.00,500
0.8b,20,pw_d0,all,grounded,30.00,500
0.8b,20,pw_d0,all,correct,23.80,500
0.8b,20,pw_d0,all,valid_correct,6.60,500
0.8b,20,pw_d0,all,in_system,6.60,500
0.8b,20,pw_d0,all,valid_wrong,1.40,500
0.8b,20,pw_d0,answerable,has_proof,100.00,226
0.8b,20,pw_d0,answerable,grammatical,56.64,226
0.8b,20,pw_d0,answerable,valid,15.49,226
0.8b,20,pw_d0,answerable,grounded,36.73,226
0.8b,20,pw_d0,answerable,correct,52.65,226
0.8b,20,pw_d0,answerable,valid_correct,14.60,226
0.8b,20,pw_d0,answerable,in_system,14.60,226
0.8b,20,pw_d0,answerable,valid_wrong,0.88,226
0.8b,20,pw_d1,all,has_proof,100.00,500
0.8b,20,pw_d1,all,grammatical,57.80,500
0.8b,20,pw_d1,all,valid,8.60,500
0.8b,20,pw_d1,all,grounded,32.00,500
0.8b,20,pw_d1,all,correct,28.40,500
0.8b,20,pw_d1,all,valid_correct,6.80,500
0.8b,20,pw_d1,all,in_system,6.80,500
0.8b,20,pw_d1,all,valid_wrong,1.80,500
0.8b,20,pw_d1,answerable,has_proof,100.00,255
0.8b,20,pw_d1,answerable,grammatical,62.75,255
0.8b,20,pw_d1,answerable,valid,13.73,255
0.8b,20,pw_d1,answerable,grounded,37.25,255
0.8b,20,pw_d1,answerable,correct,55.69,255
0.8b,20,pw_d1,answerable,valid_correct,13.33,255
0.8b,20,pw_d1,answerable,in_system,13.33,255
0.8b,20,pw_d1,answerable,valid_wrong,0.39,255
0.8b,20,pw_d2,all,has_proof,100.00,500
0.8b,20,pw_d2,all,grammatical,54.40,500
0.8b,20,pw_d2,all,valid,7.00,500
0.8b,20,pw_d2,all,grounded,27.80,500
0.8b,20,pw_d2,all,correct,38.60,500
0.8b,20,pw_d2,all,valid_correct,5.80,500
0.8b,20,pw_d2,all,in_system,5.80,500
0.8b,20,pw_d2,all,valid_wrong,1.20,500
0.8b,20,pw_d2,answerable,has_proof,100.00,382
0.8b,20,pw_d2,answerable,grammatical,56.28,382
0.8b,20,pw_d2,answerable,valid,7.85,382
0.8b,20,pw_d2,answerable,grounded,29.32,382
0.8b,20,pw_d2,answerable,correct,50.52,382
0.8b,20,pw_d2,answerable,valid_correct,7.59,382
0.8b,20,pw_d2,answerable,in_system,7.59,382
0.8b,20,pw_d2,answerable,valid_wrong,0.26,382
0.8b,20,pw_d3,all,has_proof,100.00,500
0.8b,20,pw_d3,all,grammatical,56.00,500
0.8b,20,pw_d3,all,valid,6.20,500
0.8b,20,pw_d3,all,grounded,25.80,500
0.8b,20,pw_d3,all,correct,39.00,500
0.8b,20,pw_d3,all,valid_correct,5.00,500
0.8b,20,pw_d3,all,in_system,5.00,500
0.8b,20,pw_d3,all,valid_wrong,1.20,500
0.8b,20,pw_d3,answerable,has_proof,100.00,413
0.8b,20,pw_d3,answerable,grammatical,55.21,413
0.8b,20,pw_d3,answerable,valid,6.30,413
0.8b,20,pw_d3,answerable,grounded,26.39,413
0.8b,20,pw_d3,answerable,correct,47.22,413
0.8b,20,pw_d3,answerable,valid_correct,6.05,413
0.8b,20,pw_d3,answerable,in_system,6.05,413
0.8b,20,pw_d3,answerable,valid_wrong,0.24,413
0.8b,20,pw_d5,all,has_proof,100.00,500
0.8b,20,pw_d5,all,grammatical,50.20,500
0.8b,20,pw_d5,all,valid,4.20,500
0.8b,20,pw_d5,all,grounded,20.20,500
0.8b,20,pw_d5,all,correct,39.40,500
0.8b,20,pw_d5,all,valid_correct,3.20,500
0.8b,20,pw_d5,all,in_system,3.20,500
0.8b,20,pw_d5,all,valid_wrong,1.00,500
0.8b,20,pw_d5,answerable,has_proof,100.00,477
0.8b,20,pw_d5,answerable,grammatical,49.48,477
0.8b,20,pw_d5,answerable,valid,3.98,477
0.8b,20,pw_d5,answerable,grounded,19.29,477
0.8b,20,pw_d5,answerable,correct,41.30,477
0.8b,20,pw_d5,answerable,valid_correct,3.35,477
0.8b,20,pw_d5,answerable,in_system,3.35,477
0.8b,20,pw_d5,answerable,valid_wrong,0.63,477
0.8b,25,overall,all,has_proof,90.09,9524
0.8b,25,overall,all,grammatical,21.88,9524
0.8b,25,overall,all,valid,2.78,9524
0.8b,25,overall,all,grounded,11.80,9524
0.8b,25,overall,all,correct,25.02,9524
0.8b,25,overall,all,valid_correct,1.93,9524
0.8b,25,overall,all,in_system,1.82,9524
0.8b,25,overall,all,valid_wrong,0.85,9524
0.8b,25,overall,all,f1,0.00,9524
0.8b,25,overall,answerable,has_proof,100.00,3187
0.8b,25,overall,answerable,grammatical,40.70,3187
0.8b,25,overall,answerable,valid,6.18,3187
0.8b,25,overall,answerable,grounded,22.47,3187
0.8b,25,overall,answerable,correct,40.98,3187
0.8b,25,overall,answerable,valid_correct,5.43,3187
0.8b,25,overall,answerable,in_system,5.43,3187
0.8b,25,overall,answerable,valid_wrong,0.75,3187
0.8b,25,bbh,all,has_proof,92.48,2700
0.8b,25,bbh,all,grammatical,10.63,2700
0.8b,25,bbh,all,valid,0.63,2700
0.8b,25,bbh,all,grounded,6.30,2700
0.8b,25,bbh,all,correct,21.07,2700
0.8b,25,bbh,all,valid_correct,0.22,2700
0.8b,25,bbh,all,in_system,0.07,2700
0.8b,25,bbh,all,valid_wrong,0.41,2700
0.8b,25,bbh,answerable,has_proof,100.00,800
0.8b,25,bbh,answerable,grammatical,15.50,800
0.8b,25,bbh,answerable,valid,0.75,800
0.8b,25,bbh,answerable,grounded,9.25,800
0.8b,25,bbh,answerable,correct,30.00,800
0.8b,25,bbh,answerable,valid_correct,0.25,800
0.8b,25,bbh,answerable,in_system,0.25,800
0.8b,25,bbh,answerable,valid_wrong,0.50,800
0.8b,25,deduction,all,has_proof,100.00,2703
0.8b,25,deduction,all,grammatical,55.23,2703
0.8b,25,deduction,all,valid,7.73,2703
0.8b,25,deduction,all,grounded,29.56,2703
0.8b,25,deduction,all,correct,36.74,2703
0.8b,25,deduction,all,valid_correct,6.03,2703
0.8b,25,deduction,all,in_system,6.03,2703
0.8b,25,deduction,all,valid_wrong,1.70,2703
0.8b,25,deduction,answerable,has_proof,100.00,1887
0.8b,25,deduction,answerable,grammatical,55.01,1887
0.8b,25,deduction,answerable,valid,9.22,1887
0.8b,25,deduction,answerable,grounded,30.52,1887
0.8b,25,deduction,answerable,correct,52.62,1887
0.8b,25,deduction,answerable,valid_correct,8.64,1887
0.8b,25,deduction,answerable,in_system,8.64,1887
0.8b,25,deduction,answerable,valid_wrong,0.58,1887
0.8b,25,gpqa,all,has_proof,75.76,198
0.8b,25,gpqa,all,grammatical,1.52,198
0.8b,25,gpqa,all,valid,0.00,198
0.8b,25,gpqa,all,grounded,1.01,198
0.8b,25,gpqa,all,correct,13.13,198
0.8b,25,gpqa,all,valid_correct,0.00,198
0.8b,25,gpqa,all,in_system,0.00,198
0.8b,25,gpqa,all,valid_wrong,0.00,198
0.8b,25,multihop,all,has_proof,0.00,600
0.8b,25,multihop,all,grammatical,0.00,600
0.8b,25,multihop,all,valid,0.00,600
0.8b,25,multihop,all,grounded,0.00,600
0.8b,25,multihop,all,correct,0.00,600
0.8b,25,multihop,all,valid_correct,0.00,600
0.8b,25,multihop,all,in_system,0.00,600
0.8b,25,multihop,all,valid_wrong,0.00,600
0.8b,25,multihop,all,f1,0.00,600
0.8b,25,standard,all,has_proof,97.20,3323
0.8b,25,standard,all,grammatical,9.06,3323
0.8b,25,standard,all,valid,1.17,3323
0.8b,25,standard,all,grounded,4.60,3323
0.8b,25,standard,all,correct,23.92,3323
0.8b,25,standard,all,valid_correct,0.45,3323
0.8b,25,standard,all,in_system,0.24,3323
0.8b,25,standard,all,valid_wrong,0.72,3323
0.8b,25,standard,answerable,has_proof,100.00,500
0.8b,25,standard,answerable,grammatical,27.00,500
0.8b,25,standard,answerable,valid,3.40,500
0.8b,25,standard,answerable,grounded,13.20,500
0.8b,25,standard,answerable,correct,14.60,500
0.8b,25,standard,answerable,valid_correct,1.60,500
0.8b,25,standard,answerable,in_system,1.60,500
0.8b,25,standard,answerable,valid_wrong,1.80,500
0.8b,25,2wikimqa,all,has_proof,0.00,200
0.8b,25,2wikimqa,all,grammatical,0.00,200
0.8b,25,2wikimqa,all,valid,0.00,200
0.8b,25,2wikimqa,all,grounded,0.00,200
0.8b,25,2wikimqa,all,correct,0.00,200
0.8b,25,2wikimqa,all,valid_correct,0.00,200
0.8b,25,2wikimqa,all,in_system,0.00,200
0.8b,25,2wikimqa,all,valid_wrong,0.00,200
0.8b,25,2wikimqa,all,f1,0.00,200
0.8b,25,arc_challenge,all,has_proof,98.12,1172
0.8b,25,arc_challenge,all,grammatical,8.70,1172
0.8b,25,arc_challenge,all,valid,1.19,1172
0.8b,25,arc_challenge,all,grounded,4.78,1172
0.8b,25,arc_challenge,all,correct,30.80,1172
0.8b,25,arc_challenge,all,valid_correct,0.17,1172
0.8b,25,arc_challenge,all,in_system,0.00,1172
0.8b,25,arc_challenge,all,valid_wrong,1.02,1172
0.8b,25,bbh_boolean_expressions,all,has_proof,100.00,100
0.8b,25,bbh_boolean_expressions,all,grammatical,3.00,100
0.8b,25,bbh_boolean_expressions,all,valid,0.00,100
0.8b,25,bbh_boolean_expressions,all,grounded,1.00,100
0.8b,25,bbh_boolean_expressions,all,correct,38.00,100
0.8b,25,bbh_boolean_expressions,all,valid_correct,0.00,100
0.8b,25,bbh_boolean_expressions,all,in_system,0.00,100
0.8b,25,bbh_boolean_expressions,all,valid_wrong,0.00,100
0.8b,25,bbh_boolean_expressions,answerable,has_proof,100.00,100
0.8b,25,bbh_boolean_expressions,answerable,grammatical,3.00,100
0.8b,25,bbh_boolean_expressions,answerable,valid,0.00,100
0.8b,25,bbh_boolean_expressions,answerable,grounded,1.00,100
0.8b,25,bbh_boolean_expressions,answerable,correct,38.00,100
0.8b,25,bbh_boolean_expressions,answerable,valid_correct,0.00,100
0.8b,25,bbh_boolean_expressions,answerable,in_system,0.00,100
0.8b,25,bbh_boolean_expressions,answerable,valid_wrong,0.00,100
0.8b,25,bbh_causal_judgement,all,has_proof,100.00,100
0.8b,25,bbh_causal_judgement,all,grammatical,22.00,100
0.8b,25,bbh_causal_judgement,all,valid,2.00,100
0.8b,25,bbh_causal_judgement,all,grounded,10.00,100
0.8b,25,bbh_causal_judgement,all,correct,31.00,100
0.8b,25,bbh_causal_judgement,all,valid_correct,0.00,100
0.8b,25,bbh_causal_judgement,all,in_system,0.00,100
0.8b,25,bbh_causal_judgement,all,valid_wrong,2.00,100
0.8b,25,bbh_causal_judgement,answerable,has_proof,100.00,100
0.8b,25,bbh_causal_judgement,answerable,grammatical,22.00,100
0.8b,25,bbh_causal_judgement,answerable,valid,2.00,100
0.8b,25,bbh_causal_judgement,answerable,grounded,10.00,100
0.8b,25,bbh_causal_judgement,answerable,correct,31.00,100
0.8b,25,bbh_causal_judgement,answerable,valid_correct,0.00,100
0.8b,25,bbh_causal_judgement,answerable,in_system,0.00,100
0.8b,25,bbh_causal_judgement,answerable,valid_wrong,2.00,100
0.8b,25,bbh_date_understanding,all,has_proof,100.00,100
0.8b,25,bbh_date_understanding,all,grammatical,0.00,100
0.8b,25,bbh_date_understanding,all,valid,0.00,100
0.8b,25,bbh_date_understanding,all,grounded,0.00,100
0.8b,25,bbh_date_understanding,all,correct,20.00,100
0.8b,25,bbh_date_understanding,all,valid_correct,0.00,100
0.8b,25,bbh_date_understanding,all,in_system,0.00,100
0.8b,25,bbh_date_understanding,all,valid_wrong,0.00,100
0.8b,25,bbh_disambiguation_qa,all,has_proof,15.00,100
0.8b,25,bbh_disambiguation_qa,all,grammatical,0.00,100
0.8b,25,bbh_disambiguation_qa,all,valid,0.00,100
0.8b,25,bbh_disambiguation_qa,all,grounded,0.00,100
0.8b,25,bbh_disambiguation_qa,all,correct,37.00,100
0.8b,25,bbh_disambiguation_qa,all,valid_correct,0.00,100
0.8b,25,bbh_disambiguation_qa,all,in_system,0.00,100
0.8b,25,bbh_disambiguation_qa,all,valid_wrong,0.00,100
0.8b,25,bbh_dyck_languages,all,has_proof,27.00,100
0.8b,25,bbh_dyck_languages,all,grammatical,0.00,100
0.8b,25,bbh_dyck_languages,all,valid,0.00,100
0.8b,25,bbh_dyck_languages,all,grounded,0.00,100
0.8b,25,bbh_dyck_languages,all,correct,1.00,100
0.8b,25,bbh_dyck_languages,all,valid_correct,0.00,100
0.8b,25,bbh_dyck_languages,all,in_system,0.00,100
0.8b,25,bbh_dyck_languages,all,valid_wrong,0.00,100
0.8b,25,bbh_formal_fallacies,all,has_proof,100.00,100
0.8b,25,bbh_formal_fallacies,all,grammatical,18.00,100
0.8b,25,bbh_formal_fallacies,all,valid,1.00,100
0.8b,25,bbh_formal_fallacies,all,grounded,9.00,100
0.8b,25,bbh_formal_fallacies,all,correct,32.00,100
0.8b,25,bbh_formal_fallacies,all,valid_correct,1.00,100
0.8b,25,bbh_formal_fallacies,all,in_system,1.00,100
0.8b,25,bbh_formal_fallacies,all,valid_wrong,0.00,100
0.8b,25,bbh_formal_fallacies,answerable,has_proof,100.00,100
0.8b,25,bbh_formal_fallacies,answerable,grammatical,18.00,100
0.8b,25,bbh_formal_fallacies,answerable,valid,1.00,100
0.8b,25,bbh_formal_fallacies,answerable,grounded,9.00,100
0.8b,25,bbh_formal_fallacies,answerable,correct,32.00,100
0.8b,25,bbh_formal_fallacies,answerable,valid_correct,1.00,100
0.8b,25,bbh_formal_fallacies,answerable,in_system,1.00,100
0.8b,25,bbh_formal_fallacies,answerable,valid_wrong,0.00,100
0.8b,25,bbh_geometric_shapes,all,has_proof,100.00,100
0.8b,25,bbh_geometric_shapes,all,grammatical,0.00,100
0.8b,25,bbh_geometric_shapes,all,valid,0.00,100
0.8b,25,bbh_geometric_shapes,all,grounded,0.00,100
0.8b,25,bbh_geometric_shapes,all,correct,10.00,100
0.8b,25,bbh_geometric_shapes,all,valid_correct,0.00,100
0.8b,25,bbh_geometric_shapes,all,in_system,0.00,100
0.8b,25,bbh_geometric_shapes,all,valid_wrong,0.00,100
0.8b,25,bbh_hyperbaton,all,has_proof,100.00,100
0.8b,25,bbh_hyperbaton,all,grammatical,0.00,100
0.8b,25,bbh_hyperbaton,all,valid,0.00,100
0.8b,25,bbh_hyperbaton,all,grounded,0.00,100
0.8b,25,bbh_hyperbaton,all,correct,43.00,100
0.8b,25,bbh_hyperbaton,all,valid_correct,0.00,100
0.8b,25,bbh_hyperbaton,all,in_system,0.00,100
0.8b,25,bbh_hyperbaton,all,valid_wrong,0.00,100
0.8b,25,bbh_logical_deduction_five_objects,all,has_proof,100.00,100
0.8b,25,bbh_logical_deduction_five_objects,all,grammatical,24.00,100
0.8b,25,bbh_logical_deduction_five_objects,all,valid,2.00,100
0.8b,25,bbh_logical_deduction_five_objects,all,grounded,14.00,100
0.8b,25,bbh_logical_deduction_five_objects,all,correct,12.00,100
0.8b,25,bbh_logical_deduction_five_objects,all,valid_correct,0.00,100
0.8b,25,bbh_logical_deduction_five_objects,all,in_system,0.00,100
0.8b,25,bbh_logical_deduction_five_objects,all,valid_wrong,2.00,100
0.8b,25,bbh_logical_deduction_seven_objects,all,has_proof,100.00,100
0.8b,25,bbh_logical_deduction_seven_objects,all,grammatical,16.00,100
0.8b,25,bbh_logical_deduction_seven_objects,all,valid,3.00,100
0.8b,25,bbh_logical_deduction_seven_objects,all,grounded,12.00,100
0.8b,25,bbh_logical_deduction_seven_objects,all,correct,14.00,100
0.8b,25,bbh_logical_deduction_seven_objects,all,valid_correct,1.00,100
0.8b,25,bbh_logical_deduction_seven_objects,all,in_system,0.00,100
0.8b,25,bbh_logical_deduction_seven_objects,all,valid_wrong,2.00,100
0.8b,25,bbh_logical_deduction_three_objects,all,has_proof,100.00,100
0.8b,25,bbh_logical_deduction_three_objects,all,grammatical,29.00,100
0.8b,25,bbh_logical_deduction_three_objects,all,valid,2.00,100
0.8b,25,bbh_logical_deduction_three_objects,all,grounded,20.00,100
0.8b,25,bbh_logical_deduction_three_objects,all,correct,16.00,100
0.8b,25,bbh_logical_deduction_three_objects,all,valid_correct,0.00,100
0.8b,25,bbh_logical_deduction_three_objects,all,in_system,0.00,100
0.8b,25,bbh_logical_deduction_three_objects,all,valid_wrong,2.00,100
0.8b,25,bbh_movie_recommendation,all,has_proof,100.00,100
0.8b,25,bbh_movie_recommendation,all,grammatical,24.00,100
0.8b,25,bbh_movie_recommendation,all,valid,0.00,100
0.8b,25,bbh_movie_recommendation,all,grounded,0.00,100
0.8b,25,bbh_movie_recommendation,all,correct,16.00,100
0.8b,25,bbh_movie_recommendation,all,valid_correct,0.00,100
0.8b,25,bbh_movie_recommendation,all,in_system,0.00,100
0.8b,25,bbh_movie_recommendation,all,valid_wrong,0.00,100
0.8b,25,bbh_multistep_arithmetic_two,all,has_proof,100.00,100
0.8b,25,bbh_multistep_arithmetic_two,all,grammatical,0.00,100
0.8b,25,bbh_multistep_arithmetic_two,all,valid,0.00,100
0.8b,25,bbh_multistep_arithmetic_two,all,grounded,0.00,100
0.8b,25,bbh_multistep_arithmetic_two,all,correct,1.00,100
0.8b,25,bbh_multistep_arithmetic_two,all,valid_correct,0.00,100
0.8b,25,bbh_multistep_arithmetic_two,all,in_system,0.00,100
0.8b,25,bbh_multistep_arithmetic_two,all,valid_wrong,0.00,100
0.8b,25,bbh_multistep_arithmetic_two,answerable,has_proof,100.00,100
0.8b,25,bbh_multistep_arithmetic_two,answerable,grammatical,0.00,100
0.8b,25,bbh_multistep_arithmetic_two,answerable,valid,0.00,100
0.8b,25,bbh_multistep_arithmetic_two,answerable,grounded,0.00,100
0.8b,25,bbh_multistep_arithmetic_two,answerable,correct,1.00,100
0.8b,25,bbh_multistep_arithmetic_two,answerable,valid_correct,0.00,100
0.8b,25,bbh_multistep_arithmetic_two,answerable,in_system,0.00,100
0.8b,25,bbh_multistep_arithmetic_two,answerable,valid_wrong,0.00,100
0.8b,25,bbh_navigate,all,has_proof,100.00,100
0.8b,25,bbh_navigate,all,grammatical,8.00,100
0.8b,25,bbh_navigate,all,valid,2.00,100
0.8b,25,bbh_navigate,all,grounded,3.00,100
0.8b,25,bbh_navigate,all,correct,30.00,100
0.8b,25,bbh_navigate,all,valid_correct,0.00,100
0.8b,25,bbh_navigate,all,in_system,0.00,100
0.8b,25,bbh_navigate,all,valid_wrong,2.00,100
0.8b,25,bbh_navigate,answerable,has_proof,100.00,100
0.8b,25,bbh_navigate,answerable,grammatical,8.00,100
0.8b,25,bbh_navigate,answerable,valid,2.00,100
0.8b,25,bbh_navigate,answerable,grounded,3.00,100
0.8b,25,bbh_navigate,answerable,correct,30.00,100
0.8b,25,bbh_navigate,answerable,valid_correct,0.00,100
0.8b,25,bbh_navigate,answerable,in_system,0.00,100
0.8b,25,bbh_navigate,answerable,valid_wrong,2.00,100
0.8b,25,bbh_object_counting,all,has_proof,100.00,100
0.8b,25,bbh_object_counting,all,grammatical,8.00,100
0.8b,25,bbh_object_counting,all,valid,0.00,100
0.8b,25,bbh_object_counting,all,grounded,2.00,100
0.8b,25,bbh_object_counting,all,correct,20.00,100
0.8b,25,bbh_object_counting,all,valid_correct,0.00,100
0.8b,25,bbh_object_counting,all,in_system,0.00,100
0.8b,25,bbh_object_counting,all,valid_wrong,0.00,100
0.8b,25,bbh_object_counting,answerable,has_proof,100.00,100
0.8b,25,bbh_object_counting,answerable,grammatical,8.00,100
0.8b,25,bbh_object_counting,answerable,valid,0.00,100
0.8b,25,bbh_object_counting,answerable,grounded,2.00,100
0.8b,25,bbh_object_counting,answerable,correct,20.00,100
0.8b,25,bbh_object_counting,answerable,valid_correct,0.00,100
0.8b,25,bbh_object_counting,answerable,in_system,0.00,100
0.8b,25,bbh_object_counting,answerable,valid_wrong,0.00,100
0.8b,25,bbh_penguins_in_a_table,all,has_proof,100.00,100
0.8b,25,bbh_penguins_in_a_table,all,grammatical,10.00,100
0.8b,25,bbh_penguins_in_a_table,all,valid,1.00,100
0.8b,25,bbh_penguins_in_a_table,all,grounded,6.00,100
0.8b,25,bbh_penguins_in_a_table,all,correct,38.00,100
0.8b,25,bbh_penguins_in_a_table,all,valid_correct,1.00,100
0.8b,25,bbh_penguins_in_a_table,all,in_system,0.00,100
0.8b,25,bbh_penguins_in_a_table,all,valid_wrong,0.00,100
0.8b,25,bbh_reasoning_about_colored_objects,all,has_proof,100.00,100
0.8b,25,bbh_reasoning_about_colored_objects,all,grammatical,16.00,100
0.8b,25,bbh_reasoning_about_colored_objects,all,valid,1.00,100
0.8b,25,bbh_reasoning_about_colored_objects,all,grounded,13.00,100
0.8b,25,bbh_reasoning_about_colored_objects,all,correct,34.00,100
0.8b,25,bbh_reasoning_about_colored_objects,all,valid_correct,1.00,100
0.8b,25,bbh_reasoning_about_colored_objects,all,in_system,0.00,100
0.8b,25,bbh_reasoning_about_colored_objects,all,valid_wrong,0.00,100
0.8b,25,bbh_ruin_names,all,has_proof,100.00,100
0.8b,25,bbh_ruin_names,all,grammatical,1.00,100
0.8b,25,bbh_ruin_names,all,valid,0.00,100
0.8b,25,bbh_ruin_names,all,grounded,0.00,100
0.8b,25,bbh_ruin_names,all,correct,10.00,100
0.8b,25,bbh_ruin_names,all,valid_correct,0.00,100
0.8b,25,bbh_ruin_names,all,in_system,0.00,100
0.8b,25,bbh_ruin_names,all,valid_wrong,0.00,100
0.8b,25,bbh_salient_translation_error_detection,all,has_proof,56.00,100
0.8b,25,bbh_salient_translation_error_detection,all,grammatical,0.00,100
0.8b,25,bbh_salient_translation_error_detection,all,valid,0.00,100
0.8b,25,bbh_salient_translation_error_detection,all,grounded,0.00,100
0.8b,25,bbh_salient_translation_error_detection,all,correct,18.00,100
0.8b,25,bbh_salient_translation_error_detection,all,valid_correct,0.00,100
0.8b,25,bbh_salient_translation_error_detection,all,in_system,0.00,100
0.8b,25,bbh_salient_translation_error_detection,all,valid_wrong,0.00,100
0.8b,25,bbh_snarks,all,has_proof,99.00,100
0.8b,25,bbh_snarks,all,grammatical,0.00,100
0.8b,25,bbh_snarks,all,valid,0.00,100
0.8b,25,bbh_snarks,all,grounded,0.00,100
0.8b,25,bbh_snarks,all,correct,29.00,100
0.8b,25,bbh_snarks,all,valid_correct,0.00,100
0.8b,25,bbh_snarks,all,in_system,0.00,100
0.8b,25,bbh_snarks,all,valid_wrong,0.00,100
0.8b,25,bbh_sports_understanding,all,has_proof,100.00,100
0.8b,25,bbh_sports_understanding,all,grammatical,5.00,100
0.8b,25,bbh_sports_understanding,all,valid,0.00,100
0.8b,25,bbh_sports_understanding,all,grounded,2.00,100
0.8b,25,bbh_sports_understanding,all,correct,43.00,100
0.8b,25,bbh_sports_understanding,all,valid_correct,0.00,100
0.8b,25,bbh_sports_understanding,all,in_system,0.00,100
0.8b,25,bbh_sports_understanding,all,valid_wrong,0.00,100
0.8b,25,bbh_sports_understanding,answerable,has_proof,100.00,100
0.8b,25,bbh_sports_understanding,answerable,grammatical,5.00,100
0.8b,25,bbh_sports_understanding,answerable,valid,0.00,100
0.8b,25,bbh_sports_understanding,answerable,grounded,2.00,100
0.8b,25,bbh_sports_understanding,answerable,correct,43.00,100
0.8b,25,bbh_sports_understanding,answerable,valid_correct,0.00,100
0.8b,25,bbh_sports_understanding,answerable,in_system,0.00,100
0.8b,25,bbh_sports_understanding,answerable,valid_wrong,0.00,100
0.8b,25,bbh_temporal_sequences,all,has_proof,100.00,100
0.8b,25,bbh_temporal_sequences,all,grammatical,13.00,100
0.8b,25,bbh_temporal_sequences,all,valid,0.00,100
0.8b,25,bbh_temporal_sequences,all,grounded,13.00,100
0.8b,25,bbh_temporal_sequences,all,correct,3.00,100
0.8b,25,bbh_temporal_sequences,all,valid_correct,0.00,100
0.8b,25,bbh_temporal_sequences,all,in_system,0.00,100
0.8b,25,bbh_temporal_sequences,all,valid_wrong,0.00,100
0.8b,25,bbh_tracking_shuffled_objects_five_objects,all,has_proof,100.00,100
0.8b,25,bbh_tracking_shuffled_objects_five_objects,all,grammatical,8.00,100
0.8b,25,bbh_tracking_shuffled_objects_five_objects,all,valid,0.00,100
0.8b,25,bbh_tracking_shuffled_objects_five_objects,all,grounded,4.00,100
0.8b,25,bbh_tracking_shuffled_objects_five_objects,all,correct,6.00,100
0.8b,25,bbh_tracking_shuffled_objects_five_objects,all,valid_correct,0.00,100
0.8b,25,bbh_tracking_shuffled_objects_five_objects,all,in_system,0.00,100
0.8b,25,bbh_tracking_shuffled_objects_five_objects,all,valid_wrong,0.00,100
0.8b,25,bbh_tracking_shuffled_objects_seven_objects,all,has_proof,100.00,100
0.8b,25,bbh_tracking_shuffled_objects_seven_objects,all,grammatical,6.00,100
0.8b,25,bbh_tracking_shuffled_objects_seven_objects,all,valid,1.00,100
0.8b,25,bbh_tracking_shuffled_objects_seven_objects,all,grounded,2.00,100
0.8b,25,bbh_tracking_shuffled_objects_seven_objects,all,correct,11.00,100
0.8b,25,bbh_tracking_shuffled_objects_seven_objects,all,valid_correct,1.00,100
0.8b,25,bbh_tracking_shuffled_objects_seven_objects,all,in_system,0.00,100
0.8b,25,bbh_tracking_shuffled_objects_seven_objects,all,valid_wrong,0.00,100
0.8b,25,bbh_tracking_shuffled_objects_three_objects,all,has_proof,100.00,100
0.8b,25,bbh_tracking_shuffled_objects_three_objects,all,grammatical,16.00,100
0.8b,25,bbh_tracking_shuffled_objects_three_objects,all,valid,1.00,100
0.8b,25,bbh_tracking_shuffled_objects_three_objects,all,grounded,12.00,100
0.8b,25,bbh_tracking_shuffled_objects_three_objects,all,correct,11.00,100
0.8b,25,bbh_tracking_shuffled_objects_three_objects,all,valid_correct,0.00,100
0.8b,25,bbh_tracking_shuffled_objects_three_objects,all,in_system,0.00,100
0.8b,25,bbh_tracking_shuffled_objects_three_objects,all,valid_wrong,1.00,100
0.8b,25,bbh_web_of_lies,all,has_proof,100.00,100
0.8b,25,bbh_web_of_lies,all,grammatical,60.00,100
0.8b,25,bbh_web_of_lies,all,valid,1.00,100
0.8b,25,bbh_web_of_lies,all,grounded,47.00,100
0.8b,25,bbh_web_of_lies,all,correct,45.00,100
0.8b,25,bbh_web_of_lies,all,valid_correct,1.00,100
0.8b,25,bbh_web_of_lies,all,in_system,1.00,100
0.8b,25,bbh_web_of_lies,all,valid_wrong,0.00,100
0.8b,25,bbh_web_of_lies,answerable,has_proof,100.00,100
0.8b,25,bbh_web_of_lies,answerable,grammatical,60.00,100
0.8b,25,bbh_web_of_lies,answerable,valid,1.00,100
0.8b,25,bbh_web_of_lies,answerable,grounded,47.00,100
0.8b,25,bbh_web_of_lies,answerable,correct,45.00,100
0.8b,25,bbh_web_of_lies,answerable,valid_correct,1.00,100
0.8b,25,bbh_web_of_lies,answerable,in_system,1.00,100
0.8b,25,bbh_web_of_lies,answerable,valid_wrong,0.00,100
0.8b,25,bbh_word_sorting,all,has_proof,100.00,100
0.8b,25,bbh_word_sorting,all,grammatical,0.00,100
0.8b,25,bbh_word_sorting,all,valid,0.00,100
0.8b,25,bbh_word_sorting,all,grounded,0.00,100
0.8b,25,bbh_word_sorting,all,correct,0.00,100
0.8b,25,bbh_word_sorting,all,valid_correct,0.00,100
0.8b,25,bbh_word_sorting,all,in_system,0.00,100
0.8b,25,bbh_word_sorting,all,valid_wrong,0.00,100
0.8b,25,folio,all,has_proof,100.00,203
0.8b,25,folio,all,grammatical,33.99,203
0.8b,25,folio,all,valid,2.46,203
0.8b,25,folio,all,grounded,23.15,203
0.8b,25,folio,all,correct,36.95,203
0.8b,25,folio,all,valid_correct,1.48,203
0.8b,25,folio,all,in_system,1.48,203
0.8b,25,folio,all,valid_wrong,0.99,203
0.8b,25,folio,answerable,has_proof,100.00,134
0.8b,25,folio,answerable,grammatical,29.10,134
0.8b,25,folio,answerable,valid,2.24,134
0.8b,25,folio,answerable,grounded,23.13,134
0.8b,25,folio,answerable,correct,55.97,134
0.8b,25,folio,answerable,valid_correct,2.24,134
0.8b,25,folio,answerable,in_system,2.24,134
0.8b,25,folio,answerable,valid_wrong,0.00,134
0.8b,25,gpqa_diamond,all,has_proof,75.76,198
0.8b,25,gpqa_diamond,all,grammatical,1.52,198
0.8b,25,gpqa_diamond,all,valid,0.00,198
0.8b,25,gpqa_diamond,all,grounded,1.01,198
0.8b,25,gpqa_diamond,all,correct,13.13,198
0.8b,25,gpqa_diamond,all,valid_correct,0.00,198
0.8b,25,gpqa_diamond,all,in_system,0.00,198
0.8b,25,gpqa_diamond,all,valid_wrong,0.00,198
0.8b,25,gpqa_quant,all,has_proof,87.67,73
0.8b,25,gpqa_quant,all,grammatical,1.37,73
0.8b,25,gpqa_quant,all,valid,0.00,73
0.8b,25,gpqa_quant,all,grounded,0.00,73
0.8b,25,gpqa_quant,all,correct,8.22,73
0.8b,25,gpqa_quant,all,valid_correct,0.00,73
0.8b,25,gpqa_quant,all,in_system,0.00,73
0.8b,25,gpqa_quant,all,valid_wrong,0.00,73
0.8b,25,gpqa_rest,all,has_proof,68.80,125
0.8b,25,gpqa_rest,all,grammatical,1.60,125
0.8b,25,gpqa_rest,all,valid,0.00,125
0.8b,25,gpqa_rest,all,grounded,1.60,125
0.8b,25,gpqa_rest,all,correct,16.00,125
0.8b,25,gpqa_rest,all,valid_correct,0.00,125
0.8b,25,gpqa_rest,all,in_system,0.00,125
0.8b,25,gpqa_rest,all,valid_wrong,0.00,125
0.8b,25,gsm8k,all,has_proof,100.00,500
0.8b,25,gsm8k,all,grammatical,27.00,500
0.8b,25,gsm8k,all,valid,3.40,500
0.8b,25,gsm8k,all,grounded,13.20,500
0.8b,25,gsm8k,all,correct,14.60,500
0.8b,25,gsm8k,all,valid_correct,1.60,500
0.8b,25,gsm8k,all,in_system,1.60,500
0.8b,25,gsm8k,all,valid_wrong,1.80,500
0.8b,25,gsm8k,answerable,has_proof,100.00,500
0.8b,25,gsm8k,answerable,grammatical,27.00,500
0.8b,25,gsm8k,answerable,valid,3.40,500
0.8b,25,gsm8k,answerable,grounded,13.20,500
0.8b,25,gsm8k,answerable,correct,14.60,500
0.8b,25,gsm8k,answerable,valid_correct,1.60,500
0.8b,25,gsm8k,answerable,in_system,1.60,500
0.8b,25,gsm8k,answerable,valid_wrong,1.80,500
0.8b,25,hotpotqa,all,has_proof,0.00,200
0.8b,25,hotpotqa,all,grammatical,0.00,200
0.8b,25,hotpotqa,all,valid,0.00,200
0.8b,25,hotpotqa,all,grounded,0.00,200
0.8b,25,hotpotqa,all,correct,0.00,200
0.8b,25,hotpotqa,all,valid_correct,0.00,200
0.8b,25,hotpotqa,all,in_system,0.00,200
0.8b,25,hotpotqa,all,valid_wrong,0.00,200
0.8b,25,hotpotqa,all,f1,0.00,200
0.8b,25,logiqa,all,has_proof,97.24,651
0.8b,25,logiqa,all,grammatical,4.15,651
0.8b,25,logiqa,all,valid,0.15,651
0.8b,25,logiqa,all,grounded,2.30,651
0.8b,25,logiqa,all,correct,13.52,651
0.8b,25,logiqa,all,valid_correct,0.00,651
0.8b,25,logiqa,all,in_system,0.00,651
0.8b,25,logiqa,all,valid_wrong,0.15,651
0.8b,25,mmlu,all,has_proof,94.70,1000
0.8b,25,mmlu,all,grammatical,3.70,1000
0.8b,25,mmlu,all,valid,0.70,1000
0.8b,25,mmlu,all,grounded,1.60,1000
0.8b,25,mmlu,all,correct,27.30,1000
0.8b,25,mmlu,all,valid_correct,0.50,1000
0.8b,25,mmlu,all,in_system,0.00,1000
0.8b,25,mmlu,all,valid_wrong,0.20,1000
0.8b,25,musique,all,has_proof,0.00,200
0.8b,25,musique,all,grammatical,0.00,200
0.8b,25,musique,all,valid,0.00,200
0.8b,25,musique,all,grounded,0.00,200
0.8b,25,musique,all,correct,0.00,200
0.8b,25,musique,all,valid_correct,0.00,200
0.8b,25,musique,all,in_system,0.00,200
0.8b,25,musique,all,valid_wrong,0.00,200
0.8b,25,musique,all,f1,0.00,200
0.8b,25,pw_all,all,has_proof,100.00,2500
0.8b,25,pw_all,all,grammatical,56.96,2500
0.8b,25,pw_all,all,valid,8.16,2500
0.8b,25,pw_all,all,grounded,30.08,2500
0.8b,25,pw_all,all,correct,36.72,2500
0.8b,25,pw_all,all,valid_correct,6.40,2500
0.8b,25,pw_all,all,in_system,6.40,2500
0.8b,25,pw_all,all,valid_wrong,1.76,2500
0.8b,25,pw_all,answerable,has_proof,100.00,1753
0.8b,25,pw_all,answerable,grammatical,56.99,1753
0.8b,25,pw_all,answerable,valid,9.75,1753
0.8b,25,pw_all,answerable,grounded,31.09,1753
0.8b,25,pw_all,answerable,correct,52.37,1753
0.8b,25,pw_all,answerable,valid_correct,9.13,1753
0.8b,25,pw_all,answerable,in_system,9.13,1753
0.8b,25,pw_all,answerable,valid_wrong,0.63,1753
0.8b,25,pw_d0,all,has_proof,100.00,500
0.8b,25,pw_d0,all,grammatical,59.60,500
0.8b,25,pw_d0,all,valid,10.00,500
0.8b,25,pw_d0,all,grounded,33.20,500
0.8b,25,pw_d0,all,correct,23.20,500
0.8b,25,pw_d0,all,valid_correct,7.80,500
0.8b,25,pw_d0,all,in_system,7.80,500
0.8b,25,pw_d0,all,valid_wrong,2.20,500
0.8b,25,pw_d0,answerable,has_proof,100.00,226
0.8b,25,pw_d0,answerable,grammatical,67.26,226
0.8b,25,pw_d0,answerable,valid,18.58,226
0.8b,25,pw_d0,answerable,grounded,44.69,226
0.8b,25,pw_d0,answerable,correct,51.33,226
0.8b,25,pw_d0,answerable,valid_correct,17.26,226
0.8b,25,pw_d0,answerable,in_system,17.26,226
0.8b,25,pw_d0,answerable,valid_wrong,1.33,226
0.8b,25,pw_d1,all,has_proof,100.00,500
0.8b,25,pw_d1,all,grammatical,59.00,500
0.8b,25,pw_d1,all,valid,10.40,500
0.8b,25,pw_d1,all,grounded,35.60,500
0.8b,25,pw_d1,all,correct,28.60,500
0.8b,25,pw_d1,all,valid_correct,8.60,500
0.8b,25,pw_d1,all,in_system,8.60,500
0.8b,25,pw_d1,all,valid_wrong,1.80,500
0.8b,25,pw_d1,answerable,has_proof,100.00,255
0.8b,25,pw_d1,answerable,grammatical,60.78,255
0.8b,25,pw_d1,answerable,valid,17.65,255
0.8b,25,pw_d1,answerable,grounded,40.39,255
0.8b,25,pw_d1,answerable,correct,56.08,255
0.8b,25,pw_d1,answerable,valid_correct,16.86,255
0.8b,25,pw_d1,answerable,in_system,16.86,255
0.8b,25,pw_d1,answerable,valid_wrong,0.78,255
0.8b,25,pw_d2,all,has_proof,100.00,500
0.8b,25,pw_d2,all,grammatical,58.20,500
0.8b,25,pw_d2,all,valid,8.60,500
0.8b,25,pw_d2,all,grounded,32.60,500
0.8b,25,pw_d2,all,correct,43.40,500
0.8b,25,pw_d2,all,valid_correct,7.40,500
0.8b,25,pw_d2,all,in_system,7.40,500
0.8b,25,pw_d2,all,valid_wrong,1.20,500
0.8b,25,pw_d2,answerable,has_proof,100.00,382
0.8b,25,pw_d2,answerable,grammatical,58.12,382
0.8b,25,pw_d2,answerable,valid,9.95,382
0.8b,25,pw_d2,answerable,grounded,33.25,382
0.8b,25,pw_d2,answerable,correct,56.81,382
0.8b,25,pw_d2,answerable,valid_correct,9.69,382
0.8b,25,pw_d2,answerable,in_system,9.69,382
0.8b,25,pw_d2,answerable,valid_wrong,0.26,382
0.8b,25,pw_d3,all,has_proof,100.00,500
0.8b,25,pw_d3,all,grammatical,59.20,500
0.8b,25,pw_d3,all,valid,8.00,500
0.8b,25,pw_d3,all,grounded,28.20,500
0.8b,25,pw_d3,all,correct,44.80,500
0.8b,25,pw_d3,all,valid_correct,6.00,500
0.8b,25,pw_d3,all,in_system,6.00,500
0.8b,25,pw_d3,all,valid_wrong,2.00,500
0.8b,25,pw_d3,answerable,has_proof,100.00,413
0.8b,25,pw_d3,answerable,grammatical,57.87,413
0.8b,25,pw_d3,answerable,valid,7.51,413
0.8b,25,pw_d3,answerable,grounded,28.57,413
0.8b,25,pw_d3,answerable,correct,54.24,413
0.8b,25,pw_d3,answerable,valid_correct,7.26,413
0.8b,25,pw_d3,answerable,in_system,7.26,413
0.8b,25,pw_d3,answerable,valid_wrong,0.24,413
0.8b,25,pw_d5,all,has_proof,100.00,500
0.8b,25,pw_d5,all,grammatical,48.80,500
0.8b,25,pw_d5,all,valid,3.80,500
0.8b,25,pw_d5,all,grounded,20.80,500
0.8b,25,pw_d5,all,correct,43.60,500
0.8b,25,pw_d5,all,valid_correct,2.20,500
0.8b,25,pw_d5,all,in_system,2.20,500
0.8b,25,pw_d5,all,valid_wrong,1.60,500
0.8b,25,pw_d5,answerable,has_proof,100.00,477
0.8b,25,pw_d5,answerable,grammatical,48.43,477
0.8b,25,pw_d5,answerable,valid,3.14,477
0.8b,25,pw_d5,answerable,grounded,20.13,477
0.8b,25,pw_d5,answerable,correct,45.70,477
0.8b,25,pw_d5,answerable,valid_correct,2.31,477
0.8b,25,pw_d5,answerable,in_system,2.31,477
0.8b,25,pw_d5,answerable,valid_wrong,0.84,477
0.8b,30,overall,all,has_proof,89.56,9524
0.8b,30,overall,all,grammatical,23.31,9524
0.8b,30,overall,all,valid,2.95,9524
0.8b,30,overall,all,grounded,12.72,9524
0.8b,30,overall,all,correct,25.25,9524
0.8b,30,overall,all,valid_correct,2.04,9524
0.8b,30,overall,all,in_system,1.94,9524
0.8b,30,overall,all,valid_wrong,0.91,9524
0.8b,30,overall,all,f1,0.00,9524
0.8b,30,overall,answerable,has_proof,100.00,3187
0.8b,30,overall,answerable,grammatical,45.15,3187
0.8b,30,overall,answerable,valid,6.59,3187
0.8b,30,overall,answerable,grounded,25.42,3187
0.8b,30,overall,answerable,correct,42.58,3187
0.8b,30,overall,answerable,valid_correct,5.80,3187
0.8b,30,overall,answerable,in_system,5.80,3187
0.8b,30,overall,answerable,valid_wrong,0.78,3187
0.8b,30,bbh,all,has_proof,92.15,2700
0.8b,30,bbh,all,grammatical,11.33,2700
0.8b,30,bbh,all,valid,0.67,2700
0.8b,30,bbh,all,grounded,6.56,2700
0.8b,30,bbh,all,correct,19.52,2700
0.8b,30,bbh,all,valid_correct,0.26,2700
0.8b,30,bbh,all,in_system,0.11,2700
0.8b,30,bbh,all,valid_wrong,0.41,2700
0.8b,30,bbh,answerable,has_proof,100.00,800
0.8b,30,bbh,answerable,grammatical,18.75,800
0.8b,30,bbh,answerable,valid,0.75,800
0.8b,30,bbh,answerable,grounded,10.12,800
0.8b,30,bbh,answerable,correct,31.50,800
0.8b,30,bbh,answerable,valid_correct,0.38,800
0.8b,30,bbh,answerable,in_system,0.38,800
0.8b,30,bbh,answerable,valid_wrong,0.38,800
0.8b,30,deduction,all,has_proof,100.00,2703
0.8b,30,deduction,all,grammatical,59.01,2703
0.8b,30,deduction,all,valid,8.44,2703
0.8b,30,deduction,all,grounded,32.30,2703
0.8b,30,deduction,all,correct,38.03,2703
0.8b,30,deduction,all,valid_correct,6.55,2703
0.8b,30,deduction,all,in_system,6.55,2703
0.8b,30,deduction,all,valid_wrong,1.89,2703
0.8b,30,deduction,answerable,has_proof,100.00,1887
0.8b,30,deduction,answerable,grammatical,60.57,1887
0.8b,30,deduction,answerable,valid,10.07,1887
0.8b,30,deduction,answerable,grounded,34.55,1887
0.8b,30,deduction,answerable,correct,54.48,1887
0.8b,30,deduction,answerable,valid_correct,9.38,1887
0.8b,30,deduction,answerable,in_system,9.38,1887
0.8b,30,deduction,answerable,valid_wrong,0.69,1887
0.8b,30,gpqa,all,has_proof,69.70,198
0.8b,30,gpqa,all,grammatical,0.51,198
0.8b,30,gpqa,all,valid,0.00,198
0.8b,30,gpqa,all,grounded,0.00,198
0.8b,30,gpqa,all,correct,17.17,198
0.8b,30,gpqa,all,valid_correct,0.00,198
0.8b,30,gpqa,all,in_system,0.00,198
0.8b,30,gpqa,all,valid_wrong,0.00,198
0.8b,30,multihop,all,has_proof,0.00,600
0.8b,30,multihop,all,grammatical,0.00,600
0.8b,30,multihop,all,valid,0.00,600
0.8b,30,multihop,all,grounded,0.00,600
0.8b,30,multihop,all,correct,0.00,600
0.8b,30,multihop,all,valid_correct,0.00,600
0.8b,30,multihop,all,in_system,0.00,600
0.8b,30,multihop,all,valid_wrong,0.00,600
0.8b,30,multihop,all,f1,0.00,600
0.8b,30,standard,all,has_proof,96.33,3323
0.8b,30,standard,all,grammatical,9.57,3323
0.8b,30,standard,all,valid,1.05,3323
0.8b,30,standard,all,grounded,4.85,3323
0.8b,30,standard,all,correct,24.56,3323
0.8b,30,standard,all,valid_correct,0.30,3323
0.8b,30,standard,all,in_system,0.15,3323
0.8b,30,standard,all,valid_wrong,0.75,3323
0.8b,30,standard,answerable,has_proof,100.00,500
0.8b,30,standard,answerable,grammatical,29.20,500
0.8b,30,standard,answerable,valid,2.80,500
0.8b,30,standard,answerable,grounded,15.40,500
0.8b,30,standard,answerable,correct,15.40,500
0.8b,30,standard,answerable,valid_correct,1.00,500
0.8b,30,standard,answerable,in_system,1.00,500
0.8b,30,standard,answerable,valid_wrong,1.80,500
0.8b,30,2wikimqa,all,has_proof,0.00,200
0.8b,30,2wikimqa,all,grammatical,0.00,200
0.8b,30,2wikimqa,all,valid,0.00,200
0.8b,30,2wikimqa,all,grounded,0.00,200
0.8b,30,2wikimqa,all,correct,0.00,200
0.8b,30,2wikimqa,all,valid_correct,0.00,200
0.8b,30,2wikimqa,all,in_system,0.00,200
0.8b,30,2wikimqa,all,valid_wrong,0.00,200
0.8b,30,2wikimqa,all,f1,0.00,200
0.8b,30,arc_challenge,all,has_proof,98.12,1172
0.8b,30,arc_challenge,all,grammatical,8.53,1172
0.8b,30,arc_challenge,all,valid,1.19,1172
0.8b,30,arc_challenge,all,grounded,4.18,1172
0.8b,30,arc_challenge,all,correct,31.66,1172
0.8b,30,arc_challenge,all,valid_correct,0.26,1172
0.8b,30,arc_challenge,all,in_system,0.00,1172
0.8b,30,arc_challenge,all,valid_wrong,0.94,1172
0.8b,30,bbh_boolean_expressions,all,has_proof,100.00,100
0.8b,30,bbh_boolean_expressions,all,grammatical,2.00,100
0.8b,30,bbh_boolean_expressions,all,valid,0.00,100
0.8b,30,bbh_boolean_expressions,all,grounded,2.00,100
0.8b,30,bbh_boolean_expressions,all,correct,35.00,100
0.8b,30,bbh_boolean_expressions,all,valid_correct,0.00,100
0.8b,30,bbh_boolean_expressions,all,in_system,0.00,100
0.8b,30,bbh_boolean_expressions,all,valid_wrong,0.00,100
0.8b,30,bbh_boolean_expressions,answerable,has_proof,100.00,100
0.8b,30,bbh_boolean_expressions,answerable,grammatical,2.00,100
0.8b,30,bbh_boolean_expressions,answerable,valid,0.00,100
0.8b,30,bbh_boolean_expressions,answerable,grounded,2.00,100
0.8b,30,bbh_boolean_expressions,answerable,correct,35.00,100
0.8b,30,bbh_boolean_expressions,answerable,valid_correct,0.00,100
0.8b,30,bbh_boolean_expressions,answerable,in_system,0.00,100
0.8b,30,bbh_boolean_expressions,answerable,valid_wrong,0.00,100
0.8b,30,bbh_causal_judgement,all,has_proof,100.00,100
0.8b,30,bbh_causal_judgement,all,grammatical,26.00,100
0.8b,30,bbh_causal_judgement,all,valid,0.00,100
0.8b,30,bbh_causal_judgement,all,grounded,10.00,100
0.8b,30,bbh_causal_judgement,all,correct,41.00,100
0.8b,30,bbh_causal_judgement,all,valid_correct,0.00,100
0.8b,30,bbh_causal_judgement,all,in_system,0.00,100
0.8b,30,bbh_causal_judgement,all,valid_wrong,0.00,100
0.8b,30,bbh_causal_judgement,answerable,has_proof,100.00,100
0.8b,30,bbh_causal_judgement,answerable,grammatical,26.00,100
0.8b,30,bbh_causal_judgement,answerable,valid,0.00,100
0.8b,30,bbh_causal_judgement,answerable,grounded,10.00,100
0.8b,30,bbh_causal_judgement,answerable,correct,41.00,100
0.8b,30,bbh_causal_judgement,answerable,valid_correct,0.00,100
0.8b,30,bbh_causal_judgement,answerable,in_system,0.00,100
0.8b,30,bbh_causal_judgement,answerable,valid_wrong,0.00,100
0.8b,30,bbh_date_understanding,all,has_proof,100.00,100
0.8b,30,bbh_date_understanding,all,grammatical,2.00,100
0.8b,30,bbh_date_understanding,all,valid,0.00,100
0.8b,30,bbh_date_understanding,all,grounded,0.00,100
0.8b,30,bbh_date_understanding,all,correct,21.00,100
0.8b,30,bbh_date_understanding,all,valid_correct,0.00,100
0.8b,30,bbh_date_understanding,all,in_system,0.00,100
0.8b,30,bbh_date_understanding,all,valid_wrong,0.00,100
0.8b,30,bbh_disambiguation_qa,all,has_proof,20.00,100
0.8b,30,bbh_disambiguation_qa,all,grammatical,0.00,100
0.8b,30,bbh_disambiguation_qa,all,valid,0.00,100
0.8b,30,bbh_disambiguation_qa,all,grounded,0.00,100
0.8b,30,bbh_disambiguation_qa,all,correct,30.00,100
0.8b,30,bbh_disambiguation_qa,all,valid_correct,0.00,100
0.8b,30,bbh_disambiguation_qa,all,in_system,0.00,100
0.8b,30,bbh_disambiguation_qa,all,valid_wrong,0.00,100
0.8b,30,bbh_dyck_languages,all,has_proof,33.00,100
0.8b,30,bbh_dyck_languages,all,grammatical,0.00,100
0.8b,30,bbh_dyck_languages,all,valid,0.00,100
0.8b,30,bbh_dyck_languages,all,grounded,0.00,100
0.8b,30,bbh_dyck_languages,all,correct,1.00,100
0.8b,30,bbh_dyck_languages,all,valid_correct,0.00,100
0.8b,30,bbh_dyck_languages,all,in_system,0.00,100
0.8b,30,bbh_dyck_languages,all,valid_wrong,0.00,100
0.8b,30,bbh_formal_fallacies,all,has_proof,100.00,100
0.8b,30,bbh_formal_fallacies,all,grammatical,25.00,100
0.8b,30,bbh_formal_fallacies,all,valid,2.00,100
0.8b,30,bbh_formal_fallacies,all,grounded,9.00,100
0.8b,30,bbh_formal_fallacies,all,correct,35.00,100
0.8b,30,bbh_formal_fallacies,all,valid_correct,1.00,100
0.8b,30,bbh_formal_fallacies,all,in_system,1.00,100
0.8b,30,bbh_formal_fallacies,all,valid_wrong,1.00,100
0.8b,30,bbh_formal_fallacies,answerable,has_proof,100.00,100
0.8b,30,bbh_formal_fallacies,answerable,grammatical,25.00,100
0.8b,30,bbh_formal_fallacies,answerable,valid,2.00,100
0.8b,30,bbh_formal_fallacies,answerable,grounded,9.00,100
0.8b,30,bbh_formal_fallacies,answerable,correct,35.00,100
0.8b,30,bbh_formal_fallacies,answerable,valid_correct,1.00,100
0.8b,30,bbh_formal_fallacies,answerable,in_system,1.00,100
0.8b,30,bbh_formal_fallacies,answerable,valid_wrong,1.00,100
0.8b,30,bbh_geometric_shapes,all,has_proof,100.00,100
0.8b,30,bbh_geometric_shapes,all,grammatical,0.00,100
0.8b,30,bbh_geometric_shapes,all,valid,0.00,100
0.8b,30,bbh_geometric_shapes,all,grounded,0.00,100
0.8b,30,bbh_geometric_shapes,all,correct,7.00,100
0.8b,30,bbh_geometric_shapes,all,valid_correct,0.00,100
0.8b,30,bbh_geometric_shapes,all,in_system,0.00,100
0.8b,30,bbh_geometric_shapes,all,valid_wrong,0.00,100
0.8b,30,bbh_hyperbaton,all,has_proof,100.00,100
0.8b,30,bbh_hyperbaton,all,grammatical,0.00,100
0.8b,30,bbh_hyperbaton,all,valid,0.00,100
0.8b,30,bbh_hyperbaton,all,grounded,0.00,100
0.8b,30,bbh_hyperbaton,all,correct,17.00,100
0.8b,30,bbh_hyperbaton,all,valid_correct,0.00,100
0.8b,30,bbh_hyperbaton,all,in_system,0.00,100
0.8b,30,bbh_hyperbaton,all,valid_wrong,0.00,100
0.8b,30,bbh_logical_deduction_five_objects,all,has_proof,100.00,100
0.8b,30,bbh_logical_deduction_five_objects,all,grammatical,21.00,100
0.8b,30,bbh_logical_deduction_five_objects,all,valid,2.00,100
0.8b,30,bbh_logical_deduction_five_objects,all,grounded,12.00,100
0.8b,30,bbh_logical_deduction_five_objects,all,correct,16.00,100
0.8b,30,bbh_logical_deduction_five_objects,all,valid_correct,0.00,100
0.8b,30,bbh_logical_deduction_five_objects,all,in_system,0.00,100
0.8b,30,bbh_logical_deduction_five_objects,all,valid_wrong,2.00,100
0.8b,30,bbh_logical_deduction_seven_objects,all,has_proof,100.00,100
0.8b,30,bbh_logical_deduction_seven_objects,all,grammatical,18.00,100
0.8b,30,bbh_logical_deduction_seven_objects,all,valid,4.00,100
0.8b,30,bbh_logical_deduction_seven_objects,all,grounded,13.00,100
0.8b,30,bbh_logical_deduction_seven_objects,all,correct,18.00,100
0.8b,30,bbh_logical_deduction_seven_objects,all,valid_correct,2.00,100
0.8b,30,bbh_logical_deduction_seven_objects,all,in_system,0.00,100
0.8b,30,bbh_logical_deduction_seven_objects,all,valid_wrong,2.00,100
0.8b,30,bbh_logical_deduction_three_objects,all,has_proof,100.00,100
0.8b,30,bbh_logical_deduction_three_objects,all,grammatical,35.00,100
0.8b,30,bbh_logical_deduction_three_objects,all,valid,5.00,100
0.8b,30,bbh_logical_deduction_three_objects,all,grounded,26.00,100
0.8b,30,bbh_logical_deduction_three_objects,all,correct,19.00,100
0.8b,30,bbh_logical_deduction_three_objects,all,valid_correct,1.00,100
0.8b,30,bbh_logical_deduction_three_objects,all,in_system,0.00,100
0.8b,30,bbh_logical_deduction_three_objects,all,valid_wrong,4.00,100
0.8b,30,bbh_movie_recommendation,all,has_proof,100.00,100
0.8b,30,bbh_movie_recommendation,all,grammatical,19.00,100
0.8b,30,bbh_movie_recommendation,all,valid,0.00,100
0.8b,30,bbh_movie_recommendation,all,grounded,0.00,100
0.8b,30,bbh_movie_recommendation,all,correct,17.00,100
0.8b,30,bbh_movie_recommendation,all,valid_correct,0.00,100
0.8b,30,bbh_movie_recommendation,all,in_system,0.00,100
0.8b,30,bbh_movie_recommendation,all,valid_wrong,0.00,100
0.8b,30,bbh_multistep_arithmetic_two,all,has_proof,100.00,100
0.8b,30,bbh_multistep_arithmetic_two,all,grammatical,5.00,100
0.8b,30,bbh_multistep_arithmetic_two,all,valid,0.00,100
0.8b,30,bbh_multistep_arithmetic_two,all,grounded,0.00,100
0.8b,30,bbh_multistep_arithmetic_two,all,correct,5.00,100
0.8b,30,bbh_multistep_arithmetic_two,all,valid_correct,0.00,100
0.8b,30,bbh_multistep_arithmetic_two,all,in_system,0.00,100
0.8b,30,bbh_multistep_arithmetic_two,all,valid_wrong,0.00,100
0.8b,30,bbh_multistep_arithmetic_two,answerable,has_proof,100.00,100
0.8b,30,bbh_multistep_arithmetic_two,answerable,grammatical,5.00,100
0.8b,30,bbh_multistep_arithmetic_two,answerable,valid,0.00,100
0.8b,30,bbh_multistep_arithmetic_two,answerable,grounded,0.00,100
0.8b,30,bbh_multistep_arithmetic_two,answerable,correct,5.00,100
0.8b,30,bbh_multistep_arithmetic_two,answerable,valid_correct,0.00,100
0.8b,30,bbh_multistep_arithmetic_two,answerable,in_system,0.00,100
0.8b,30,bbh_multistep_arithmetic_two,answerable,valid_wrong,0.00,100
0.8b,30,bbh_navigate,all,has_proof,100.00,100
0.8b,30,bbh_navigate,all,grammatical,11.00,100
0.8b,30,bbh_navigate,all,valid,0.00,100
0.8b,30,bbh_navigate,all,grounded,4.00,100
0.8b,30,bbh_navigate,all,correct,29.00,100
0.8b,30,bbh_navigate,all,valid_correct,0.00,100
0.8b,30,bbh_navigate,all,in_system,0.00,100
0.8b,30,bbh_navigate,all,valid_wrong,0.00,100
0.8b,30,bbh_navigate,answerable,has_proof,100.00,100
0.8b,30,bbh_navigate,answerable,grammatical,11.00,100
0.8b,30,bbh_navigate,answerable,valid,0.00,100
0.8b,30,bbh_navigate,answerable,grounded,4.00,100
0.8b,30,bbh_navigate,answerable,correct,29.00,100
0.8b,30,bbh_navigate,answerable,valid_correct,0.00,100
0.8b,30,bbh_navigate,answerable,in_system,0.00,100
0.8b,30,bbh_navigate,answerable,valid_wrong,0.00,100
0.8b,30,bbh_object_counting,all,has_proof,100.00,100
0.8b,30,bbh_object_counting,all,grammatical,6.00,100
0.8b,30,bbh_object_counting,all,valid,0.00,100
0.8b,30,bbh_object_counting,all,grounded,0.00,100
0.8b,30,bbh_object_counting,all,correct,25.00,100
0.8b,30,bbh_object_counting,all,valid_correct,0.00,100
0.8b,30,bbh_object_counting,all,in_system,0.00,100
0.8b,30,bbh_object_counting,all,valid_wrong,0.00,100
0.8b,30,bbh_object_counting,answerable,has_proof,100.00,100
0.8b,30,bbh_object_counting,answerable,grammatical,6.00,100
0.8b,30,bbh_object_counting,answerable,valid,0.00,100
0.8b,30,bbh_object_counting,answerable,grounded,0.00,100
0.8b,30,bbh_object_counting,answerable,correct,25.00,100
0.8b,30,bbh_object_counting,answerable,valid_correct,0.00,100
0.8b,30,bbh_object_counting,answerable,in_system,0.00,100
0.8b,30,bbh_object_counting,answerable,valid_wrong,0.00,100
0.8b,30,bbh_penguins_in_a_table,all,has_proof,100.00,100
0.8b,30,bbh_penguins_in_a_table,all,grammatical,6.00,100
0.8b,30,bbh_penguins_in_a_table,all,valid,1.00,100
0.8b,30,bbh_penguins_in_a_table,all,grounded,2.00,100
0.8b,30,bbh_penguins_in_a_table,all,correct,28.00,100
0.8b,30,bbh_penguins_in_a_table,all,valid_correct,1.00,100
0.8b,30,bbh_penguins_in_a_table,all,in_system,0.00,100
0.8b,30,bbh_penguins_in_a_table,all,valid_wrong,0.00,100
0.8b,30,bbh_reasoning_about_colored_objects,all,has_proof,100.00,100
0.8b,30,bbh_reasoning_about_colored_objects,all,grammatical,17.00,100
0.8b,30,bbh_reasoning_about_colored_objects,all,valid,0.00,100
0.8b,30,bbh_reasoning_about_colored_objects,all,grounded,14.00,100
0.8b,30,bbh_reasoning_about_colored_objects,all,correct,31.00,100
0.8b,30,bbh_reasoning_about_colored_objects,all,valid_correct,0.00,100
0.8b,30,bbh_reasoning_about_colored_objects,all,in_system,0.00,100
0.8b,30,bbh_reasoning_about_colored_objects,all,valid_wrong,0.00,100
0.8b,30,bbh_ruin_names,all,has_proof,100.00,100
0.8b,30,bbh_ruin_names,all,grammatical,1.00,100
0.8b,30,bbh_ruin_names,all,valid,0.00,100
0.8b,30,bbh_ruin_names,all,grounded,1.00,100
0.8b,30,bbh_ruin_names,all,correct,6.00,100
0.8b,30,bbh_ruin_names,all,valid_correct,0.00,100
0.8b,30,bbh_ruin_names,all,in_system,0.00,100
0.8b,30,bbh_ruin_names,all,valid_wrong,0.00,100
0.8b,30,bbh_salient_translation_error_detection,all,has_proof,35.00,100
0.8b,30,bbh_salient_translation_error_detection,all,grammatical,0.00,100
0.8b,30,bbh_salient_translation_error_detection,all,valid,0.00,100
0.8b,30,bbh_salient_translation_error_detection,all,grounded,0.00,100
0.8b,30,bbh_salient_translation_error_detection,all,correct,22.00,100
0.8b,30,bbh_salient_translation_error_detection,all,valid_correct,0.00,100
0.8b,30,bbh_salient_translation_error_detection,all,in_system,0.00,100
0.8b,30,bbh_salient_translation_error_detection,all,valid_wrong,0.00,100
0.8b,30,bbh_snarks,all,has_proof,100.00,100
0.8b,30,bbh_snarks,all,grammatical,1.00,100
0.8b,30,bbh_snarks,all,valid,0.00,100
0.8b,30,bbh_snarks,all,grounded,0.00,100
0.8b,30,bbh_snarks,all,correct,11.00,100
0.8b,30,bbh_snarks,all,valid_correct,0.00,100
0.8b,30,bbh_snarks,all,in_system,0.00,100
0.8b,30,bbh_snarks,all,valid_wrong,0.00,100
0.8b,30,bbh_sports_understanding,all,has_proof,100.00,100
0.8b,30,bbh_sports_understanding,all,grammatical,3.00,100
0.8b,30,bbh_sports_understanding,all,valid,0.00,100
0.8b,30,bbh_sports_understanding,all,grounded,2.00,100
0.8b,30,bbh_sports_understanding,all,correct,40.00,100
0.8b,30,bbh_sports_understanding,all,valid_correct,0.00,100
0.8b,30,bbh_sports_understanding,all,in_system,0.00,100
0.8b,30,bbh_sports_understanding,all,valid_wrong,0.00,100
0.8b,30,bbh_sports_understanding,answerable,has_proof,100.00,100
0.8b,30,bbh_sports_understanding,answerable,grammatical,3.00,100
0.8b,30,bbh_sports_understanding,answerable,valid,0.00,100
0.8b,30,bbh_sports_understanding,answerable,grounded,2.00,100
0.8b,30,bbh_sports_understanding,answerable,correct,40.00,100
0.8b,30,bbh_sports_understanding,answerable,valid_correct,0.00,100
0.8b,30,bbh_sports_understanding,answerable,in_system,0.00,100
0.8b,30,bbh_sports_understanding,answerable,valid_wrong,0.00,100
0.8b,30,bbh_temporal_sequences,all,has_proof,100.00,100
0.8b,30,bbh_temporal_sequences,all,grammatical,10.00,100
0.8b,30,bbh_temporal_sequences,all,valid,0.00,100
0.8b,30,bbh_temporal_sequences,all,grounded,9.00,100
0.8b,30,bbh_temporal_sequences,all,correct,4.00,100
0.8b,30,bbh_temporal_sequences,all,valid_correct,0.00,100
0.8b,30,bbh_temporal_sequences,all,in_system,0.00,100
0.8b,30,bbh_temporal_sequences,all,valid_wrong,0.00,100
0.8b,30,bbh_tracking_shuffled_objects_five_objects,all,has_proof,100.00,100
0.8b,30,bbh_tracking_shuffled_objects_five_objects,all,grammatical,10.00,100
0.8b,30,bbh_tracking_shuffled_objects_five_objects,all,valid,0.00,100
0.8b,30,bbh_tracking_shuffled_objects_five_objects,all,grounded,7.00,100
0.8b,30,bbh_tracking_shuffled_objects_five_objects,all,correct,7.00,100
0.8b,30,bbh_tracking_shuffled_objects_five_objects,all,valid_correct,0.00,100
0.8b,30,bbh_tracking_shuffled_objects_five_objects,all,in_system,0.00,100
0.8b,30,bbh_tracking_shuffled_objects_five_objects,all,valid_wrong,0.00,100
0.8b,30,bbh_tracking_shuffled_objects_seven_objects,all,has_proof,100.00,100
0.8b,30,bbh_tracking_shuffled_objects_seven_objects,all,grammatical,3.00,100
0.8b,30,bbh_tracking_shuffled_objects_seven_objects,all,valid,0.00,100
0.8b,30,bbh_tracking_shuffled_objects_seven_objects,all,grounded,1.00,100
0.8b,30,bbh_tracking_shuffled_objects_seven_objects,all,correct,3.00,100
0.8b,30,bbh_tracking_shuffled_objects_seven_objects,all,valid_correct,0.00,100
0.8b,30,bbh_tracking_shuffled_objects_seven_objects,all,in_system,0.00,100
0.8b,30,bbh_tracking_shuffled_objects_seven_objects,all,valid_wrong,0.00,100
0.8b,30,bbh_tracking_shuffled_objects_three_objects,all,has_proof,100.00,100
0.8b,30,bbh_tracking_shuffled_objects_three_objects,all,grammatical,13.00,100
0.8b,30,bbh_tracking_shuffled_objects_three_objects,all,valid,0.00,100
0.8b,30,bbh_tracking_shuffled_objects_three_objects,all,grounded,11.00,100
0.8b,30,bbh_tracking_shuffled_objects_three_objects,all,correct,16.00,100
0.8b,30,bbh_tracking_shuffled_objects_three_objects,all,valid_correct,0.00,100
0.8b,30,bbh_tracking_shuffled_objects_three_objects,all,in_system,0.00,100
0.8b,30,bbh_tracking_shuffled_objects_three_objects,all,valid_wrong,0.00,100
0.8b,30,bbh_web_of_lies,all,has_proof,100.00,100
0.8b,30,bbh_web_of_lies,all,grammatical,72.00,100
0.8b,30,bbh_web_of_lies,all,valid,4.00,100
0.8b,30,bbh_web_of_lies,all,grounded,54.00,100
0.8b,30,bbh_web_of_lies,all,correct,42.00,100
0.8b,30,bbh_web_of_lies,all,valid_correct,2.00,100
0.8b,30,bbh_web_of_lies,all,in_system,2.00,100
0.8b,30,bbh_web_of_lies,all,valid_wrong,2.00,100
0.8b,30,bbh_web_of_lies,answerable,has_proof,100.00,100
0.8b,30,bbh_web_of_lies,answerable,grammatical,72.00,100
0.8b,30,bbh_web_of_lies,answerable,valid,4.00,100
0.8b,30,bbh_web_of_lies,answerable,grounded,54.00,100
0.8b,30,bbh_web_of_lies,answerable,correct,42.00,100
0.8b,30,bbh_web_of_lies,answerable,valid_correct,2.00,100
0.8b,30,bbh_web_of_lies,answerable,in_system,2.00,100
0.8b,30,bbh_web_of_lies,answerable,valid_wrong,2.00,100
0.8b,30,bbh_word_sorting,all,has_proof,100.00,100
0.8b,30,bbh_word_sorting,all,grammatical,0.00,100
0.8b,30,bbh_word_sorting,all,valid,0.00,100
0.8b,30,bbh_word_sorting,all,grounded,0.00,100
0.8b,30,bbh_word_sorting,all,correct,1.00,100
0.8b,30,bbh_word_sorting,all,valid_correct,0.00,100
0.8b,30,bbh_word_sorting,all,in_system,0.00,100
0.8b,30,bbh_word_sorting,all,valid_wrong,0.00,100
0.8b,30,folio,all,has_proof,100.00,203
0.8b,30,folio,all,grammatical,40.89,203
0.8b,30,folio,all,valid,2.96,203
0.8b,30,folio,all,grounded,23.65,203
0.8b,30,folio,all,correct,36.95,203
0.8b,30,folio,all,valid_correct,1.97,203
0.8b,30,folio,all,in_system,1.97,203
0.8b,30,folio,all,valid_wrong,0.99,203
0.8b,30,folio,answerable,has_proof,100.00,134
0.8b,30,folio,answerable,grammatical,38.81,134
0.8b,30,folio,answerable,valid,2.99,134
0.8b,30,folio,answerable,grounded,23.13,134
0.8b,30,folio,answerable,correct,55.97,134
0.8b,30,folio,answerable,valid_correct,2.99,134
0.8b,30,folio,answerable,in_system,2.99,134
0.8b,30,folio,answerable,valid_wrong,0.00,134
0.8b,30,gpqa_diamond,all,has_proof,69.70,198
0.8b,30,gpqa_diamond,all,grammatical,0.51,198
0.8b,30,gpqa_diamond,all,valid,0.00,198
0.8b,30,gpqa_diamond,all,grounded,0.00,198
0.8b,30,gpqa_diamond,all,correct,17.17,198
0.8b,30,gpqa_diamond,all,valid_correct,0.00,198
0.8b,30,gpqa_diamond,all,in_system,0.00,198
0.8b,30,gpqa_diamond,all,valid_wrong,0.00,198
0.8b,30,gpqa_quant,all,has_proof,83.56,73
0.8b,30,gpqa_quant,all,grammatical,1.37,73
0.8b,30,gpqa_quant,all,valid,0.00,73
0.8b,30,gpqa_quant,all,grounded,0.00,73
0.8b,30,gpqa_quant,all,correct,21.92,73
0.8b,30,gpqa_quant,all,valid_correct,0.00,73
0.8b,30,gpqa_quant,all,in_system,0.00,73
0.8b,30,gpqa_quant,all,valid_wrong,0.00,73
0.8b,30,gpqa_rest,all,has_proof,61.60,125
0.8b,30,gpqa_rest,all,grammatical,0.00,125
0.8b,30,gpqa_rest,all,valid,0.00,125
0.8b,30,gpqa_rest,all,grounded,0.00,125
0.8b,30,gpqa_rest,all,correct,14.40,125
0.8b,30,gpqa_rest,all,valid_correct,0.00,125
0.8b,30,gpqa_rest,all,in_system,0.00,125
0.8b,30,gpqa_rest,all,valid_wrong,0.00,125
0.8b,30,gsm8k,all,has_proof,100.00,500
0.8b,30,gsm8k,all,grammatical,29.20,500
0.8b,30,gsm8k,all,valid,2.80,500
0.8b,30,gsm8k,all,grounded,15.40,500
0.8b,30,gsm8k,all,correct,15.40,500
0.8b,30,gsm8k,all,valid_correct,1.00,500
0.8b,30,gsm8k,all,in_system,1.00,500
0.8b,30,gsm8k,all,valid_wrong,1.80,500
0.8b,30,gsm8k,answerable,has_proof,100.00,500
0.8b,30,gsm8k,answerable,grammatical,29.20,500
0.8b,30,gsm8k,answerable,valid,2.80,500
0.8b,30,gsm8k,answerable,grounded,15.40,500
0.8b,30,gsm8k,answerable,correct,15.40,500
0.8b,30,gsm8k,answerable,valid_correct,1.00,500
0.8b,30,gsm8k,answerable,in_system,1.00,500
0.8b,30,gsm8k,answerable,valid_wrong,1.80,500
0.8b,30,hotpotqa,all,has_proof,0.00,200
0.8b,30,hotpotqa,all,grammatical,0.00,200
0.8b,30,hotpotqa,all,valid,0.00,200
0.8b,30,hotpotqa,all,grounded,0.00,200
0.8b,30,hotpotqa,all,correct,0.00,200
0.8b,30,hotpotqa,all,valid_correct,0.00,200
0.8b,30,hotpotqa,all,in_system,0.00,200
0.8b,30,hotpotqa,all,valid_wrong,0.00,200
0.8b,30,hotpotqa,all,f1,0.00,200
0.8b,30,logiqa,all,has_proof,95.70,651
0.8b,30,logiqa,all,grammatical,3.84,651
0.8b,30,logiqa,all,valid,0.15,651
0.8b,30,logiqa,all,grounded,2.46,651
0.8b,30,logiqa,all,correct,13.82,651
0.8b,30,logiqa,all,valid_correct,0.00,651
0.8b,30,logiqa,all,in_system,0.00,651
0.8b,30,logiqa,all,valid_wrong,0.15,651
0.8b,30,mmlu,all,has_proof,92.80,1000
0.8b,30,mmlu,all,grammatical,4.70,1000
0.8b,30,mmlu,all,valid,0.60,1000
0.8b,30,mmlu,all,grounded,1.90,1000
0.8b,30,mmlu,all,correct,27.80,1000
0.8b,30,mmlu,all,valid_correct,0.20,1000
0.8b,30,mmlu,all,in_system,0.00,1000
0.8b,30,mmlu,all,valid_wrong,0.40,1000
0.8b,30,musique,all,has_proof,0.00,200
0.8b,30,musique,all,grammatical,0.00,200
0.8b,30,musique,all,valid,0.00,200
0.8b,30,musique,all,grounded,0.00,200
0.8b,30,musique,all,correct,0.00,200
0.8b,30,musique,all,valid_correct,0.00,200
0.8b,30,musique,all,in_system,0.00,200
0.8b,30,musique,all,valid_wrong,0.00,200
0.8b,30,musique,all,f1,0.00,200
0.8b,30,pw_all,all,has_proof,100.00,2500
0.8b,30,pw_all,all,grammatical,60.48,2500
0.8b,30,pw_all,all,valid,8.88,2500
0.8b,30,pw_all,all,grounded,33.00,2500
0.8b,30,pw_all,all,correct,38.12,2500
0.8b,30,pw_all,all,valid_correct,6.92,2500
0.8b,30,pw_all,all,in_system,6.92,2500
0.8b,30,pw_all,all,valid_wrong,1.96,2500
0.8b,30,pw_all,answerable,has_proof,100.00,1753
0.8b,30,pw_all,answerable,grammatical,62.24,1753
0.8b,30,pw_all,answerable,valid,10.61,1753
0.8b,30,pw_all,answerable,grounded,35.42,1753
0.8b,30,pw_all,answerable,correct,54.36,1753
0.8b,30,pw_all,answerable,valid_correct,9.87,1753
0.8b,30,pw_all,answerable,in_system,9.87,1753
0.8b,30,pw_all,answerable,valid_wrong,0.74,1753
0.8b,30,pw_d0,all,has_proof,100.00,500
0.8b,30,pw_d0,all,grammatical,56.60,500
0.8b,30,pw_d0,all,valid,12.20,500
0.8b,30,pw_d0,all,grounded,37.00,500
0.8b,30,pw_d0,all,correct,25.00,500
0.8b,30,pw_d0,all,valid_correct,9.20,500
0.8b,30,pw_d0,all,in_system,9.20,500
0.8b,30,pw_d0,all,valid_wrong,3.00,500
0.8b,30,pw_d0,answerable,has_proof,100.00,226
0.8b,30,pw_d0,answerable,grammatical,64.16,226
0.8b,30,pw_d0,answerable,valid,22.12,226
0.8b,30,pw_d0,answerable,grounded,50.00,226
0.8b,30,pw_d0,answerable,correct,55.31,226
0.8b,30,pw_d0,answerable,valid_correct,20.35,226
0.8b,30,pw_d0,answerable,in_system,20.35,226
0.8b,30,pw_d0,answerable,valid_wrong,1.77,226
0.8b,30,pw_d1,all,has_proof,100.00,500
0.8b,30,pw_d1,all,grammatical,61.60,500
0.8b,30,pw_d1,all,valid,9.40,500
0.8b,30,pw_d1,all,grounded,35.20,500
0.8b,30,pw_d1,all,correct,30.60,500
0.8b,30,pw_d1,all,valid_correct,7.00,500
0.8b,30,pw_d1,all,in_system,7.00,500
0.8b,30,pw_d1,all,valid_wrong,2.40,500
0.8b,30,pw_d1,answerable,has_proof,100.00,255
0.8b,30,pw_d1,answerable,grammatical,65.10,255
0.8b,30,pw_d1,answerable,valid,14.12,255
0.8b,30,pw_d1,answerable,grounded,41.18,255
0.8b,30,pw_d1,answerable,correct,60.00,255
0.8b,30,pw_d1,answerable,valid_correct,13.73,255
0.8b,30,pw_d1,answerable,in_system,13.73,255
0.8b,30,pw_d1,answerable,valid_wrong,0.39,255
0.8b,30,pw_d2,all,has_proof,100.00,500
0.8b,30,pw_d2,all,grammatical,65.60,500
0.8b,30,pw_d2,all,valid,10.40,500
0.8b,30,pw_d2,all,grounded,38.20,500
0.8b,30,pw_d2,all,correct,43.80,500
0.8b,30,pw_d2,all,valid_correct,9.00,500
0.8b,30,pw_d2,all,in_system,9.00,500
0.8b,30,pw_d2,all,valid_wrong,1.40,500
0.8b,30,pw_d2,answerable,has_proof,100.00,382
0.8b,30,pw_d2,answerable,grammatical,69.11,382
0.8b,30,pw_d2,answerable,valid,12.57,382
0.8b,30,pw_d2,answerable,grounded,41.62,382
0.8b,30,pw_d2,answerable,correct,57.33,382
0.8b,30,pw_d2,answerable,valid_correct,11.78,382
0.8b,30,pw_d2,answerable,in_system,11.78,382
0.8b,30,pw_d2,answerable,valid_wrong,0.79,382
0.8b,30,pw_d3,all,has_proof,100.00,500
0.8b,30,pw_d3,all,grammatical,62.60,500
0.8b,30,pw_d3,all,valid,7.60,500
0.8b,30,pw_d3,all,grounded,31.40,500
0.8b,30,pw_d3,all,correct,45.20,500
0.8b,30,pw_d3,all,valid_correct,6.00,500
0.8b,30,pw_d3,all,in_system,6.00,500
0.8b,30,pw_d3,all,valid_wrong,1.60,500
0.8b,30,pw_d3,answerable,has_proof,100.00,413
0.8b,30,pw_d3,answerable,grammatical,61.50,413
0.8b,30,pw_d3,answerable,valid,7.51,413
0.8b,30,pw_d3,answerable,grounded,32.93,413
0.8b,30,pw_d3,answerable,correct,54.72,413
0.8b,30,pw_d3,answerable,valid_correct,7.26,413
0.8b,30,pw_d3,answerable,in_system,7.26,413
0.8b,30,pw_d3,answerable,valid_wrong,0.24,413
0.8b,30,pw_d5,all,has_proof,100.00,500
0.8b,30,pw_d5,all,grammatical,56.00,500
0.8b,30,pw_d5,all,valid,4.80,500
0.8b,30,pw_d5,all,grounded,23.20,500
0.8b,30,pw_d5,all,correct,46.00,500
0.8b,30,pw_d5,all,valid_correct,3.40,500
0.8b,30,pw_d5,all,in_system,3.40,500
0.8b,30,pw_d5,all,valid_wrong,1.40,500
0.8b,30,pw_d5,answerable,has_proof,100.00,477
0.8b,30,pw_d5,answerable,grammatical,54.93,477
0.8b,30,pw_d5,answerable,valid,4.40,477
0.8b,30,pw_d5,answerable,grounded,22.64,477
0.8b,30,pw_d5,answerable,correct,48.22,477
0.8b,30,pw_d5,answerable,valid_correct,3.56,477
0.8b,30,pw_d5,answerable,in_system,3.56,477
0.8b,30,pw_d5,answerable,valid_wrong,0.84,477
0.8b,35,overall,all,has_proof,91.37,9524
0.8b,35,overall,all,grammatical,23.61,9524
0.8b,35,overall,all,valid,3.04,9524
0.8b,35,overall,all,grounded,13.09,9524
0.8b,35,overall,all,correct,27.15,9524
0.8b,35,overall,all,valid_correct,2.12,9524
0.8b,35,overall,all,in_system,1.98,9524
0.8b,35,overall,all,valid_wrong,0.92,9524
0.8b,35,overall,all,f1,0.00,9524
0.8b,35,overall,answerable,has_proof,100.00,3187
0.8b,35,overall,answerable,grammatical,45.15,3187
0.8b,35,overall,answerable,valid,6.78,3187
0.8b,35,overall,answerable,grounded,26.17,3187
0.8b,35,overall,answerable,correct,46.00,3187
0.8b,35,overall,answerable,valid_correct,5.93,3187
0.8b,35,overall,answerable,in_system,5.93,3187
0.8b,35,overall,answerable,valid_wrong,0.85,3187
0.8b,35,bbh,all,has_proof,95.59,2700
0.8b,35,bbh,all,grammatical,10.37,2700
0.8b,35,bbh,all,valid,0.48,2700
0.8b,35,bbh,all,grounded,6.37,2700
0.8b,35,bbh,all,correct,21.48,2700
0.8b,35,bbh,all,valid_correct,0.15,2700
0.8b,35,bbh,all,in_system,0.04,2700
0.8b,35,bbh,all,valid_wrong,0.33,2700
0.8b,35,bbh,answerable,has_proof,100.00,800
0.8b,35,bbh,answerable,grammatical,17.25,800
0.8b,35,bbh,answerable,valid,0.62,800
0.8b,35,bbh,answerable,grounded,10.00,800
0.8b,35,bbh,answerable,correct,32.50,800
0.8b,35,bbh,answerable,valid_correct,0.12,800
0.8b,35,bbh,answerable,in_system,0.12,800
0.8b,35,bbh,answerable,valid_wrong,0.50,800
0.8b,35,deduction,all,has_proof,100.00,2703
0.8b,35,deduction,all,grammatical,60.56,2703
0.8b,35,deduction,all,valid,8.55,2703
0.8b,35,deduction,all,grounded,33.48,2703
0.8b,35,deduction,all,correct,41.40,2703
0.8b,35,deduction,all,valid_correct,6.73,2703
0.8b,35,deduction,all,in_system,6.73,2703
0.8b,35,deduction,all,valid_wrong,1.81,2703
0.8b,35,deduction,answerable,has_proof,100.00,1887
0.8b,35,deduction,answerable,grammatical,61.26,1887
0.8b,35,deduction,answerable,valid,10.39,1887
0.8b,35,deduction,answerable,grounded,35.77,1887
0.8b,35,deduction,answerable,correct,59.30,1887
0.8b,35,deduction,answerable,valid_correct,9.64,1887
0.8b,35,deduction,answerable,in_system,9.64,1887
0.8b,35,deduction,answerable,valid_wrong,0.74,1887
0.8b,35,gpqa,all,has_proof,82.83,198
0.8b,35,gpqa,all,grammatical,1.01,198
0.8b,35,gpqa,all,valid,0.00,198
0.8b,35,gpqa,all,grounded,0.51,198
0.8b,35,gpqa,all,correct,14.65,198
0.8b,35,gpqa,all,valid_correct,0.00,198
0.8b,35,gpqa,all,in_system,0.00,198
0.8b,35,gpqa,all,valid_wrong,0.00,198
0.8b,35,multihop,all,has_proof,0.00,600
0.8b,35,multihop,all,grammatical,0.00,600
0.8b,35,multihop,all,valid,0.00,600
0.8b,35,multihop,all,grounded,0.00,600
0.8b,35,multihop,all,correct,0.00,600
0.8b,35,multihop,all,valid_correct,0.00,600
0.8b,35,multihop,all,in_system,0.00,600
0.8b,35,multihop,all,valid_wrong,0.00,600
0.8b,35,multihop,all,f1,0.00,600
0.8b,35,standard,all,has_proof,97.92,3323
0.8b,35,standard,all,grammatical,9.93,3323
0.8b,35,standard,all,valid,1.38,3323
0.8b,35,standard,all,grounded,5.09,3323
0.8b,35,standard,all,correct,25.82,3323
0.8b,35,standard,all,valid_correct,0.48,3323
0.8b,35,standard,all,in_system,0.18,3323
0.8b,35,standard,all,valid_wrong,0.90,3323
0.8b,35,standard,answerable,has_proof,100.00,500
0.8b,35,standard,answerable,grammatical,29.00,500
0.8b,35,standard,answerable,valid,3.00,500
0.8b,35,standard,answerable,grounded,15.80,500
0.8b,35,standard,answerable,correct,17.40,500
0.8b,35,standard,answerable,valid_correct,1.20,500
0.8b,35,standard,answerable,in_system,1.20,500
0.8b,35,standard,answerable,valid_wrong,1.80,500
0.8b,35,2wikimqa,all,has_proof,0.00,200
0.8b,35,2wikimqa,all,grammatical,0.00,200
0.8b,35,2wikimqa,all,valid,0.00,200
0.8b,35,2wikimqa,all,grounded,0.00,200
0.8b,35,2wikimqa,all,correct,0.00,200
0.8b,35,2wikimqa,all,valid_correct,0.00,200
0.8b,35,2wikimqa,all,in_system,0.00,200
0.8b,35,2wikimqa,all,valid_wrong,0.00,200
0.8b,35,2wikimqa,all,f1,0.00,200
0.8b,35,arc_challenge,all,has_proof,98.89,1172
0.8b,35,arc_challenge,all,grammatical,8.96,1172
0.8b,35,arc_challenge,all,valid,1.79,1172
0.8b,35,arc_challenge,all,grounded,4.52,1172
0.8b,35,arc_challenge,all,correct,33.79,1172
0.8b,35,arc_challenge,all,valid_correct,0.60,1172
0.8b,35,arc_challenge,all,in_system,0.00,1172
0.8b,35,arc_challenge,all,valid_wrong,1.19,1172
0.8b,35,bbh_boolean_expressions,all,has_proof,100.00,100
0.8b,35,bbh_boolean_expressions,all,grammatical,3.00,100
0.8b,35,bbh_boolean_expressions,all,valid,0.00,100
0.8b,35,bbh_boolean_expressions,all,grounded,1.00,100
0.8b,35,bbh_boolean_expressions,all,correct,42.00,100
0.8b,35,bbh_boolean_expressions,all,valid_correct,0.00,100
0.8b,35,bbh_boolean_expressions,all,in_system,0.00,100
0.8b,35,bbh_boolean_expressions,all,valid_wrong,0.00,100
0.8b,35,bbh_boolean_expressions,answerable,has_proof,100.00,100
0.8b,35,bbh_boolean_expressions,answerable,grammatical,3.00,100
0.8b,35,bbh_boolean_expressions,answerable,valid,0.00,100
0.8b,35,bbh_boolean_expressions,answerable,grounded,1.00,100
0.8b,35,bbh_boolean_expressions,answerable,correct,42.00,100
0.8b,35,bbh_boolean_expressions,answerable,valid_correct,0.00,100
0.8b,35,bbh_boolean_expressions,answerable,in_system,0.00,100
0.8b,35,bbh_boolean_expressions,answerable,valid_wrong,0.00,100
0.8b,35,bbh_causal_judgement,all,has_proof,100.00,100
0.8b,35,bbh_causal_judgement,all,grammatical,28.00,100
0.8b,35,bbh_causal_judgement,all,valid,1.00,100
0.8b,35,bbh_causal_judgement,all,grounded,9.00,100
0.8b,35,bbh_causal_judgement,all,correct,32.00,100
0.8b,35,bbh_causal_judgement,all,valid_correct,0.00,100
0.8b,35,bbh_causal_judgement,all,in_system,0.00,100
0.8b,35,bbh_causal_judgement,all,valid_wrong,1.00,100
0.8b,35,bbh_causal_judgement,answerable,has_proof,100.00,100
0.8b,35,bbh_causal_judgement,answerable,grammatical,28.00,100
0.8b,35,bbh_causal_judgement,answerable,valid,1.00,100
0.8b,35,bbh_causal_judgement,answerable,grounded,9.00,100
0.8b,35,bbh_causal_judgement,answerable,correct,32.00,100
0.8b,35,bbh_causal_judgement,answerable,valid_correct,0.00,100
0.8b,35,bbh_causal_judgement,answerable,in_system,0.00,100
0.8b,35,bbh_causal_judgement,answerable,valid_wrong,1.00,100
0.8b,35,bbh_date_understanding,all,has_proof,100.00,100
0.8b,35,bbh_date_understanding,all,grammatical,0.00,100
0.8b,35,bbh_date_understanding,all,valid,0.00,100
0.8b,35,bbh_date_understanding,all,grounded,0.00,100
0.8b,35,bbh_date_understanding,all,correct,12.00,100
0.8b,35,bbh_date_understanding,all,valid_correct,0.00,100
0.8b,35,bbh_date_understanding,all,in_system,0.00,100
0.8b,35,bbh_date_understanding,all,valid_wrong,0.00,100
0.8b,35,bbh_disambiguation_qa,all,has_proof,63.00,100
0.8b,35,bbh_disambiguation_qa,all,grammatical,3.00,100
0.8b,35,bbh_disambiguation_qa,all,valid,0.00,100
0.8b,35,bbh_disambiguation_qa,all,grounded,3.00,100
0.8b,35,bbh_disambiguation_qa,all,correct,34.00,100
0.8b,35,bbh_disambiguation_qa,all,valid_correct,0.00,100
0.8b,35,bbh_disambiguation_qa,all,in_system,0.00,100
0.8b,35,bbh_disambiguation_qa,all,valid_wrong,0.00,100
0.8b,35,bbh_dyck_languages,all,has_proof,40.00,100
0.8b,35,bbh_dyck_languages,all,grammatical,0.00,100
0.8b,35,bbh_dyck_languages,all,valid,0.00,100
0.8b,35,bbh_dyck_languages,all,grounded,0.00,100
0.8b,35,bbh_dyck_languages,all,correct,0.00,100
0.8b,35,bbh_dyck_languages,all,valid_correct,0.00,100
0.8b,35,bbh_dyck_languages,all,in_system,0.00,100
0.8b,35,bbh_dyck_languages,all,valid_wrong,0.00,100
0.8b,35,bbh_formal_fallacies,all,has_proof,100.00,100
0.8b,35,bbh_formal_fallacies,all,grammatical,24.00,100
0.8b,35,bbh_formal_fallacies,all,valid,1.00,100
0.8b,35,bbh_formal_fallacies,all,grounded,11.00,100
0.8b,35,bbh_formal_fallacies,all,correct,41.00,100
0.8b,35,bbh_formal_fallacies,all,valid_correct,0.00,100
0.8b,35,bbh_formal_fallacies,all,in_system,0.00,100
0.8b,35,bbh_formal_fallacies,all,valid_wrong,1.00,100
0.8b,35,bbh_formal_fallacies,answerable,has_proof,100.00,100
0.8b,35,bbh_formal_fallacies,answerable,grammatical,24.00,100
0.8b,35,bbh_formal_fallacies,answerable,valid,1.00,100
0.8b,35,bbh_formal_fallacies,answerable,grounded,11.00,100
0.8b,35,bbh_formal_fallacies,answerable,correct,41.00,100
0.8b,35,bbh_formal_fallacies,answerable,valid_correct,0.00,100
0.8b,35,bbh_formal_fallacies,answerable,in_system,0.00,100
0.8b,35,bbh_formal_fallacies,answerable,valid_wrong,1.00,100
0.8b,35,bbh_geometric_shapes,all,has_proof,100.00,100
0.8b,35,bbh_geometric_shapes,all,grammatical,0.00,100
0.8b,35,bbh_geometric_shapes,all,valid,0.00,100
0.8b,35,bbh_geometric_shapes,all,grounded,0.00,100
0.8b,35,bbh_geometric_shapes,all,correct,9.00,100
0.8b,35,bbh_geometric_shapes,all,valid_correct,0.00,100
0.8b,35,bbh_geometric_shapes,all,in_system,0.00,100
0.8b,35,bbh_geometric_shapes,all,valid_wrong,0.00,100
0.8b,35,bbh_hyperbaton,all,has_proof,100.00,100
0.8b,35,bbh_hyperbaton,all,grammatical,0.00,100
0.8b,35,bbh_hyperbaton,all,valid,0.00,100
0.8b,35,bbh_hyperbaton,all,grounded,0.00,100
0.8b,35,bbh_hyperbaton,all,correct,35.00,100
0.8b,35,bbh_hyperbaton,all,valid_correct,0.00,100
0.8b,35,bbh_hyperbaton,all,in_system,0.00,100
0.8b,35,bbh_hyperbaton,all,valid_wrong,0.00,100
0.8b,35,bbh_logical_deduction_five_objects,all,has_proof,100.00,100
0.8b,35,bbh_logical_deduction_five_objects,all,grammatical,25.00,100
0.8b,35,bbh_logical_deduction_five_objects,all,valid,2.00,100
0.8b,35,bbh_logical_deduction_five_objects,all,grounded,18.00,100
0.8b,35,bbh_logical_deduction_five_objects,all,correct,13.00,100
0.8b,35,bbh_logical_deduction_five_objects,all,valid_correct,0.00,100
0.8b,35,bbh_logical_deduction_five_objects,all,in_system,0.00,100
0.8b,35,bbh_logical_deduction_five_objects,all,valid_wrong,2.00,100
0.8b,35,bbh_logical_deduction_seven_objects,all,has_proof,100.00,100
0.8b,35,bbh_logical_deduction_seven_objects,all,grammatical,21.00,100
0.8b,35,bbh_logical_deduction_seven_objects,all,valid,5.00,100
0.8b,35,bbh_logical_deduction_seven_objects,all,grounded,14.00,100
0.8b,35,bbh_logical_deduction_seven_objects,all,correct,12.00,100
0.8b,35,bbh_logical_deduction_seven_objects,all,valid_correct,2.00,100
0.8b,35,bbh_logical_deduction_seven_objects,all,in_system,0.00,100
0.8b,35,bbh_logical_deduction_seven_objects,all,valid_wrong,3.00,100
0.8b,35,bbh_logical_deduction_three_objects,all,has_proof,100.00,100
0.8b,35,bbh_logical_deduction_three_objects,all,grammatical,35.00,100
0.8b,35,bbh_logical_deduction_three_objects,all,valid,1.00,100
0.8b,35,bbh_logical_deduction_three_objects,all,grounded,23.00,100
0.8b,35,bbh_logical_deduction_three_objects,all,correct,16.00,100
0.8b,35,bbh_logical_deduction_three_objects,all,valid_correct,1.00,100
0.8b,35,bbh_logical_deduction_three_objects,all,in_system,0.00,100
0.8b,35,bbh_logical_deduction_three_objects,all,valid_wrong,0.00,100
0.8b,35,bbh_movie_recommendation,all,has_proof,100.00,100
0.8b,35,bbh_movie_recommendation,all,grammatical,7.00,100
0.8b,35,bbh_movie_recommendation,all,valid,0.00,100
0.8b,35,bbh_movie_recommendation,all,grounded,0.00,100
0.8b,35,bbh_movie_recommendation,all,correct,12.00,100
0.8b,35,bbh_movie_recommendation,all,valid_correct,0.00,100
0.8b,35,bbh_movie_recommendation,all,in_system,0.00,100
0.8b,35,bbh_movie_recommendation,all,valid_wrong,0.00,100
0.8b,35,bbh_multistep_arithmetic_two,all,has_proof,100.00,100
0.8b,35,bbh_multistep_arithmetic_two,all,grammatical,5.00,100
0.8b,35,bbh_multistep_arithmetic_two,all,valid,0.00,100
0.8b,35,bbh_multistep_arithmetic_two,all,grounded,1.00,100
0.8b,35,bbh_multistep_arithmetic_two,all,correct,4.00,100
0.8b,35,bbh_multistep_arithmetic_two,all,valid_correct,0.00,100
0.8b,35,bbh_multistep_arithmetic_two,all,in_system,0.00,100
0.8b,35,bbh_multistep_arithmetic_two,all,valid_wrong,0.00,100
0.8b,35,bbh_multistep_arithmetic_two,answerable,has_proof,100.00,100
0.8b,35,bbh_multistep_arithmetic_two,answerable,grammatical,5.00,100
0.8b,35,bbh_multistep_arithmetic_two,answerable,valid,0.00,100
0.8b,35,bbh_multistep_arithmetic_two,answerable,grounded,1.00,100
0.8b,35,bbh_multistep_arithmetic_two,answerable,correct,4.00,100
0.8b,35,bbh_multistep_arithmetic_two,answerable,valid_correct,0.00,100
0.8b,35,bbh_multistep_arithmetic_two,answerable,in_system,0.00,100
0.8b,35,bbh_multistep_arithmetic_two,answerable,valid_wrong,0.00,100
0.8b,35,bbh_navigate,all,has_proof,100.00,100
0.8b,35,bbh_navigate,all,grammatical,6.00,100
0.8b,35,bbh_navigate,all,valid,0.00,100
0.8b,35,bbh_navigate,all,grounded,5.00,100
0.8b,35,bbh_navigate,all,correct,31.00,100
0.8b,35,bbh_navigate,all,valid_correct,0.00,100
0.8b,35,bbh_navigate,all,in_system,0.00,100
0.8b,35,bbh_navigate,all,valid_wrong,0.00,100
0.8b,35,bbh_navigate,answerable,has_proof,100.00,100
0.8b,35,bbh_navigate,answerable,grammatical,6.00,100
0.8b,35,bbh_navigate,answerable,valid,0.00,100
0.8b,35,bbh_navigate,answerable,grounded,5.00,100
0.8b,35,bbh_navigate,answerable,correct,31.00,100
0.8b,35,bbh_navigate,answerable,valid_correct,0.00,100
0.8b,35,bbh_navigate,answerable,in_system,0.00,100
0.8b,35,bbh_navigate,answerable,valid_wrong,0.00,100
0.8b,35,bbh_object_counting,all,has_proof,100.00,100
0.8b,35,bbh_object_counting,all,grammatical,3.00,100
0.8b,35,bbh_object_counting,all,valid,0.00,100
0.8b,35,bbh_object_counting,all,grounded,0.00,100
0.8b,35,bbh_object_counting,all,correct,23.00,100
0.8b,35,bbh_object_counting,all,valid_correct,0.00,100
0.8b,35,bbh_object_counting,all,in_system,0.00,100
0.8b,35,bbh_object_counting,all,valid_wrong,0.00,100
0.8b,35,bbh_object_counting,answerable,has_proof,100.00,100
0.8b,35,bbh_object_counting,answerable,grammatical,3.00,100
0.8b,35,bbh_object_counting,answerable,valid,0.00,100
0.8b,35,bbh_object_counting,answerable,grounded,0.00,100
0.8b,35,bbh_object_counting,answerable,correct,23.00,100
0.8b,35,bbh_object_counting,answerable,valid_correct,0.00,100
0.8b,35,bbh_object_counting,answerable,in_system,0.00,100
0.8b,35,bbh_object_counting,answerable,valid_wrong,0.00,100
0.8b,35,bbh_penguins_in_a_table,all,has_proof,100.00,100
0.8b,35,bbh_penguins_in_a_table,all,grammatical,4.00,100
0.8b,35,bbh_penguins_in_a_table,all,valid,0.00,100
0.8b,35,bbh_penguins_in_a_table,all,grounded,2.00,100
0.8b,35,bbh_penguins_in_a_table,all,correct,35.00,100
0.8b,35,bbh_penguins_in_a_table,all,valid_correct,0.00,100
0.8b,35,bbh_penguins_in_a_table,all,in_system,0.00,100
0.8b,35,bbh_penguins_in_a_table,all,valid_wrong,0.00,100
0.8b,35,bbh_reasoning_about_colored_objects,all,has_proof,100.00,100
0.8b,35,bbh_reasoning_about_colored_objects,all,grammatical,12.00,100
0.8b,35,bbh_reasoning_about_colored_objects,all,valid,0.00,100
0.8b,35,bbh_reasoning_about_colored_objects,all,grounded,10.00,100
0.8b,35,bbh_reasoning_about_colored_objects,all,correct,37.00,100
0.8b,35,bbh_reasoning_about_colored_objects,all,valid_correct,0.00,100
0.8b,35,bbh_reasoning_about_colored_objects,all,in_system,0.00,100
0.8b,35,bbh_reasoning_about_colored_objects,all,valid_wrong,0.00,100
0.8b,35,bbh_ruin_names,all,has_proof,100.00,100
0.8b,35,bbh_ruin_names,all,grammatical,0.00,100
0.8b,35,bbh_ruin_names,all,valid,0.00,100
0.8b,35,bbh_ruin_names,all,grounded,0.00,100
0.8b,35,bbh_ruin_names,all,correct,23.00,100
0.8b,35,bbh_ruin_names,all,valid_correct,0.00,100
0.8b,35,bbh_ruin_names,all,in_system,0.00,100
0.8b,35,bbh_ruin_names,all,valid_wrong,0.00,100
0.8b,35,bbh_salient_translation_error_detection,all,has_proof,78.00,100
0.8b,35,bbh_salient_translation_error_detection,all,grammatical,0.00,100
0.8b,35,bbh_salient_translation_error_detection,all,valid,0.00,100
0.8b,35,bbh_salient_translation_error_detection,all,grounded,0.00,100
0.8b,35,bbh_salient_translation_error_detection,all,correct,23.00,100
0.8b,35,bbh_salient_translation_error_detection,all,valid_correct,0.00,100
0.8b,35,bbh_salient_translation_error_detection,all,in_system,0.00,100
0.8b,35,bbh_salient_translation_error_detection,all,valid_wrong,0.00,100
0.8b,35,bbh_snarks,all,has_proof,100.00,100
0.8b,35,bbh_snarks,all,grammatical,0.00,100
0.8b,35,bbh_snarks,all,valid,0.00,100
0.8b,35,bbh_snarks,all,grounded,0.00,100
0.8b,35,bbh_snarks,all,correct,26.00,100
0.8b,35,bbh_snarks,all,valid_correct,0.00,100
0.8b,35,bbh_snarks,all,in_system,0.00,100
0.8b,35,bbh_snarks,all,valid_wrong,0.00,100
0.8b,35,bbh_sports_understanding,all,has_proof,100.00,100
0.8b,35,bbh_sports_understanding,all,grammatical,2.00,100
0.8b,35,bbh_sports_understanding,all,valid,0.00,100
0.8b,35,bbh_sports_understanding,all,grounded,2.00,100
0.8b,35,bbh_sports_understanding,all,correct,42.00,100
0.8b,35,bbh_sports_understanding,all,valid_correct,0.00,100
0.8b,35,bbh_sports_understanding,all,in_system,0.00,100
0.8b,35,bbh_sports_understanding,all,valid_wrong,0.00,100
0.8b,35,bbh_sports_understanding,answerable,has_proof,100.00,100
0.8b,35,bbh_sports_understanding,answerable,grammatical,2.00,100
0.8b,35,bbh_sports_understanding,answerable,valid,0.00,100
0.8b,35,bbh_sports_understanding,answerable,grounded,2.00,100
0.8b,35,bbh_sports_understanding,answerable,correct,42.00,100
0.8b,35,bbh_sports_understanding,answerable,valid_correct,0.00,100
0.8b,35,bbh_sports_understanding,answerable,in_system,0.00,100
0.8b,35,bbh_sports_understanding,answerable,valid_wrong,0.00,100
0.8b,35,bbh_temporal_sequences,all,has_proof,100.00,100
0.8b,35,bbh_temporal_sequences,all,grammatical,3.00,100
0.8b,35,bbh_temporal_sequences,all,valid,0.00,100
0.8b,35,bbh_temporal_sequences,all,grounded,2.00,100
0.8b,35,bbh_temporal_sequences,all,correct,5.00,100
0.8b,35,bbh_temporal_sequences,all,valid_correct,0.00,100
0.8b,35,bbh_temporal_sequences,all,in_system,0.00,100
0.8b,35,bbh_temporal_sequences,all,valid_wrong,0.00,100
0.8b,35,bbh_tracking_shuffled_objects_five_objects,all,has_proof,100.00,100
0.8b,35,bbh_tracking_shuffled_objects_five_objects,all,grammatical,15.00,100
0.8b,35,bbh_tracking_shuffled_objects_five_objects,all,valid,0.00,100
0.8b,35,bbh_tracking_shuffled_objects_five_objects,all,grounded,10.00,100
0.8b,35,bbh_tracking_shuffled_objects_five_objects,all,correct,3.00,100
0.8b,35,bbh_tracking_shuffled_objects_five_objects,all,valid_correct,0.00,100
0.8b,35,bbh_tracking_shuffled_objects_five_objects,all,in_system,0.00,100
0.8b,35,bbh_tracking_shuffled_objects_five_objects,all,valid_wrong,0.00,100
0.8b,35,bbh_tracking_shuffled_objects_seven_objects,all,has_proof,100.00,100
0.8b,35,bbh_tracking_shuffled_objects_seven_objects,all,grammatical,4.00,100
0.8b,35,bbh_tracking_shuffled_objects_seven_objects,all,valid,0.00,100
0.8b,35,bbh_tracking_shuffled_objects_seven_objects,all,grounded,2.00,100
0.8b,35,bbh_tracking_shuffled_objects_seven_objects,all,correct,5.00,100
0.8b,35,bbh_tracking_shuffled_objects_seven_objects,all,valid_correct,0.00,100
0.8b,35,bbh_tracking_shuffled_objects_seven_objects,all,in_system,0.00,100
0.8b,35,bbh_tracking_shuffled_objects_seven_objects,all,valid_wrong,0.00,100
0.8b,35,bbh_tracking_shuffled_objects_three_objects,all,has_proof,100.00,100
0.8b,35,bbh_tracking_shuffled_objects_three_objects,all,grammatical,13.00,100
0.8b,35,bbh_tracking_shuffled_objects_three_objects,all,valid,0.00,100
0.8b,35,bbh_tracking_shuffled_objects_three_objects,all,grounded,8.00,100
0.8b,35,bbh_tracking_shuffled_objects_three_objects,all,correct,16.00,100
0.8b,35,bbh_tracking_shuffled_objects_three_objects,all,valid_correct,0.00,100
0.8b,35,bbh_tracking_shuffled_objects_three_objects,all,in_system,0.00,100
0.8b,35,bbh_tracking_shuffled_objects_three_objects,all,valid_wrong,0.00,100
0.8b,35,bbh_web_of_lies,all,has_proof,100.00,100
0.8b,35,bbh_web_of_lies,all,grammatical,67.00,100
0.8b,35,bbh_web_of_lies,all,valid,3.00,100
0.8b,35,bbh_web_of_lies,all,grounded,51.00,100
0.8b,35,bbh_web_of_lies,all,correct,45.00,100
0.8b,35,bbh_web_of_lies,all,valid_correct,1.00,100
0.8b,35,bbh_web_of_lies,all,in_system,1.00,100
0.8b,35,bbh_web_of_lies,all,valid_wrong,2.00,100
0.8b,35,bbh_web_of_lies,answerable,has_proof,100.00,100
0.8b,35,bbh_web_of_lies,answerable,grammatical,67.00,100
0.8b,35,bbh_web_of_lies,answerable,valid,3.00,100
0.8b,35,bbh_web_of_lies,answerable,grounded,51.00,100
0.8b,35,bbh_web_of_lies,answerable,correct,45.00,100
0.8b,35,bbh_web_of_lies,answerable,valid_correct,1.00,100
0.8b,35,bbh_web_of_lies,answerable,in_system,1.00,100
0.8b,35,bbh_web_of_lies,answerable,valid_wrong,2.00,100
0.8b,35,bbh_word_sorting,all,has_proof,100.00,100
0.8b,35,bbh_word_sorting,all,grammatical,0.00,100
0.8b,35,bbh_word_sorting,all,valid,0.00,100
0.8b,35,bbh_word_sorting,all,grounded,0.00,100
0.8b,35,bbh_word_sorting,all,correct,4.00,100
0.8b,35,bbh_word_sorting,all,valid_correct,0.00,100
0.8b,35,bbh_word_sorting,all,in_system,0.00,100
0.8b,35,bbh_word_sorting,all,valid_wrong,0.00,100
0.8b,35,folio,all,has_proof,100.00,203
0.8b,35,folio,all,grammatical,39.41,203
0.8b,35,folio,all,valid,1.48,203
0.8b,35,folio,all,grounded,25.12,203
0.8b,35,folio,all,correct,39.41,203
0.8b,35,folio,all,valid_correct,1.48,203
0.8b,35,folio,all,in_system,1.48,203
0.8b,35,folio,all,valid_wrong,0.00,203
0.8b,35,folio,answerable,has_proof,100.00,134
0.8b,35,folio,answerable,grammatical,37.31,134
0.8b,35,folio,answerable,valid,2.24,134
0.8b,35,folio,answerable,grounded,23.13,134
0.8b,35,folio,answerable,correct,59.70,134
0.8b,35,folio,answerable,valid_correct,2.24,134
0.8b,35,folio,answerable,in_system,2.24,134
0.8b,35,folio,answerable,valid_wrong,0.00,134
0.8b,35,gpqa_diamond,all,has_proof,82.83,198
0.8b,35,gpqa_diamond,all,grammatical,1.01,198
0.8b,35,gpqa_diamond,all,valid,0.00,198
0.8b,35,gpqa_diamond,all,grounded,0.51,198
0.8b,35,gpqa_diamond,all,correct,14.65,198
0.8b,35,gpqa_diamond,all,valid_correct,0.00,198
0.8b,35,gpqa_diamond,all,in_system,0.00,198
0.8b,35,gpqa_diamond,all,valid_wrong,0.00,198
0.8b,35,gpqa_quant,all,has_proof,94.52,73
0.8b,35,gpqa_quant,all,grammatical,2.74,73
0.8b,35,gpqa_quant,all,valid,0.00,73
0.8b,35,gpqa_quant,all,grounded,1.37,73
0.8b,35,gpqa_quant,all,correct,10.96,73
0.8b,35,gpqa_quant,all,valid_correct,0.00,73
0.8b,35,gpqa_quant,all,in_system,0.00,73
0.8b,35,gpqa_quant,all,valid_wrong,0.00,73
0.8b,35,gpqa_rest,all,has_proof,76.00,125
0.8b,35,gpqa_rest,all,grammatical,0.00,125
0.8b,35,gpqa_rest,all,valid,0.00,125
0.8b,35,gpqa_rest,all,grounded,0.00,125
0.8b,35,gpqa_rest,all,correct,16.80,125
0.8b,35,gpqa_rest,all,valid_correct,0.00,125
0.8b,35,gpqa_rest,all,in_system,0.00,125
0.8b,35,gpqa_rest,all,valid_wrong,0.00,125
0.8b,35,gsm8k,all,has_proof,100.00,500
0.8b,35,gsm8k,all,grammatical,29.00,500
0.8b,35,gsm8k,all,valid,3.00,500
0.8b,35,gsm8k,all,grounded,15.80,500
0.8b,35,gsm8k,all,correct,17.40,500
0.8b,35,gsm8k,all,valid_correct,1.20,500
0.8b,35,gsm8k,all,in_system,1.20,500
0.8b,35,gsm8k,all,valid_wrong,1.80,500
0.8b,35,gsm8k,answerable,has_proof,100.00,500
0.8b,35,gsm8k,answerable,grammatical,29.00,500
0.8b,35,gsm8k,answerable,valid,3.00,500
0.8b,35,gsm8k,answerable,grounded,15.80,500
0.8b,35,gsm8k,answerable,correct,17.40,500
0.8b,35,gsm8k,answerable,valid_correct,1.20,500
0.8b,35,gsm8k,answerable,in_system,1.20,500
0.8b,35,gsm8k,answerable,valid_wrong,1.80,500
0.8b,35,hotpotqa,all,has_proof,0.00,200
0.8b,35,hotpotqa,all,grammatical,0.00,200
0.8b,35,hotpotqa,all,valid,0.00,200
0.8b,35,hotpotqa,all,grounded,0.00,200
0.8b,35,hotpotqa,all,correct,0.00,200
0.8b,35,hotpotqa,all,valid_correct,0.00,200
0.8b,35,hotpotqa,all,in_system,0.00,200
0.8b,35,hotpotqa,all,valid_wrong,0.00,200
0.8b,35,hotpotqa,all,f1,0.00,200
0.8b,35,logiqa,all,has_proof,97.54,651
0.8b,35,logiqa,all,grammatical,4.76,651
0.8b,35,logiqa,all,valid,0.46,651
0.8b,35,logiqa,all,grounded,2.92,651
0.8b,35,logiqa,all,correct,15.82,651
0.8b,35,logiqa,all,valid_correct,0.00,651
0.8b,35,logiqa,all,in_system,0.00,651
0.8b,35,logiqa,all,valid_wrong,0.46,651
0.8b,35,mmlu,all,has_proof,96.00,1000
0.8b,35,mmlu,all,grammatical,4.90,1000
0.8b,35,mmlu,all,valid,0.70,1000
0.8b,35,mmlu,all,grounded,1.80,1000
0.8b,35,mmlu,all,correct,27.20,1000
0.8b,35,mmlu,all,valid_correct,0.30,1000
0.8b,35,mmlu,all,in_system,0.00,1000
0.8b,35,mmlu,all,valid_wrong,0.40,1000
0.8b,35,musique,all,has_proof,0.00,200
0.8b,35,musique,all,grammatical,0.00,200
0.8b,35,musique,all,valid,0.00,200
0.8b,35,musique,all,grounded,0.00,200
0.8b,35,musique,all,correct,0.00,200
0.8b,35,musique,all,valid_correct,0.00,200
0.8b,35,musique,all,in_system,0.00,200
0.8b,35,musique,all,valid_wrong,0.00,200
0.8b,35,musique,all,f1,0.00,200
0.8b,35,pw_all,all,has_proof,100.00,2500
0.8b,35,pw_all,all,grammatical,62.28,2500
0.8b,35,pw_all,all,valid,9.12,2500
0.8b,35,pw_all,all,grounded,34.16,2500
0.8b,35,pw_all,all,correct,41.56,2500
0.8b,35,pw_all,all,valid_correct,7.16,2500
0.8b,35,pw_all,all,in_system,7.16,2500
0.8b,35,pw_all,all,valid_wrong,1.96,2500
0.8b,35,pw_all,answerable,has_proof,100.00,1753
0.8b,35,pw_all,answerable,grammatical,63.09,1753
0.8b,35,pw_all,answerable,valid,11.01,1753
0.8b,35,pw_all,answerable,grounded,36.74,1753
0.8b,35,pw_all,answerable,correct,59.27,1753
0.8b,35,pw_all,answerable,valid_correct,10.21,1753
0.8b,35,pw_all,answerable,in_system,10.21,1753
0.8b,35,pw_all,answerable,valid_wrong,0.80,1753
0.8b,35,pw_d0,all,has_proof,100.00,500
0.8b,35,pw_d0,all,grammatical,60.80,500
0.8b,35,pw_d0,all,valid,11.00,500
0.8b,35,pw_d0,all,grounded,36.20,500
0.8b,35,pw_d0,all,correct,26.20,500
0.8b,35,pw_d0,all,valid_correct,8.60,500
0.8b,35,pw_d0,all,in_system,8.60,500
0.8b,35,pw_d0,all,valid_wrong,2.40,500
0.8b,35,pw_d0,answerable,has_proof,100.00,226
0.8b,35,pw_d0,answerable,grammatical,66.81,226
0.8b,35,pw_d0,answerable,valid,20.80,226
0.8b,35,pw_d0,answerable,grounded,47.79,226
0.8b,35,pw_d0,answerable,correct,57.96,226
0.8b,35,pw_d0,answerable,valid_correct,19.03,226
0.8b,35,pw_d0,answerable,in_system,19.03,226
0.8b,35,pw_d0,answerable,valid_wrong,1.77,226
0.8b,35,pw_d1,all,has_proof,100.00,500
0.8b,35,pw_d1,all,grammatical,63.20,500
0.8b,35,pw_d1,all,valid,11.80,500
0.8b,35,pw_d1,all,grounded,38.00,500
0.8b,35,pw_d1,all,correct,33.80,500
0.8b,35,pw_d1,all,valid_correct,9.20,500
0.8b,35,pw_d1,all,in_system,9.20,500
0.8b,35,pw_d1,all,valid_wrong,2.60,500
0.8b,35,pw_d1,answerable,has_proof,100.00,255
0.8b,35,pw_d1,answerable,grammatical,66.67,255
0.8b,35,pw_d1,answerable,valid,18.43,255
0.8b,35,pw_d1,answerable,grounded,46.67,255
0.8b,35,pw_d1,answerable,correct,66.27,255
0.8b,35,pw_d1,answerable,valid_correct,18.04,255
0.8b,35,pw_d1,answerable,in_system,18.04,255
0.8b,35,pw_d1,answerable,valid_wrong,0.39,255
0.8b,35,pw_d2,all,has_proof,100.00,500
0.8b,35,pw_d2,all,grammatical,65.20,500
0.8b,35,pw_d2,all,valid,10.20,500
0.8b,35,pw_d2,all,grounded,38.40,500
0.8b,35,pw_d2,all,correct,46.80,500
0.8b,35,pw_d2,all,valid_correct,8.00,500
0.8b,35,pw_d2,all,in_system,8.00,500
0.8b,35,pw_d2,all,valid_wrong,2.20,500
0.8b,35,pw_d2,answerable,has_proof,100.00,382
0.8b,35,pw_d2,answerable,grammatical,66.23,382
0.8b,35,pw_d2,answerable,valid,11.26,382
0.8b,35,pw_d2,answerable,grounded,40.31,382
0.8b,35,pw_d2,answerable,correct,61.26,382
0.8b,35,pw_d2,answerable,valid_correct,10.47,382
0.8b,35,pw_d2,answerable,in_system,10.47,382
0.8b,35,pw_d2,answerable,valid_wrong,0.79,382
0.8b,35,pw_d3,all,has_proof,100.00,500
0.8b,35,pw_d3,all,grammatical,63.60,500
0.8b,35,pw_d3,all,valid,8.20,500
0.8b,35,pw_d3,all,grounded,32.60,500
0.8b,35,pw_d3,all,correct,50.20,500
0.8b,35,pw_d3,all,valid_correct,6.60,500
0.8b,35,pw_d3,all,in_system,6.60,500
0.8b,35,pw_d3,all,valid_wrong,1.60,500
0.8b,35,pw_d3,answerable,has_proof,100.00,413
0.8b,35,pw_d3,answerable,grammatical,62.47,413
0.8b,35,pw_d3,answerable,valid,8.47,413
0.8b,35,pw_d3,answerable,grounded,34.14,413
0.8b,35,pw_d3,answerable,correct,60.77,413
0.8b,35,pw_d3,answerable,valid_correct,7.99,413
0.8b,35,pw_d3,answerable,in_system,7.99,413
0.8b,35,pw_d3,answerable,valid_wrong,0.48,413
0.8b,35,pw_d5,all,has_proof,100.00,500
0.8b,35,pw_d5,all,grammatical,58.60,500
0.8b,35,pw_d5,all,valid,4.40,500
0.8b,35,pw_d5,all,grounded,25.60,500
0.8b,35,pw_d5,all,correct,50.80,500
0.8b,35,pw_d5,all,valid_correct,3.40,500
0.8b,35,pw_d5,all,in_system,3.40,500
0.8b,35,pw_d5,all,valid_wrong,1.00,500
0.8b,35,pw_d5,answerable,has_proof,100.00,477
0.8b,35,pw_d5,answerable,grammatical,57.44,477
0.8b,35,pw_d5,answerable,valid,4.40,477
0.8b,35,pw_d5,answerable,grounded,25.58,477
0.8b,35,pw_d5,answerable,correct,53.25,477
0.8b,35,pw_d5,answerable,valid_correct,3.56,477
0.8b,35,pw_d5,answerable,in_system,3.56,477
0.8b,35,pw_d5,answerable,valid_wrong,0.84,477
0.8b,40,overall,all,has_proof,91.83,9524
0.8b,40,overall,all,grammatical,24.86,9524
0.8b,40,overall,all,valid,3.38,9524
0.8b,40,overall,all,grounded,13.84,9524
0.8b,40,overall,all,correct,27.61,9524
0.8b,40,overall,all,valid_correct,2.43,9524
0.8b,40,overall,all,in_system,2.27,9524
0.8b,40,overall,all,valid_wrong,0.96,9524
0.8b,40,overall,all,f1,0.00,9524
0.8b,40,overall,answerable,has_proof,100.00,3187
0.8b,40,overall,answerable,grammatical,46.88,3187
0.8b,40,overall,answerable,valid,7.69,3187
0.8b,40,overall,answerable,grounded,27.27,3187
0.8b,40,overall,answerable,correct,48.32,3187
0.8b,40,overall,answerable,valid_correct,6.78,3187
0.8b,40,overall,answerable,in_system,6.78,3187
0.8b,40,overall,answerable,valid_wrong,0.91,3187
0.8b,40,bbh,all,has_proof,96.41,2700
0.8b,40,bbh,all,grammatical,12.26,2700
0.8b,40,bbh,all,valid,0.59,2700
0.8b,40,bbh,all,grounded,7.67,2700
0.8b,40,bbh,all,correct,21.81,2700
0.8b,40,bbh,all,valid_correct,0.22,2700
0.8b,40,bbh,all,in_system,0.07,2700
0.8b,40,bbh,all,valid_wrong,0.37,2700
0.8b,40,bbh,answerable,has_proof,100.00,800
0.8b,40,bbh,answerable,grammatical,19.88,800
0.8b,40,bbh,answerable,valid,0.38,800
0.8b,40,bbh,answerable,grounded,12.38,800
0.8b,40,bbh,answerable,correct,35.50,800
0.8b,40,bbh,answerable,valid_correct,0.25,800
0.8b,40,bbh,answerable,in_system,0.25,800
0.8b,40,bbh,answerable,valid_wrong,0.12,800
0.8b,40,deduction,all,has_proof,100.00,2703
0.8b,40,deduction,all,grammatical,61.52,2703
0.8b,40,deduction,all,valid,9.54,2703
0.8b,40,deduction,all,grounded,34.74,2703
0.8b,40,deduction,all,correct,43.66,2703
0.8b,40,deduction,all,valid_correct,7.66,2703
0.8b,40,deduction,all,in_system,7.66,2703
0.8b,40,deduction,all,valid_wrong,1.89,2703
0.8b,40,deduction,answerable,has_proof,100.00,1887
0.8b,40,deduction,answerable,grammatical,62.59,1887
0.8b,40,deduction,answerable,valid,11.71,1887
0.8b,40,deduction,answerable,grounded,36.78,1887
0.8b,40,deduction,answerable,correct,62.53,1887
0.8b,40,deduction,answerable,valid_correct,10.97,1887
0.8b,40,deduction,answerable,in_system,10.97,1887
0.8b,40,deduction,answerable,valid_wrong,0.74,1887
0.8b,40,gpqa,all,has_proof,83.33,198
0.8b,40,gpqa,all,grammatical,2.02,198
0.8b,40,gpqa,all,valid,0.00,198
0.8b,40,gpqa,all,grounded,0.00,198
0.8b,40,gpqa,all,correct,15.15,198
0.8b,40,gpqa,all,valid_correct,0.00,198
0.8b,40,gpqa,all,in_system,0.00,198
0.8b,40,gpqa,all,valid_wrong,0.00,198
0.8b,40,multihop,all,has_proof,0.00,600
0.8b,40,multihop,all,grammatical,0.00,600
0.8b,40,multihop,all,valid,0.00,600
0.8b,40,multihop,all,grounded,0.00,600
0.8b,40,multihop,all,correct,0.00,600
0.8b,40,multihop,all,valid_correct,0.00,600
0.8b,40,multihop,all,in_system,0.00,600
0.8b,40,multihop,all,valid_wrong,0.00,600
0.8b,40,multihop,all,f1,0.00,600
0.8b,40,standard,all,has_proof,98.56,3323
0.8b,40,standard,all,grammatical,11.13,3323
0.8b,40,standard,all,valid,1.44,3323
0.8b,40,standard,all,grounded,5.18,3323
0.8b,40,standard,all,correct,25.01,3323
0.8b,40,standard,all,valid_correct,0.54,3323
0.8b,40,standard,all,in_system,0.21,3323
0.8b,40,standard,all,valid_wrong,0.90,3323
0.8b,40,standard,answerable,has_proof,100.00,500
0.8b,40,standard,answerable,grammatical,30.80,500
0.8b,40,standard,answerable,valid,4.20,500
0.8b,40,standard,answerable,grounded,15.20,500
0.8b,40,standard,answerable,correct,15.20,500
0.8b,40,standard,answerable,valid_correct,1.40,500
0.8b,40,standard,answerable,in_system,1.40,500
0.8b,40,standard,answerable,valid_wrong,2.80,500
0.8b,40,2wikimqa,all,has_proof,0.00,200
0.8b,40,2wikimqa,all,grammatical,0.00,200
0.8b,40,2wikimqa,all,valid,0.00,200
0.8b,40,2wikimqa,all,grounded,0.00,200
0.8b,40,2wikimqa,all,correct,0.00,200
0.8b,40,2wikimqa,all,valid_correct,0.00,200
0.8b,40,2wikimqa,all,in_system,0.00,200
0.8b,40,2wikimqa,all,valid_wrong,0.00,200
0.8b,40,2wikimqa,all,f1,0.00,200
0.8b,40,arc_challenge,all,has_proof,99.15,1172
0.8b,40,arc_challenge,all,grammatical,11.18,1172
0.8b,40,arc_challenge,all,valid,1.54,1172
0.8b,40,arc_challenge,all,grounded,5.63,1172
0.8b,40,arc_challenge,all,correct,33.79,1172
0.8b,40,arc_challenge,all,valid_correct,0.60,1172
0.8b,40,arc_challenge,all,in_system,0.00,1172
0.8b,40,arc_challenge,all,valid_wrong,0.94,1172
0.8b,40,bbh_boolean_expressions,all,has_proof,100.00,100
0.8b,40,bbh_boolean_expressions,all,grammatical,7.00,100
0.8b,40,bbh_boolean_expressions,all,valid,0.00,100
0.8b,40,bbh_boolean_expressions,all,grounded,3.00,100
0.8b,40,bbh_boolean_expressions,all,correct,40.00,100
0.8b,40,bbh_boolean_expressions,all,valid_correct,0.00,100
0.8b,40,bbh_boolean_expressions,all,in_system,0.00,100
0.8b,40,bbh_boolean_expressions,all,valid_wrong,0.00,100
0.8b,40,bbh_boolean_expressions,answerable,has_proof,100.00,100
0.8b,40,bbh_boolean_expressions,answerable,grammatical,7.00,100
0.8b,40,bbh_boolean_expressions,answerable,valid,0.00,100
0.8b,40,bbh_boolean_expressions,answerable,grounded,3.00,100
0.8b,40,bbh_boolean_expressions,answerable,correct,40.00,100
0.8b,40,bbh_boolean_expressions,answerable,valid_correct,0.00,100
0.8b,40,bbh_boolean_expressions,answerable,in_system,0.00,100
0.8b,40,bbh_boolean_expressions,answerable,valid_wrong,0.00,100
0.8b,40,bbh_causal_judgement,all,has_proof,100.00,100
0.8b,40,bbh_causal_judgement,all,grammatical,30.00,100
0.8b,40,bbh_causal_judgement,all,valid,0.00,100
0.8b,40,bbh_causal_judgement,all,grounded,14.00,100
0.8b,40,bbh_causal_judgement,all,correct,39.00,100
0.8b,40,bbh_causal_judgement,all,valid_correct,0.00,100
0.8b,40,bbh_causal_judgement,all,in_system,0.00,100
0.8b,40,bbh_causal_judgement,all,valid_wrong,0.00,100
0.8b,40,bbh_causal_judgement,answerable,has_proof,100.00,100
0.8b,40,bbh_causal_judgement,answerable,grammatical,30.00,100
0.8b,40,bbh_causal_judgement,answerable,valid,0.00,100
0.8b,40,bbh_causal_judgement,answerable,grounded,14.00,100
0.8b,40,bbh_causal_judgement,answerable,correct,39.00,100
0.8b,40,bbh_causal_judgement,answerable,valid_correct,0.00,100
0.8b,40,bbh_causal_judgement,answerable,in_system,0.00,100
0.8b,40,bbh_causal_judgement,answerable,valid_wrong,0.00,100
0.8b,40,bbh_date_understanding,all,has_proof,100.00,100
0.8b,40,bbh_date_understanding,all,grammatical,4.00,100
0.8b,40,bbh_date_understanding,all,valid,0.00,100
0.8b,40,bbh_date_understanding,all,grounded,0.00,100
0.8b,40,bbh_date_understanding,all,correct,14.00,100
0.8b,40,bbh_date_understanding,all,valid_correct,0.00,100
0.8b,40,bbh_date_understanding,all,in_system,0.00,100
0.8b,40,bbh_date_understanding,all,valid_wrong,0.00,100
0.8b,40,bbh_disambiguation_qa,all,has_proof,82.00,100
0.8b,40,bbh_disambiguation_qa,all,grammatical,3.00,100
0.8b,40,bbh_disambiguation_qa,all,valid,0.00,100
0.8b,40,bbh_disambiguation_qa,all,grounded,3.00,100
0.8b,40,bbh_disambiguation_qa,all,correct,31.00,100
0.8b,40,bbh_disambiguation_qa,all,valid_correct,0.00,100
0.8b,40,bbh_disambiguation_qa,all,in_system,0.00,100
0.8b,40,bbh_disambiguation_qa,all,valid_wrong,0.00,100
0.8b,40,bbh_dyck_languages,all,has_proof,42.00,100
0.8b,40,bbh_dyck_languages,all,grammatical,1.00,100
0.8b,40,bbh_dyck_languages,all,valid,0.00,100
0.8b,40,bbh_dyck_languages,all,grounded,0.00,100
0.8b,40,bbh_dyck_languages,all,correct,1.00,100
0.8b,40,bbh_dyck_languages,all,valid_correct,0.00,100
0.8b,40,bbh_dyck_languages,all,in_system,0.00,100
0.8b,40,bbh_dyck_languages,all,valid_wrong,0.00,100
0.8b,40,bbh_formal_fallacies,all,has_proof,100.00,100
0.8b,40,bbh_formal_fallacies,all,grammatical,24.00,100
0.8b,40,bbh_formal_fallacies,all,valid,1.00,100
0.8b,40,bbh_formal_fallacies,all,grounded,15.00,100
0.8b,40,bbh_formal_fallacies,all,correct,44.00,100
0.8b,40,bbh_formal_fallacies,all,valid_correct,0.00,100
0.8b,40,bbh_formal_fallacies,all,in_system,0.00,100
0.8b,40,bbh_formal_fallacies,all,valid_wrong,1.00,100
0.8b,40,bbh_formal_fallacies,answerable,has_proof,100.00,100
0.8b,40,bbh_formal_fallacies,answerable,grammatical,24.00,100
0.8b,40,bbh_formal_fallacies,answerable,valid,1.00,100
0.8b,40,bbh_formal_fallacies,answerable,grounded,15.00,100
0.8b,40,bbh_formal_fallacies,answerable,correct,44.00,100
0.8b,40,bbh_formal_fallacies,answerable,valid_correct,0.00,100
0.8b,40,bbh_formal_fallacies,answerable,in_system,0.00,100
0.8b,40,bbh_formal_fallacies,answerable,valid_wrong,1.00,100
0.8b,40,bbh_geometric_shapes,all,has_proof,100.00,100
0.8b,40,bbh_geometric_shapes,all,grammatical,0.00,100
0.8b,40,bbh_geometric_shapes,all,valid,0.00,100
0.8b,40,bbh_geometric_shapes,all,grounded,0.00,100
0.8b,40,bbh_geometric_shapes,all,correct,8.00,100
0.8b,40,bbh_geometric_shapes,all,valid_correct,0.00,100
0.8b,40,bbh_geometric_shapes,all,in_system,0.00,100
0.8b,40,bbh_geometric_shapes,all,valid_wrong,0.00,100
0.8b,40,bbh_hyperbaton,all,has_proof,100.00,100
0.8b,40,bbh_hyperbaton,all,grammatical,0.00,100
0.8b,40,bbh_hyperbaton,all,valid,0.00,100
0.8b,40,bbh_hyperbaton,all,grounded,0.00,100
0.8b,40,bbh_hyperbaton,all,correct,47.00,100
0.8b,40,bbh_hyperbaton,all,valid_correct,0.00,100
0.8b,40,bbh_hyperbaton,all,in_system,0.00,100
0.8b,40,bbh_hyperbaton,all,valid_wrong,0.00,100
0.8b,40,bbh_logical_deduction_five_objects,all,has_proof,100.00,100
0.8b,40,bbh_logical_deduction_five_objects,all,grammatical,27.00,100
0.8b,40,bbh_logical_deduction_five_objects,all,valid,5.00,100
0.8b,40,bbh_logical_deduction_five_objects,all,grounded,20.00,100
0.8b,40,bbh_logical_deduction_five_objects,all,correct,19.00,100
0.8b,40,bbh_logical_deduction_five_objects,all,valid_correct,2.00,100
0.8b,40,bbh_logical_deduction_five_objects,all,in_system,0.00,100
0.8b,40,bbh_logical_deduction_five_objects,all,valid_wrong,3.00,100
0.8b,40,bbh_logical_deduction_seven_objects,all,has_proof,100.00,100
0.8b,40,bbh_logical_deduction_seven_objects,all,grammatical,21.00,100
0.8b,40,bbh_logical_deduction_seven_objects,all,valid,5.00,100
0.8b,40,bbh_logical_deduction_seven_objects,all,grounded,14.00,100
0.8b,40,bbh_logical_deduction_seven_objects,all,correct,18.00,100
0.8b,40,bbh_logical_deduction_seven_objects,all,valid_correct,2.00,100
0.8b,40,bbh_logical_deduction_seven_objects,all,in_system,0.00,100
0.8b,40,bbh_logical_deduction_seven_objects,all,valid_wrong,3.00,100
0.8b,40,bbh_logical_deduction_three_objects,all,has_proof,100.00,100
0.8b,40,bbh_logical_deduction_three_objects,all,grammatical,31.00,100
0.8b,40,bbh_logical_deduction_three_objects,all,valid,1.00,100
0.8b,40,bbh_logical_deduction_three_objects,all,grounded,25.00,100
0.8b,40,bbh_logical_deduction_three_objects,all,correct,8.00,100
0.8b,40,bbh_logical_deduction_three_objects,all,valid_correct,0.00,100
0.8b,40,bbh_logical_deduction_three_objects,all,in_system,0.00,100
0.8b,40,bbh_logical_deduction_three_objects,all,valid_wrong,1.00,100
0.8b,40,bbh_movie_recommendation,all,has_proof,100.00,100
0.8b,40,bbh_movie_recommendation,all,grammatical,16.00,100
0.8b,40,bbh_movie_recommendation,all,valid,0.00,100
0.8b,40,bbh_movie_recommendation,all,grounded,0.00,100
0.8b,40,bbh_movie_recommendation,all,correct,18.00,100
0.8b,40,bbh_movie_recommendation,all,valid_correct,0.00,100
0.8b,40,bbh_movie_recommendation,all,in_system,0.00,100
0.8b,40,bbh_movie_recommendation,all,valid_wrong,0.00,100
0.8b,40,bbh_multistep_arithmetic_two,all,has_proof,100.00,100
0.8b,40,bbh_multistep_arithmetic_two,all,grammatical,3.00,100
0.8b,40,bbh_multistep_arithmetic_two,all,valid,0.00,100
0.8b,40,bbh_multistep_arithmetic_two,all,grounded,1.00,100
0.8b,40,bbh_multistep_arithmetic_two,all,correct,6.00,100
0.8b,40,bbh_multistep_arithmetic_two,all,valid_correct,0.00,100
0.8b,40,bbh_multistep_arithmetic_two,all,in_system,0.00,100
0.8b,40,bbh_multistep_arithmetic_two,all,valid_wrong,0.00,100
0.8b,40,bbh_multistep_arithmetic_two,answerable,has_proof,100.00,100
0.8b,40,bbh_multistep_arithmetic_two,answerable,grammatical,3.00,100
0.8b,40,bbh_multistep_arithmetic_two,answerable,valid,0.00,100
0.8b,40,bbh_multistep_arithmetic_two,answerable,grounded,1.00,100
0.8b,40,bbh_multistep_arithmetic_two,answerable,correct,6.00,100
0.8b,40,bbh_multistep_arithmetic_two,answerable,valid_correct,0.00,100
0.8b,40,bbh_multistep_arithmetic_two,answerable,in_system,0.00,100
0.8b,40,bbh_multistep_arithmetic_two,answerable,valid_wrong,0.00,100
0.8b,40,bbh_navigate,all,has_proof,100.00,100
0.8b,40,bbh_navigate,all,grammatical,18.00,100
0.8b,40,bbh_navigate,all,valid,0.00,100
0.8b,40,bbh_navigate,all,grounded,5.00,100
0.8b,40,bbh_navigate,all,correct,40.00,100
0.8b,40,bbh_navigate,all,valid_correct,0.00,100
0.8b,40,bbh_navigate,all,in_system,0.00,100
0.8b,40,bbh_navigate,all,valid_wrong,0.00,100
0.8b,40,bbh_navigate,answerable,has_proof,100.00,100
0.8b,40,bbh_navigate,answerable,grammatical,18.00,100
0.8b,40,bbh_navigate,answerable,valid,0.00,100
0.8b,40,bbh_navigate,answerable,grounded,5.00,100
0.8b,40,bbh_navigate,answerable,correct,40.00,100
0.8b,40,bbh_navigate,answerable,valid_correct,0.00,100
0.8b,40,bbh_navigate,answerable,in_system,0.00,100
0.8b,40,bbh_navigate,answerable,valid_wrong,0.00,100
0.8b,40,bbh_object_counting,all,has_proof,100.00,100
0.8b,40,bbh_object_counting,all,grammatical,3.00,100
0.8b,40,bbh_object_counting,all,valid,0.00,100
0.8b,40,bbh_object_counting,all,grounded,0.00,100
0.8b,40,bbh_object_counting,all,correct,22.00,100
0.8b,40,bbh_object_counting,all,valid_correct,0.00,100
0.8b,40,bbh_object_counting,all,in_system,0.00,100
0.8b,40,bbh_object_counting,all,valid_wrong,0.00,100
0.8b,40,bbh_object_counting,answerable,has_proof,100.00,100
0.8b,40,bbh_object_counting,answerable,grammatical,3.00,100
0.8b,40,bbh_object_counting,answerable,valid,0.00,100
0.8b,40,bbh_object_counting,answerable,grounded,0.00,100
0.8b,40,bbh_object_counting,answerable,correct,22.00,100
0.8b,40,bbh_object_counting,answerable,valid_correct,0.00,100
0.8b,40,bbh_object_counting,answerable,in_system,0.00,100
0.8b,40,bbh_object_counting,answerable,valid_wrong,0.00,100
0.8b,40,bbh_penguins_in_a_table,all,has_proof,100.00,100
0.8b,40,bbh_penguins_in_a_table,all,grammatical,7.00,100
0.8b,40,bbh_penguins_in_a_table,all,valid,0.00,100
0.8b,40,bbh_penguins_in_a_table,all,grounded,5.00,100
0.8b,40,bbh_penguins_in_a_table,all,correct,34.00,100
0.8b,40,bbh_penguins_in_a_table,all,valid_correct,0.00,100
0.8b,40,bbh_penguins_in_a_table,all,in_system,0.00,100
0.8b,40,bbh_penguins_in_a_table,all,valid_wrong,0.00,100
0.8b,40,bbh_reasoning_about_colored_objects,all,has_proof,100.00,100
0.8b,40,bbh_reasoning_about_colored_objects,all,grammatical,21.00,100
0.8b,40,bbh_reasoning_about_colored_objects,all,valid,2.00,100
0.8b,40,bbh_reasoning_about_colored_objects,all,grounded,18.00,100
0.8b,40,bbh_reasoning_about_colored_objects,all,correct,30.00,100
0.8b,40,bbh_reasoning_about_colored_objects,all,valid_correct,0.00,100
0.8b,40,bbh_reasoning_about_colored_objects,all,in_system,0.00,100
0.8b,40,bbh_reasoning_about_colored_objects,all,valid_wrong,2.00,100
0.8b,40,bbh_ruin_names,all,has_proof,100.00,100
0.8b,40,bbh_ruin_names,all,grammatical,1.00,100
0.8b,40,bbh_ruin_names,all,valid,0.00,100
0.8b,40,bbh_ruin_names,all,grounded,1.00,100
0.8b,40,bbh_ruin_names,all,correct,13.00,100
0.8b,40,bbh_ruin_names,all,valid_correct,0.00,100
0.8b,40,bbh_ruin_names,all,in_system,0.00,100
0.8b,40,bbh_ruin_names,all,valid_wrong,0.00,100
0.8b,40,bbh_salient_translation_error_detection,all,has_proof,79.00,100
0.8b,40,bbh_salient_translation_error_detection,all,grammatical,0.00,100
0.8b,40,bbh_salient_translation_error_detection,all,valid,0.00,100
0.8b,40,bbh_salient_translation_error_detection,all,grounded,0.00,100
0.8b,40,bbh_salient_translation_error_detection,all,correct,13.00,100
0.8b,40,bbh_salient_translation_error_detection,all,valid_correct,0.00,100
0.8b,40,bbh_salient_translation_error_detection,all,in_system,0.00,100
0.8b,40,bbh_salient_translation_error_detection,all,valid_wrong,0.00,100
0.8b,40,bbh_snarks,all,has_proof,100.00,100
0.8b,40,bbh_snarks,all,grammatical,1.00,100
0.8b,40,bbh_snarks,all,valid,0.00,100
0.8b,40,bbh_snarks,all,grounded,1.00,100
0.8b,40,bbh_snarks,all,correct,13.00,100
0.8b,40,bbh_snarks,all,valid_correct,0.00,100
0.8b,40,bbh_snarks,all,in_system,0.00,100
0.8b,40,bbh_snarks,all,valid_wrong,0.00,100
0.8b,40,bbh_sports_understanding,all,has_proof,100.00,100
0.8b,40,bbh_sports_understanding,all,grammatical,3.00,100
0.8b,40,bbh_sports_understanding,all,valid,0.00,100
0.8b,40,bbh_sports_understanding,all,grounded,3.00,100
0.8b,40,bbh_sports_understanding,all,correct,43.00,100
0.8b,40,bbh_sports_understanding,all,valid_correct,0.00,100
0.8b,40,bbh_sports_understanding,all,in_system,0.00,100
0.8b,40,bbh_sports_understanding,all,valid_wrong,0.00,100
0.8b,40,bbh_sports_understanding,answerable,has_proof,100.00,100
0.8b,40,bbh_sports_understanding,answerable,grammatical,3.00,100
0.8b,40,bbh_sports_understanding,answerable,valid,0.00,100
0.8b,40,bbh_sports_understanding,answerable,grounded,3.00,100
0.8b,40,bbh_sports_understanding,answerable,correct,43.00,100
0.8b,40,bbh_sports_understanding,answerable,valid_correct,0.00,100
0.8b,40,bbh_sports_understanding,answerable,in_system,0.00,100
0.8b,40,bbh_sports_understanding,answerable,valid_wrong,0.00,100
0.8b,40,bbh_temporal_sequences,all,has_proof,100.00,100
0.8b,40,bbh_temporal_sequences,all,grammatical,6.00,100
0.8b,40,bbh_temporal_sequences,all,valid,0.00,100
0.8b,40,bbh_temporal_sequences,all,grounded,4.00,100
0.8b,40,bbh_temporal_sequences,all,correct,7.00,100
0.8b,40,bbh_temporal_sequences,all,valid_correct,0.00,100
0.8b,40,bbh_temporal_sequences,all,in_system,0.00,100
0.8b,40,bbh_temporal_sequences,all,valid_wrong,0.00,100
0.8b,40,bbh_tracking_shuffled_objects_five_objects,all,has_proof,100.00,100
0.8b,40,bbh_tracking_shuffled_objects_five_objects,all,grammatical,12.00,100
0.8b,40,bbh_tracking_shuffled_objects_five_objects,all,valid,0.00,100
0.8b,40,bbh_tracking_shuffled_objects_five_objects,all,grounded,4.00,100
0.8b,40,bbh_tracking_shuffled_objects_five_objects,all,correct,4.00,100
0.8b,40,bbh_tracking_shuffled_objects_five_objects,all,valid_correct,0.00,100
0.8b,40,bbh_tracking_shuffled_objects_five_objects,all,in_system,0.00,100
0.8b,40,bbh_tracking_shuffled_objects_five_objects,all,valid_wrong,0.00,100
0.8b,40,bbh_tracking_shuffled_objects_seven_objects,all,has_proof,100.00,100
0.8b,40,bbh_tracking_shuffled_objects_seven_objects,all,grammatical,9.00,100
0.8b,40,bbh_tracking_shuffled_objects_seven_objects,all,valid,0.00,100
0.8b,40,bbh_tracking_shuffled_objects_seven_objects,all,grounded,4.00,100
0.8b,40,bbh_tracking_shuffled_objects_seven_objects,all,correct,8.00,100
0.8b,40,bbh_tracking_shuffled_objects_seven_objects,all,valid_correct,0.00,100
0.8b,40,bbh_tracking_shuffled_objects_seven_objects,all,in_system,0.00,100
0.8b,40,bbh_tracking_shuffled_objects_seven_objects,all,valid_wrong,0.00,100
0.8b,40,bbh_tracking_shuffled_objects_three_objects,all,has_proof,100.00,100
0.8b,40,bbh_tracking_shuffled_objects_three_objects,all,grammatical,12.00,100
0.8b,40,bbh_tracking_shuffled_objects_three_objects,all,valid,0.00,100
0.8b,40,bbh_tracking_shuffled_objects_three_objects,all,grounded,9.00,100
0.8b,40,bbh_tracking_shuffled_objects_three_objects,all,correct,16.00,100
0.8b,40,bbh_tracking_shuffled_objects_three_objects,all,valid_correct,0.00,100
0.8b,40,bbh_tracking_shuffled_objects_three_objects,all,in_system,0.00,100
0.8b,40,bbh_tracking_shuffled_objects_three_objects,all,valid_wrong,0.00,100
0.8b,40,bbh_web_of_lies,all,has_proof,100.00,100
0.8b,40,bbh_web_of_lies,all,grammatical,71.00,100
0.8b,40,bbh_web_of_lies,all,valid,2.00,100
0.8b,40,bbh_web_of_lies,all,grounded,58.00,100
0.8b,40,bbh_web_of_lies,all,correct,50.00,100
0.8b,40,bbh_web_of_lies,all,valid_correct,2.00,100
0.8b,40,bbh_web_of_lies,all,in_system,2.00,100
0.8b,40,bbh_web_of_lies,all,valid_wrong,0.00,100
0.8b,40,bbh_web_of_lies,answerable,has_proof,100.00,100
0.8b,40,bbh_web_of_lies,answerable,grammatical,71.00,100
0.8b,40,bbh_web_of_lies,answerable,valid,2.00,100
0.8b,40,bbh_web_of_lies,answerable,grounded,58.00,100
0.8b,40,bbh_web_of_lies,answerable,correct,50.00,100
0.8b,40,bbh_web_of_lies,answerable,valid_correct,2.00,100
0.8b,40,bbh_web_of_lies,answerable,in_system,2.00,100
0.8b,40,bbh_web_of_lies,answerable,valid_wrong,0.00,100
0.8b,40,bbh_word_sorting,all,has_proof,100.00,100
0.8b,40,bbh_word_sorting,all,grammatical,0.00,100
0.8b,40,bbh_word_sorting,all,valid,0.00,100
0.8b,40,bbh_word_sorting,all,grounded,0.00,100
0.8b,40,bbh_word_sorting,all,correct,3.00,100
0.8b,40,bbh_word_sorting,all,valid_correct,0.00,100
0.8b,40,bbh_word_sorting,all,in_system,0.00,100
0.8b,40,bbh_word_sorting,all,valid_wrong,0.00,100
0.8b,40,folio,all,has_proof,100.00,203
0.8b,40,folio,all,grammatical,40.89,203
0.8b,40,folio,all,valid,3.45,203
0.8b,40,folio,all,grounded,24.14,203
0.8b,40,folio,all,correct,37.44,203
0.8b,40,folio,all,valid_correct,1.97,203
0.8b,40,folio,all,in_system,1.97,203
0.8b,40,folio,all,valid_wrong,1.48,203
0.8b,40,folio,answerable,has_proof,100.00,134
0.8b,40,folio,answerable,grammatical,34.33,134
0.8b,40,folio,answerable,valid,2.99,134
0.8b,40,folio,answerable,grounded,20.15,134
0.8b,40,folio,answerable,correct,56.72,134
0.8b,40,folio,answerable,valid_correct,2.99,134
0.8b,40,folio,answerable,in_system,2.99,134
0.8b,40,folio,answerable,valid_wrong,0.00,134
0.8b,40,gpqa_diamond,all,has_proof,83.33,198
0.8b,40,gpqa_diamond,all,grammatical,2.02,198
0.8b,40,gpqa_diamond,all,valid,0.00,198
0.8b,40,gpqa_diamond,all,grounded,0.00,198
0.8b,40,gpqa_diamond,all,correct,15.15,198
0.8b,40,gpqa_diamond,all,valid_correct,0.00,198
0.8b,40,gpqa_diamond,all,in_system,0.00,198
0.8b,40,gpqa_diamond,all,valid_wrong,0.00,198
0.8b,40,gpqa_quant,all,has_proof,94.52,73
0.8b,40,gpqa_quant,all,grammatical,2.74,73
0.8b,40,gpqa_quant,all,valid,0.00,73
0.8b,40,gpqa_quant,all,grounded,0.00,73
0.8b,40,gpqa_quant,all,correct,15.07,73
0.8b,40,gpqa_quant,all,valid_correct,0.00,73
0.8b,40,gpqa_quant,all,in_system,0.00,73
0.8b,40,gpqa_quant,all,valid_wrong,0.00,73
0.8b,40,gpqa_rest,all,has_proof,76.80,125
0.8b,40,gpqa_rest,all,grammatical,1.60,125
0.8b,40,gpqa_rest,all,valid,0.00,125
0.8b,40,gpqa_rest,all,grounded,0.00,125
0.8b,40,gpqa_rest,all,correct,15.20,125
0.8b,40,gpqa_rest,all,valid_correct,0.00,125
0.8b,40,gpqa_rest,all,in_system,0.00,125
0.8b,40,gpqa_rest,all,valid_wrong,0.00,125
0.8b,40,gsm8k,all,has_proof,100.00,500
0.8b,40,gsm8k,all,grammatical,30.80,500
0.8b,40,gsm8k,all,valid,4.20,500
0.8b,40,gsm8k,all,grounded,15.20,500
0.8b,40,gsm8k,all,correct,15.20,500
0.8b,40,gsm8k,all,valid_correct,1.40,500
0.8b,40,gsm8k,all,in_system,1.40,500
0.8b,40,gsm8k,all,valid_wrong,2.80,500
0.8b,40,gsm8k,answerable,has_proof,100.00,500
0.8b,40,gsm8k,answerable,grammatical,30.80,500
0.8b,40,gsm8k,answerable,valid,4.20,500
0.8b,40,gsm8k,answerable,grounded,15.20,500
0.8b,40,gsm8k,answerable,correct,15.20,500
0.8b,40,gsm8k,answerable,valid_correct,1.40,500
0.8b,40,gsm8k,answerable,in_system,1.40,500
0.8b,40,gsm8k,answerable,valid_wrong,2.80,500
0.8b,40,hotpotqa,all,has_proof,0.00,200
0.8b,40,hotpotqa,all,grammatical,0.00,200
0.8b,40,hotpotqa,all,valid,0.00,200
0.8b,40,hotpotqa,all,grounded,0.00,200
0.8b,40,hotpotqa,all,correct,0.00,200
0.8b,40,hotpotqa,all,valid_correct,0.00,200
0.8b,40,hotpotqa,all,in_system,0.00,200
0.8b,40,hotpotqa,all,valid_wrong,0.00,200
0.8b,40,hotpotqa,all,f1,0.00,200
0.8b,40,logiqa,all,has_proof,98.92,651
0.8b,40,logiqa,all,grammatical,5.84,651
0.8b,40,logiqa,all,valid,0.15,651
0.8b,40,logiqa,all,grounded,1.84,651
0.8b,40,logiqa,all,correct,13.67,651
0.8b,40,logiqa,all,valid_correct,0.00,651
0.8b,40,logiqa,all,in_system,0.00,651
0.8b,40,logiqa,all,valid_wrong,0.15,651
0.8b,40,mmlu,all,has_proof,96.90,1000
0.8b,40,mmlu,all,grammatical,4.70,1000
0.8b,40,mmlu,all,valid,0.80,1000
0.8b,40,mmlu,all,grounded,1.80,1000
0.8b,40,mmlu,all,correct,27.00,1000
0.8b,40,mmlu,all,valid_correct,0.40,1000
0.8b,40,mmlu,all,in_system,0.00,1000
0.8b,40,mmlu,all,valid_wrong,0.40,1000
0.8b,40,musique,all,has_proof,0.00,200
0.8b,40,musique,all,grammatical,0.00,200
0.8b,40,musique,all,valid,0.00,200
0.8b,40,musique,all,grounded,0.00,200
0.8b,40,musique,all,correct,0.00,200
0.8b,40,musique,all,valid_correct,0.00,200
0.8b,40,musique,all,in_system,0.00,200
0.8b,40,musique,all,valid_wrong,0.00,200
0.8b,40,musique,all,f1,0.00,200
0.8b,40,pw_all,all,has_proof,100.00,2500
0.8b,40,pw_all,all,grammatical,63.20,2500
0.8b,40,pw_all,all,valid,10.04,2500
0.8b,40,pw_all,all,grounded,35.60,2500
0.8b,40,pw_all,all,correct,44.16,2500
0.8b,40,pw_all,all,valid_correct,8.12,2500
0.8b,40,pw_all,all,in_system,8.12,2500
0.8b,40,pw_all,all,valid_wrong,1.92,2500
0.8b,40,pw_all,answerable,has_proof,100.00,1753
0.8b,40,pw_all,answerable,grammatical,64.75,1753
0.8b,40,pw_all,answerable,valid,12.38,1753
0.8b,40,pw_all,answerable,grounded,38.05,1753
0.8b,40,pw_all,answerable,correct,62.98,1753
0.8b,40,pw_all,answerable,valid_correct,11.58,1753
0.8b,40,pw_all,answerable,in_system,11.58,1753
0.8b,40,pw_all,answerable,valid_wrong,0.80,1753
0.8b,40,pw_d0,all,has_proof,100.00,500
0.8b,40,pw_d0,all,grammatical,61.60,500
0.8b,40,pw_d0,all,valid,12.00,500
0.8b,40,pw_d0,all,grounded,40.60,500
0.8b,40,pw_d0,all,correct,28.20,500
0.8b,40,pw_d0,all,valid_correct,10.00,500
0.8b,40,pw_d0,all,in_system,10.00,500
0.8b,40,pw_d0,all,valid_wrong,2.00,500
0.8b,40,pw_d0,answerable,has_proof,100.00,226
0.8b,40,pw_d0,answerable,grammatical,70.80,226
0.8b,40,pw_d0,answerable,valid,23.45,226
0.8b,40,pw_d0,answerable,grounded,53.10,226
0.8b,40,pw_d0,answerable,correct,62.39,226
0.8b,40,pw_d0,answerable,valid_correct,22.12,226
0.8b,40,pw_d0,answerable,in_system,22.12,226
0.8b,40,pw_d0,answerable,valid_wrong,1.33,226
0.8b,40,pw_d1,all,has_proof,100.00,500
0.8b,40,pw_d1,all,grammatical,64.20,500
0.8b,40,pw_d1,all,valid,13.20,500
0.8b,40,pw_d1,all,grounded,40.40,500
0.8b,40,pw_d1,all,correct,35.40,500
0.8b,40,pw_d1,all,valid_correct,10.40,500
0.8b,40,pw_d1,all,in_system,10.40,500
0.8b,40,pw_d1,all,valid_wrong,2.80,500
0.8b,40,pw_d1,answerable,has_proof,100.00,255
0.8b,40,pw_d1,answerable,grammatical,70.59,255
0.8b,40,pw_d1,answerable,valid,20.78,255
0.8b,40,pw_d1,answerable,grounded,48.24,255
0.8b,40,pw_d1,answerable,correct,69.41,255
0.8b,40,pw_d1,answerable,valid_correct,20.39,255
0.8b,40,pw_d1,answerable,in_system,20.39,255
0.8b,40,pw_d1,answerable,valid_wrong,0.39,255
0.8b,40,pw_d2,all,has_proof,100.00,500
0.8b,40,pw_d2,all,grammatical,67.20,500
0.8b,40,pw_d2,all,valid,11.60,500
0.8b,40,pw_d2,all,grounded,38.20,500
0.8b,40,pw_d2,all,correct,48.80,500
0.8b,40,pw_d2,all,valid_correct,9.80,500
0.8b,40,pw_d2,all,in_system,9.80,500
0.8b,40,pw_d2,all,valid_wrong,1.80,500
0.8b,40,pw_d2,answerable,has_proof,100.00,382
0.8b,40,pw_d2,answerable,grammatical,69.37,382
0.8b,40,pw_d2,answerable,valid,13.35,382
0.8b,40,pw_d2,answerable,grounded,42.93,382
0.8b,40,pw_d2,answerable,correct,63.87,382
0.8b,40,pw_d2,answerable,valid_correct,12.83,382
0.8b,40,pw_d2,answerable,in_system,12.83,382
0.8b,40,pw_d2,answerable,valid_wrong,0.52,382
0.8b,40,pw_d3,all,has_proof,100.00,500
0.8b,40,pw_d3,all,grammatical,66.00,500
0.8b,40,pw_d3,all,valid,9.40,500
0.8b,40,pw_d3,all,grounded,32.00,500
0.8b,40,pw_d3,all,correct,52.40,500
0.8b,40,pw_d3,all,valid_correct,7.40,500
0.8b,40,pw_d3,all,in_system,7.40,500
0.8b,40,pw_d3,all,valid_wrong,2.00,500
0.8b,40,pw_d3,answerable,has_proof,100.00,413
0.8b,40,pw_d3,answerable,grammatical,62.95,413
0.8b,40,pw_d3,answerable,valid,9.93,413
0.8b,40,pw_d3,answerable,grounded,32.69,413
0.8b,40,pw_d3,answerable,correct,63.44,413
0.8b,40,pw_d3,answerable,valid_correct,8.96,413
0.8b,40,pw_d3,answerable,in_system,8.96,413
0.8b,40,pw_d3,answerable,valid_wrong,0.97,413
0.8b,40,pw_d5,all,has_proof,100.00,500
0.8b,40,pw_d5,all,grammatical,57.00,500
0.8b,40,pw_d5,all,valid,4.00,500
0.8b,40,pw_d5,all,grounded,26.80,500
0.8b,40,pw_d5,all,correct,56.00,500
0.8b,40,pw_d5,all,valid_correct,3.00,500
0.8b,40,pw_d5,all,in_system,3.00,500
0.8b,40,pw_d5,all,valid_wrong,1.00,500
0.8b,40,pw_d5,answerable,has_proof,100.00,477
0.8b,40,pw_d5,answerable,grammatical,56.60,477
0.8b,40,pw_d5,answerable,valid,3.98,477
0.8b,40,pw_d5,answerable,grounded,26.21,477
0.8b,40,pw_d5,answerable,correct,58.70,477
0.8b,40,pw_d5,answerable,valid_correct,3.14,477
0.8b,40,pw_d5,answerable,in_system,3.14,477
0.8b,40,pw_d5,answerable,valid_wrong,0.84,477
0.8b,45,overall,all,has_proof,91.99,9524
0.8b,45,overall,all,grammatical,25.39,9524
0.8b,45,overall,all,valid,3.33,9524
0.8b,45,overall,all,grounded,14.87,9524
0.8b,45,overall,all,correct,28.54,9524
0.8b,45,overall,all,valid_correct,2.37,9524
0.8b,45,overall,all,in_system,2.28,9524
0.8b,45,overall,all,valid_wrong,0.96,9524
0.8b,45,overall,all,f1,0.00,9524
0.8b,45,overall,answerable,has_proof,100.00,3187
0.8b,45,overall,answerable,grammatical,50.17,3187
0.8b,45,overall,answerable,valid,7.75,3187
0.8b,45,overall,answerable,grounded,30.25,3187
0.8b,45,overall,answerable,correct,49.95,3187
0.8b,45,overall,answerable,valid_correct,6.81,3187
0.8b,45,overall,answerable,in_system,6.81,3187
0.8b,45,overall,answerable,valid_wrong,0.94,3187
0.8b,45,bbh,all,has_proof,96.19,2700
0.8b,45,bbh,all,grammatical,12.22,2700
0.8b,45,bbh,all,valid,0.52,2700
0.8b,45,bbh,all,grounded,7.78,2700
0.8b,45,bbh,all,correct,22.78,2700
0.8b,45,bbh,all,valid_correct,0.11,2700
0.8b,45,bbh,all,in_system,0.04,2700
0.8b,45,bbh,all,valid_wrong,0.41,2700
0.8b,45,bbh,answerable,has_proof,100.00,800
0.8b,45,bbh,answerable,grammatical,22.62,800
0.8b,45,bbh,answerable,valid,0.50,800
0.8b,45,bbh,answerable,grounded,15.00,800
0.8b,45,bbh,answerable,correct,35.62,800
0.8b,45,bbh,answerable,valid_correct,0.12,800
0.8b,45,bbh,answerable,in_system,0.12,800
0.8b,45,bbh,answerable,valid_wrong,0.38,800
0.8b,45,deduction,all,has_proof,100.00,2703
0.8b,45,deduction,all,grammatical,64.08,2703
0.8b,45,deduction,all,valid,9.69,2703
0.8b,45,deduction,all,grounded,37.66,2703
0.8b,45,deduction,all,correct,45.28,2703
0.8b,45,deduction,all,valid_correct,7.70,2703
0.8b,45,deduction,all,in_system,7.70,2703
0.8b,45,deduction,all,valid_wrong,2.00,2703
0.8b,45,deduction,answerable,has_proof,100.00,1887
0.8b,45,deduction,answerable,grammatical,65.18,1887
0.8b,45,deduction,answerable,valid,11.76,1887
0.8b,45,deduction,answerable,grounded,39.53,1887
0.8b,45,deduction,answerable,correct,64.86,1887
0.8b,45,deduction,answerable,valid_correct,11.02,1887
0.8b,45,deduction,answerable,in_system,11.02,1887
0.8b,45,deduction,answerable,valid_wrong,0.74,1887
0.8b,45,gpqa,all,has_proof,85.35,198
0.8b,45,gpqa,all,grammatical,1.01,198
0.8b,45,gpqa,all,valid,0.00,198
0.8b,45,gpqa,all,grounded,0.51,198
0.8b,45,gpqa,all,correct,17.17,198
0.8b,45,gpqa,all,valid_correct,0.00,198
0.8b,45,gpqa,all,in_system,0.00,198
0.8b,45,gpqa,all,valid_wrong,0.00,198
0.8b,45,multihop,all,has_proof,0.00,600
0.8b,45,multihop,all,grammatical,0.00,600
0.8b,45,multihop,all,valid,0.00,600
0.8b,45,multihop,all,grounded,0.00,600
0.8b,45,multihop,all,correct,0.00,600
0.8b,45,multihop,all,valid_correct,0.00,600
0.8b,45,multihop,all,in_system,0.00,600
0.8b,45,multihop,all,valid_wrong,0.00,600
0.8b,45,multihop,all,f1,0.00,600
0.8b,45,standard,all,has_proof,99.07,3323
0.8b,45,standard,all,grammatical,10.65,3323
0.8b,45,standard,all,valid,1.23,3323
0.8b,45,standard,all,grounded,5.63,3323
0.8b,45,standard,all,correct,25.43,3323
0.8b,45,standard,all,valid_correct,0.45,3323
0.8b,45,standard,all,in_system,0.24,3323
0.8b,45,standard,all,valid_wrong,0.78,3323
0.8b,45,standard,answerable,has_proof,100.00,500
0.8b,45,standard,answerable,grammatical,37.60,500
0.8b,45,standard,answerable,valid,4.20,500
0.8b,45,standard,answerable,grounded,19.60,500
0.8b,45,standard,answerable,correct,16.60,500
0.8b,45,standard,answerable,valid_correct,1.60,500
0.8b,45,standard,answerable,in_system,1.60,500
0.8b,45,standard,answerable,valid_wrong,2.60,500
0.8b,45,2wikimqa,all,has_proof,0.00,200
0.8b,45,2wikimqa,all,grammatical,0.00,200
0.8b,45,2wikimqa,all,valid,0.00,200
0.8b,45,2wikimqa,all,grounded,0.00,200
0.8b,45,2wikimqa,all,correct,0.00,200
0.8b,45,2wikimqa,all,valid_correct,0.00,200
0.8b,45,2wikimqa,all,in_system,0.00,200
0.8b,45,2wikimqa,all,valid_wrong,0.00,200
0.8b,45,2wikimqa,all,f1,0.00,200
0.8b,45,arc_challenge,all,has_proof,99.91,1172
0.8b,45,arc_challenge,all,grammatical,8.28,1172
0.8b,45,arc_challenge,all,valid,1.28,1172
0.8b,45,arc_challenge,all,grounded,4.61,1172
0.8b,45,arc_challenge,all,correct,34.98,1172
0.8b,45,arc_challenge,all,valid_correct,0.51,1172
0.8b,45,arc_challenge,all,in_system,0.00,1172
0.8b,45,arc_challenge,all,valid_wrong,0.77,1172
0.8b,45,bbh_boolean_expressions,all,has_proof,100.00,100
0.8b,45,bbh_boolean_expressions,all,grammatical,2.00,100
0.8b,45,bbh_boolean_expressions,all,valid,0.00,100
0.8b,45,bbh_boolean_expressions,all,grounded,0.00,100
0.8b,45,bbh_boolean_expressions,all,correct,48.00,100
0.8b,45,bbh_boolean_expressions,all,valid_correct,0.00,100
0.8b,45,bbh_boolean_expressions,all,in_system,0.00,100
0.8b,45,bbh_boolean_expressions,all,valid_wrong,0.00,100
0.8b,45,bbh_boolean_expressions,answerable,has_proof,100.00,100
0.8b,45,bbh_boolean_expressions,answerable,grammatical,2.00,100
0.8b,45,bbh_boolean_expressions,answerable,valid,0.00,100
0.8b,45,bbh_boolean_expressions,answerable,grounded,0.00,100
0.8b,45,bbh_boolean_expressions,answerable,correct,48.00,100
0.8b,45,bbh_boolean_expressions,answerable,valid_correct,0.00,100
0.8b,45,bbh_boolean_expressions,answerable,in_system,0.00,100
0.8b,45,bbh_boolean_expressions,answerable,valid_wrong,0.00,100
0.8b,45,bbh_causal_judgement,all,has_proof,100.00,100
0.8b,45,bbh_causal_judgement,all,grammatical,31.00,100
0.8b,45,bbh_causal_judgement,all,valid,0.00,100
0.8b,45,bbh_causal_judgement,all,grounded,10.00,100
0.8b,45,bbh_causal_judgement,all,correct,31.00,100
0.8b,45,bbh_causal_judgement,all,valid_correct,0.00,100
0.8b,45,bbh_causal_judgement,all,in_system,0.00,100
0.8b,45,bbh_causal_judgement,all,valid_wrong,0.00,100
0.8b,45,bbh_causal_judgement,answerable,has_proof,100.00,100
0.8b,45,bbh_causal_judgement,answerable,grammatical,31.00,100
0.8b,45,bbh_causal_judgement,answerable,valid,0.00,100
0.8b,45,bbh_causal_judgement,answerable,grounded,10.00,100
0.8b,45,bbh_causal_judgement,answerable,correct,31.00,100
0.8b,45,bbh_causal_judgement,answerable,valid_correct,0.00,100
0.8b,45,bbh_causal_judgement,answerable,in_system,0.00,100
0.8b,45,bbh_causal_judgement,answerable,valid_wrong,0.00,100
0.8b,45,bbh_date_understanding,all,has_proof,100.00,100
0.8b,45,bbh_date_understanding,all,grammatical,1.00,100
0.8b,45,bbh_date_understanding,all,valid,0.00,100
0.8b,45,bbh_date_understanding,all,grounded,0.00,100
0.8b,45,bbh_date_understanding,all,correct,24.00,100
0.8b,45,bbh_date_understanding,all,valid_correct,0.00,100
0.8b,45,bbh_date_understanding,all,in_system,0.00,100
0.8b,45,bbh_date_understanding,all,valid_wrong,0.00,100
0.8b,45,bbh_disambiguation_qa,all,has_proof,72.00,100
0.8b,45,bbh_disambiguation_qa,all,grammatical,5.00,100
0.8b,45,bbh_disambiguation_qa,all,valid,0.00,100
0.8b,45,bbh_disambiguation_qa,all,grounded,5.00,100
0.8b,45,bbh_disambiguation_qa,all,correct,35.00,100
0.8b,45,bbh_disambiguation_qa,all,valid_correct,0.00,100
0.8b,45,bbh_disambiguation_qa,all,in_system,0.00,100
0.8b,45,bbh_disambiguation_qa,all,valid_wrong,0.00,100
0.8b,45,bbh_dyck_languages,all,has_proof,46.00,100
0.8b,45,bbh_dyck_languages,all,grammatical,4.00,100
0.8b,45,bbh_dyck_languages,all,valid,0.00,100
0.8b,45,bbh_dyck_languages,all,grounded,0.00,100
0.8b,45,bbh_dyck_languages,all,correct,0.00,100
0.8b,45,bbh_dyck_languages,all,valid_correct,0.00,100
0.8b,45,bbh_dyck_languages,all,in_system,0.00,100
0.8b,45,bbh_dyck_languages,all,valid_wrong,0.00,100
0.8b,45,bbh_formal_fallacies,all,has_proof,100.00,100
0.8b,45,bbh_formal_fallacies,all,grammatical,18.00,100
0.8b,45,bbh_formal_fallacies,all,valid,2.00,100
0.8b,45,bbh_formal_fallacies,all,grounded,11.00,100
0.8b,45,bbh_formal_fallacies,all,correct,40.00,100
0.8b,45,bbh_formal_fallacies,all,valid_correct,0.00,100
0.8b,45,bbh_formal_fallacies,all,in_system,0.00,100
0.8b,45,bbh_formal_fallacies,all,valid_wrong,2.00,100
0.8b,45,bbh_formal_fallacies,answerable,has_proof,100.00,100
0.8b,45,bbh_formal_fallacies,answerable,grammatical,18.00,100
0.8b,45,bbh_formal_fallacies,answerable,valid,2.00,100
0.8b,45,bbh_formal_fallacies,answerable,grounded,11.00,100
0.8b,45,bbh_formal_fallacies,answerable,correct,40.00,100
0.8b,45,bbh_formal_fallacies,answerable,valid_correct,0.00,100
0.8b,45,bbh_formal_fallacies,answerable,in_system,0.00,100
0.8b,45,bbh_formal_fallacies,answerable,valid_wrong,2.00,100
0.8b,45,bbh_geometric_shapes,all,has_proof,100.00,100
0.8b,45,bbh_geometric_shapes,all,grammatical,0.00,100
0.8b,45,bbh_geometric_shapes,all,valid,0.00,100
0.8b,45,bbh_geometric_shapes,all,grounded,0.00,100
0.8b,45,bbh_geometric_shapes,all,correct,15.00,100
0.8b,45,bbh_geometric_shapes,all,valid_correct,0.00,100
0.8b,45,bbh_geometric_shapes,all,in_system,0.00,100
0.8b,45,bbh_geometric_shapes,all,valid_wrong,0.00,100
0.8b,45,bbh_hyperbaton,all,has_proof,100.00,100
0.8b,45,bbh_hyperbaton,all,grammatical,0.00,100
0.8b,45,bbh_hyperbaton,all,valid,0.00,100
0.8b,45,bbh_hyperbaton,all,grounded,0.00,100
0.8b,45,bbh_hyperbaton,all,correct,35.00,100
0.8b,45,bbh_hyperbaton,all,valid_correct,0.00,100
0.8b,45,bbh_hyperbaton,all,in_system,0.00,100
0.8b,45,bbh_hyperbaton,all,valid_wrong,0.00,100
0.8b,45,bbh_logical_deduction_five_objects,all,has_proof,100.00,100
0.8b,45,bbh_logical_deduction_five_objects,all,grammatical,24.00,100
0.8b,45,bbh_logical_deduction_five_objects,all,valid,0.00,100
0.8b,45,bbh_logical_deduction_five_objects,all,grounded,10.00,100
0.8b,45,bbh_logical_deduction_five_objects,all,correct,13.00,100
0.8b,45,bbh_logical_deduction_five_objects,all,valid_correct,0.00,100
0.8b,45,bbh_logical_deduction_five_objects,all,in_system,0.00,100
0.8b,45,bbh_logical_deduction_five_objects,all,valid_wrong,0.00,100
0.8b,45,bbh_logical_deduction_seven_objects,all,has_proof,100.00,100
0.8b,45,bbh_logical_deduction_seven_objects,all,grammatical,24.00,100
0.8b,45,bbh_logical_deduction_seven_objects,all,valid,5.00,100
0.8b,45,bbh_logical_deduction_seven_objects,all,grounded,14.00,100
0.8b,45,bbh_logical_deduction_seven_objects,all,correct,7.00,100
0.8b,45,bbh_logical_deduction_seven_objects,all,valid_correct,1.00,100
0.8b,45,bbh_logical_deduction_seven_objects,all,in_system,0.00,100
0.8b,45,bbh_logical_deduction_seven_objects,all,valid_wrong,4.00,100
0.8b,45,bbh_logical_deduction_three_objects,all,has_proof,100.00,100
0.8b,45,bbh_logical_deduction_three_objects,all,grammatical,31.00,100
0.8b,45,bbh_logical_deduction_three_objects,all,valid,3.00,100
0.8b,45,bbh_logical_deduction_three_objects,all,grounded,27.00,100
0.8b,45,bbh_logical_deduction_three_objects,all,correct,12.00,100
0.8b,45,bbh_logical_deduction_three_objects,all,valid_correct,0.00,100
0.8b,45,bbh_logical_deduction_three_objects,all,in_system,0.00,100
0.8b,45,bbh_logical_deduction_three_objects,all,valid_wrong,3.00,100
0.8b,45,bbh_movie_recommendation,all,has_proof,100.00,100
0.8b,45,bbh_movie_recommendation,all,grammatical,7.00,100
0.8b,45,bbh_movie_recommendation,all,valid,0.00,100
0.8b,45,bbh_movie_recommendation,all,grounded,1.00,100
0.8b,45,bbh_movie_recommendation,all,correct,17.00,100
0.8b,45,bbh_movie_recommendation,all,valid_correct,0.00,100
0.8b,45,bbh_movie_recommendation,all,in_system,0.00,100
0.8b,45,bbh_movie_recommendation,all,valid_wrong,0.00,100
0.8b,45,bbh_multistep_arithmetic_two,all,has_proof,100.00,100
0.8b,45,bbh_multistep_arithmetic_two,all,grammatical,8.00,100
0.8b,45,bbh_multistep_arithmetic_two,all,valid,0.00,100
0.8b,45,bbh_multistep_arithmetic_two,all,grounded,0.00,100
0.8b,45,bbh_multistep_arithmetic_two,all,correct,7.00,100
0.8b,45,bbh_multistep_arithmetic_two,all,valid_correct,0.00,100
0.8b,45,bbh_multistep_arithmetic_two,all,in_system,0.00,100
0.8b,45,bbh_multistep_arithmetic_two,all,valid_wrong,0.00,100
0.8b,45,bbh_multistep_arithmetic_two,answerable,has_proof,100.00,100
0.8b,45,bbh_multistep_arithmetic_two,answerable,grammatical,8.00,100
0.8b,45,bbh_multistep_arithmetic_two,answerable,valid,0.00,100
0.8b,45,bbh_multistep_arithmetic_two,answerable,grounded,0.00,100
0.8b,45,bbh_multistep_arithmetic_two,answerable,correct,7.00,100
0.8b,45,bbh_multistep_arithmetic_two,answerable,valid_correct,0.00,100
0.8b,45,bbh_multistep_arithmetic_two,answerable,in_system,0.00,100
0.8b,45,bbh_multistep_arithmetic_two,answerable,valid_wrong,0.00,100
0.8b,45,bbh_navigate,all,has_proof,100.00,100
0.8b,45,bbh_navigate,all,grammatical,35.00,100
0.8b,45,bbh_navigate,all,valid,0.00,100
0.8b,45,bbh_navigate,all,grounded,33.00,100
0.8b,45,bbh_navigate,all,correct,42.00,100
0.8b,45,bbh_navigate,all,valid_correct,0.00,100
0.8b,45,bbh_navigate,all,in_system,0.00,100
0.8b,45,bbh_navigate,all,valid_wrong,0.00,100
0.8b,45,bbh_navigate,answerable,has_proof,100.00,100
0.8b,45,bbh_navigate,answerable,grammatical,35.00,100
0.8b,45,bbh_navigate,answerable,valid,0.00,100
0.8b,45,bbh_navigate,answerable,grounded,33.00,100
0.8b,45,bbh_navigate,answerable,correct,42.00,100
0.8b,45,bbh_navigate,answerable,valid_correct,0.00,100
0.8b,45,bbh_navigate,answerable,in_system,0.00,100
0.8b,45,bbh_navigate,answerable,valid_wrong,0.00,100
0.8b,45,bbh_object_counting,all,has_proof,100.00,100
0.8b,45,bbh_object_counting,all,grammatical,6.00,100
0.8b,45,bbh_object_counting,all,valid,0.00,100
0.8b,45,bbh_object_counting,all,grounded,1.00,100
0.8b,45,bbh_object_counting,all,correct,30.00,100
0.8b,45,bbh_object_counting,all,valid_correct,0.00,100
0.8b,45,bbh_object_counting,all,in_system,0.00,100
0.8b,45,bbh_object_counting,all,valid_wrong,0.00,100
0.8b,45,bbh_object_counting,answerable,has_proof,100.00,100
0.8b,45,bbh_object_counting,answerable,grammatical,6.00,100
0.8b,45,bbh_object_counting,answerable,valid,0.00,100
0.8b,45,bbh_object_counting,answerable,grounded,1.00,100
0.8b,45,bbh_object_counting,answerable,correct,30.00,100
0.8b,45,bbh_object_counting,answerable,valid_correct,0.00,100
0.8b,45,bbh_object_counting,answerable,in_system,0.00,100
0.8b,45,bbh_object_counting,answerable,valid_wrong,0.00,100
0.8b,45,bbh_penguins_in_a_table,all,has_proof,100.00,100
0.8b,45,bbh_penguins_in_a_table,all,grammatical,9.00,100
0.8b,45,bbh_penguins_in_a_table,all,valid,1.00,100
0.8b,45,bbh_penguins_in_a_table,all,grounded,4.00,100
0.8b,45,bbh_penguins_in_a_table,all,correct,40.00,100
0.8b,45,bbh_penguins_in_a_table,all,valid_correct,1.00,100
0.8b,45,bbh_penguins_in_a_table,all,in_system,0.00,100
0.8b,45,bbh_penguins_in_a_table,all,valid_wrong,0.00,100
0.8b,45,bbh_reasoning_about_colored_objects,all,has_proof,100.00,100
0.8b,45,bbh_reasoning_about_colored_objects,all,grammatical,15.00,100
0.8b,45,bbh_reasoning_about_colored_objects,all,valid,1.00,100
0.8b,45,bbh_reasoning_about_colored_objects,all,grounded,9.00,100
0.8b,45,bbh_reasoning_about_colored_objects,all,correct,41.00,100
0.8b,45,bbh_reasoning_about_colored_objects,all,valid_correct,0.00,100
0.8b,45,bbh_reasoning_about_colored_objects,all,in_system,0.00,100
0.8b,45,bbh_reasoning_about_colored_objects,all,valid_wrong,1.00,100
0.8b,45,bbh_ruin_names,all,has_proof,100.00,100
0.8b,45,bbh_ruin_names,all,grammatical,0.00,100
0.8b,45,bbh_ruin_names,all,valid,0.00,100
0.8b,45,bbh_ruin_names,all,grounded,0.00,100
0.8b,45,bbh_ruin_names,all,correct,14.00,100
0.8b,45,bbh_ruin_names,all,valid_correct,0.00,100
0.8b,45,bbh_ruin_names,all,in_system,0.00,100
0.8b,45,bbh_ruin_names,all,valid_wrong,0.00,100
0.8b,45,bbh_salient_translation_error_detection,all,has_proof,79.00,100
0.8b,45,bbh_salient_translation_error_detection,all,grammatical,0.00,100
0.8b,45,bbh_salient_translation_error_detection,all,valid,0.00,100
0.8b,45,bbh_salient_translation_error_detection,all,grounded,0.00,100
0.8b,45,bbh_salient_translation_error_detection,all,correct,23.00,100
0.8b,45,bbh_salient_translation_error_detection,all,valid_correct,0.00,100
0.8b,45,bbh_salient_translation_error_detection,all,in_system,0.00,100
0.8b,45,bbh_salient_translation_error_detection,all,valid_wrong,0.00,100
0.8b,45,bbh_snarks,all,has_proof,100.00,100
0.8b,45,bbh_snarks,all,grammatical,1.00,100
0.8b,45,bbh_snarks,all,valid,0.00,100
0.8b,45,bbh_snarks,all,grounded,1.00,100
0.8b,45,bbh_snarks,all,correct,11.00,100
0.8b,45,bbh_snarks,all,valid_correct,0.00,100
0.8b,45,bbh_snarks,all,in_system,0.00,100
0.8b,45,bbh_snarks,all,valid_wrong,0.00,100
0.8b,45,bbh_sports_understanding,all,has_proof,100.00,100
0.8b,45,bbh_sports_understanding,all,grammatical,5.00,100
0.8b,45,bbh_sports_understanding,all,valid,0.00,100
0.8b,45,bbh_sports_understanding,all,grounded,3.00,100
0.8b,45,bbh_sports_understanding,all,correct,44.00,100
0.8b,45,bbh_sports_understanding,all,valid_correct,0.00,100
0.8b,45,bbh_sports_understanding,all,in_system,0.00,100
0.8b,45,bbh_sports_understanding,all,valid_wrong,0.00,100
0.8b,45,bbh_sports_understanding,answerable,has_proof,100.00,100
0.8b,45,bbh_sports_understanding,answerable,grammatical,5.00,100
0.8b,45,bbh_sports_understanding,answerable,valid,0.00,100
0.8b,45,bbh_sports_understanding,answerable,grounded,3.00,100
0.8b,45,bbh_sports_understanding,answerable,correct,44.00,100
0.8b,45,bbh_sports_understanding,answerable,valid_correct,0.00,100
0.8b,45,bbh_sports_understanding,answerable,in_system,0.00,100
0.8b,45,bbh_sports_understanding,answerable,valid_wrong,0.00,100
0.8b,45,bbh_temporal_sequences,all,has_proof,100.00,100
0.8b,45,bbh_temporal_sequences,all,grammatical,1.00,100
0.8b,45,bbh_temporal_sequences,all,valid,0.00,100
0.8b,45,bbh_temporal_sequences,all,grounded,1.00,100
0.8b,45,bbh_temporal_sequences,all,correct,7.00,100
0.8b,45,bbh_temporal_sequences,all,valid_correct,0.00,100
0.8b,45,bbh_temporal_sequences,all,in_system,0.00,100
0.8b,45,bbh_temporal_sequences,all,valid_wrong,0.00,100
0.8b,45,bbh_tracking_shuffled_objects_five_objects,all,has_proof,100.00,100
0.8b,45,bbh_tracking_shuffled_objects_five_objects,all,grammatical,8.00,100
0.8b,45,bbh_tracking_shuffled_objects_five_objects,all,valid,0.00,100
0.8b,45,bbh_tracking_shuffled_objects_five_objects,all,grounded,4.00,100
0.8b,45,bbh_tracking_shuffled_objects_five_objects,all,correct,6.00,100
0.8b,45,bbh_tracking_shuffled_objects_five_objects,all,valid_correct,0.00,100
0.8b,45,bbh_tracking_shuffled_objects_five_objects,all,in_system,0.00,100
0.8b,45,bbh_tracking_shuffled_objects_five_objects,all,valid_wrong,0.00,100
0.8b,45,bbh_tracking_shuffled_objects_seven_objects,all,has_proof,100.00,100
0.8b,45,bbh_tracking_shuffled_objects_seven_objects,all,grammatical,6.00,100
0.8b,45,bbh_tracking_shuffled_objects_seven_objects,all,valid,0.00,100
0.8b,45,bbh_tracking_shuffled_objects_seven_objects,all,grounded,1.00,100
0.8b,45,bbh_tracking_shuffled_objects_seven_objects,all,correct,7.00,100
0.8b,45,bbh_tracking_shuffled_objects_seven_objects,all,valid_correct,0.00,100
0.8b,45,bbh_tracking_shuffled_objects_seven_objects,all,in_system,0.00,100
0.8b,45,bbh_tracking_shuffled_objects_seven_objects,all,valid_wrong,0.00,100
0.8b,45,bbh_tracking_shuffled_objects_three_objects,all,has_proof,100.00,100
0.8b,45,bbh_tracking_shuffled_objects_three_objects,all,grammatical,13.00,100
0.8b,45,bbh_tracking_shuffled_objects_three_objects,all,valid,0.00,100
0.8b,45,bbh_tracking_shuffled_objects_three_objects,all,grounded,13.00,100
0.8b,45,bbh_tracking_shuffled_objects_three_objects,all,correct,19.00,100
0.8b,45,bbh_tracking_shuffled_objects_three_objects,all,valid_correct,0.00,100
0.8b,45,bbh_tracking_shuffled_objects_three_objects,all,in_system,0.00,100
0.8b,45,bbh_tracking_shuffled_objects_three_objects,all,valid_wrong,0.00,100
0.8b,45,bbh_web_of_lies,all,has_proof,100.00,100
0.8b,45,bbh_web_of_lies,all,grammatical,76.00,100
0.8b,45,bbh_web_of_lies,all,valid,2.00,100
0.8b,45,bbh_web_of_lies,all,grounded,62.00,100
0.8b,45,bbh_web_of_lies,all,correct,43.00,100
0.8b,45,bbh_web_of_lies,all,valid_correct,1.00,100
0.8b,45,bbh_web_of_lies,all,in_system,1.00,100
0.8b,45,bbh_web_of_lies,all,valid_wrong,1.00,100
0.8b,45,bbh_web_of_lies,answerable,has_proof,100.00,100
0.8b,45,bbh_web_of_lies,answerable,grammatical,76.00,100
0.8b,45,bbh_web_of_lies,answerable,valid,2.00,100
0.8b,45,bbh_web_of_lies,answerable,grounded,62.00,100
0.8b,45,bbh_web_of_lies,answerable,correct,43.00,100
0.8b,45,bbh_web_of_lies,answerable,valid_correct,1.00,100
0.8b,45,bbh_web_of_lies,answerable,in_system,1.00,100
0.8b,45,bbh_web_of_lies,answerable,valid_wrong,1.00,100
0.8b,45,bbh_word_sorting,all,has_proof,100.00,100
0.8b,45,bbh_word_sorting,all,grammatical,0.00,100
0.8b,45,bbh_word_sorting,all,valid,0.00,100
0.8b,45,bbh_word_sorting,all,grounded,0.00,100
0.8b,45,bbh_word_sorting,all,correct,4.00,100
0.8b,45,bbh_word_sorting,all,valid_correct,0.00,100
0.8b,45,bbh_word_sorting,all,in_system,0.00,100
0.8b,45,bbh_word_sorting,all,valid_wrong,0.00,100
0.8b,45,folio,all,has_proof,100.00,203
0.8b,45,folio,all,grammatical,43.35,203
0.8b,45,folio,all,valid,3.45,203
0.8b,45,folio,all,grounded,30.05,203
0.8b,45,folio,all,correct,38.92,203
0.8b,45,folio,all,valid_correct,2.46,203
0.8b,45,folio,all,in_system,2.46,203
0.8b,45,folio,all,valid_wrong,0.99,203
0.8b,45,folio,answerable,has_proof,100.00,134
0.8b,45,folio,answerable,grammatical,42.54,134
0.8b,45,folio,answerable,valid,4.48,134
0.8b,45,folio,answerable,grounded,29.10,134
0.8b,45,folio,answerable,correct,58.96,134
0.8b,45,folio,answerable,valid_correct,3.73,134
0.8b,45,folio,answerable,in_system,3.73,134
0.8b,45,folio,answerable,valid_wrong,0.75,134
0.8b,45,gpqa_diamond,all,has_proof,85.35,198
0.8b,45,gpqa_diamond,all,grammatical,1.01,198
0.8b,45,gpqa_diamond,all,valid,0.00,198
0.8b,45,gpqa_diamond,all,grounded,0.51,198
0.8b,45,gpqa_diamond,all,correct,17.17,198
0.8b,45,gpqa_diamond,all,valid_correct,0.00,198
0.8b,45,gpqa_diamond,all,in_system,0.00,198
0.8b,45,gpqa_diamond,all,valid_wrong,0.00,198
0.8b,45,gpqa_quant,all,has_proof,94.52,73
0.8b,45,gpqa_quant,all,grammatical,2.74,73
0.8b,45,gpqa_quant,all,valid,0.00,73
0.8b,45,gpqa_quant,all,grounded,1.37,73
0.8b,45,gpqa_quant,all,correct,13.70,73
0.8b,45,gpqa_quant,all,valid_correct,0.00,73
0.8b,45,gpqa_quant,all,in_system,0.00,73
0.8b,45,gpqa_quant,all,valid_wrong,0.00,73
0.8b,45,gpqa_rest,all,has_proof,80.00,125
0.8b,45,gpqa_rest,all,grammatical,0.00,125
0.8b,45,gpqa_rest,all,valid,0.00,125
0.8b,45,gpqa_rest,all,grounded,0.00,125
0.8b,45,gpqa_rest,all,correct,19.20,125
0.8b,45,gpqa_rest,all,valid_correct,0.00,125
0.8b,45,gpqa_rest,all,in_system,0.00,125
0.8b,45,gpqa_rest,all,valid_wrong,0.00,125
0.8b,45,gsm8k,all,has_proof,100.00,500
0.8b,45,gsm8k,all,grammatical,37.60,500
0.8b,45,gsm8k,all,valid,4.20,500
0.8b,45,gsm8k,all,grounded,19.60,500
0.8b,45,gsm8k,all,correct,16.60,500
0.8b,45,gsm8k,all,valid_correct,1.60,500
0.8b,45,gsm8k,all,in_system,1.60,500
0.8b,45,gsm8k,all,valid_wrong,2.60,500
0.8b,45,gsm8k,answerable,has_proof,100.00,500
0.8b,45,gsm8k,answerable,grammatical,37.60,500
0.8b,45,gsm8k,answerable,valid,4.20,500
0.8b,45,gsm8k,answerable,grounded,19.60,500
0.8b,45,gsm8k,answerable,correct,16.60,500
0.8b,45,gsm8k,answerable,valid_correct,1.60,500
0.8b,45,gsm8k,answerable,in_system,1.60,500
0.8b,45,gsm8k,answerable,valid_wrong,2.60,500
0.8b,45,hotpotqa,all,has_proof,0.00,200
0.8b,45,hotpotqa,all,grammatical,0.00,200
0.8b,45,hotpotqa,all,valid,0.00,200
0.8b,45,hotpotqa,all,grounded,0.00,200
0.8b,45,hotpotqa,all,correct,0.00,200
0.8b,45,hotpotqa,all,valid_correct,0.00,200
0.8b,45,hotpotqa,all,in_system,0.00,200
0.8b,45,hotpotqa,all,valid_wrong,0.00,200
0.8b,45,hotpotqa,all,f1,0.00,200
0.8b,45,logiqa,all,has_proof,99.39,651
0.8b,45,logiqa,all,grammatical,3.53,651
0.8b,45,logiqa,all,valid,0.00,651
0.8b,45,logiqa,all,grounded,2.30,651
0.8b,45,logiqa,all,correct,12.90,651
0.8b,45,logiqa,all,valid_correct,0.00,651
0.8b,45,logiqa,all,in_system,0.00,651
0.8b,45,logiqa,all,valid_wrong,0.00,651
0.8b,45,mmlu,all,has_proof,97.40,1000
0.8b,45,mmlu,all,grammatical,4.60,1000
0.8b,45,mmlu,all,valid,0.50,1000
0.8b,45,mmlu,all,grounded,2.00,1000
0.8b,45,mmlu,all,correct,26.80,1000
0.8b,45,mmlu,all,valid_correct,0.10,1000
0.8b,45,mmlu,all,in_system,0.00,1000
0.8b,45,mmlu,all,valid_wrong,0.40,1000
0.8b,45,musique,all,has_proof,0.00,200
0.8b,45,musique,all,grammatical,0.00,200
0.8b,45,musique,all,valid,0.00,200
0.8b,45,musique,all,grounded,0.00,200
0.8b,45,musique,all,correct,0.00,200
0.8b,45,musique,all,valid_correct,0.00,200
0.8b,45,musique,all,in_system,0.00,200
0.8b,45,musique,all,valid_wrong,0.00,200
0.8b,45,musique,all,f1,0.00,200
0.8b,45,pw_all,all,has_proof,100.00,2500
0.8b,45,pw_all,all,grammatical,65.76,2500
0.8b,45,pw_all,all,valid,10.20,2500
0.8b,45,pw_all,all,grounded,38.28,2500
0.8b,45,pw_all,all,correct,45.80,2500
0.8b,45,pw_all,all,valid_correct,8.12,2500
0.8b,45,pw_all,all,in_system,8.12,2500
0.8b,45,pw_all,all,valid_wrong,2.08,2500
0.8b,45,pw_all,answerable,has_proof,100.00,1753
0.8b,45,pw_all,answerable,grammatical,66.91,1753
0.8b,45,pw_all,answerable,valid,12.32,1753
0.8b,45,pw_all,answerable,grounded,40.33,1753
0.8b,45,pw_all,answerable,correct,65.32,1753
0.8b,45,pw_all,answerable,valid_correct,11.58,1753
0.8b,45,pw_all,answerable,in_system,11.58,1753
0.8b,45,pw_all,answerable,valid_wrong,0.74,1753
0.8b,45,pw_d0,all,has_proof,100.00,500
0.8b,45,pw_d0,all,grammatical,65.00,500
0.8b,45,pw_d0,all,valid,12.00,500
0.8b,45,pw_d0,all,grounded,41.60,500
0.8b,45,pw_d0,all,correct,29.00,500
0.8b,45,pw_d0,all,valid_correct,10.00,500
0.8b,45,pw_d0,all,in_system,10.00,500
0.8b,45,pw_d0,all,valid_wrong,2.00,500
0.8b,45,pw_d0,answerable,has_proof,100.00,226
0.8b,45,pw_d0,answerable,grammatical,73.89,226
0.8b,45,pw_d0,answerable,valid,23.01,226
0.8b,45,pw_d0,answerable,grounded,53.98,226
0.8b,45,pw_d0,answerable,correct,64.16,226
0.8b,45,pw_d0,answerable,valid_correct,22.12,226
0.8b,45,pw_d0,answerable,in_system,22.12,226
0.8b,45,pw_d0,answerable,valid_wrong,0.88,226
0.8b,45,pw_d1,all,has_proof,100.00,500
0.8b,45,pw_d1,all,grammatical,67.20,500
0.8b,45,pw_d1,all,valid,13.20,500
0.8b,45,pw_d1,all,grounded,41.40,500
0.8b,45,pw_d1,all,correct,35.60,500
0.8b,45,pw_d1,all,valid_correct,10.20,500
0.8b,45,pw_d1,all,in_system,10.20,500
0.8b,45,pw_d1,all,valid_wrong,3.00,500
0.8b,45,pw_d1,answerable,has_proof,100.00,255
0.8b,45,pw_d1,answerable,grammatical,71.37,255
0.8b,45,pw_d1,answerable,valid,20.39,255
0.8b,45,pw_d1,answerable,grounded,46.67,255
0.8b,45,pw_d1,answerable,correct,69.80,255
0.8b,45,pw_d1,answerable,valid_correct,20.00,255
0.8b,45,pw_d1,answerable,in_system,20.00,255
0.8b,45,pw_d1,answerable,valid_wrong,0.39,255
0.8b,45,pw_d2,all,has_proof,100.00,500
0.8b,45,pw_d2,all,grammatical,66.40,500
0.8b,45,pw_d2,all,valid,10.20,500
0.8b,45,pw_d2,all,grounded,39.40,500
0.8b,45,pw_d2,all,correct,51.80,500
0.8b,45,pw_d2,all,valid_correct,8.80,500
0.8b,45,pw_d2,all,in_system,8.80,500
0.8b,45,pw_d2,all,valid_wrong,1.40,500
0.8b,45,pw_d2,answerable,has_proof,100.00,382
0.8b,45,pw_d2,answerable,grammatical,67.02,382
0.8b,45,pw_d2,answerable,valid,11.52,382
0.8b,45,pw_d2,answerable,grounded,42.15,382
0.8b,45,pw_d2,answerable,correct,67.80,382
0.8b,45,pw_d2,answerable,valid_correct,11.52,382
0.8b,45,pw_d2,answerable,in_system,11.52,382
0.8b,45,pw_d2,answerable,valid_wrong,0.00,382
0.8b,45,pw_d3,all,has_proof,100.00,500
0.8b,45,pw_d3,all,grammatical,67.60,500
0.8b,45,pw_d3,all,valid,9.20,500
0.8b,45,pw_d3,all,grounded,37.00,500
0.8b,45,pw_d3,all,correct,56.40,500
0.8b,45,pw_d3,all,valid_correct,7.00,500
0.8b,45,pw_d3,all,in_system,7.00,500
0.8b,45,pw_d3,all,valid_wrong,2.20,500
0.8b,45,pw_d3,answerable,has_proof,100.00,413
0.8b,45,pw_d3,answerable,grammatical,66.34,413
0.8b,45,pw_d3,answerable,valid,9.20,413
0.8b,45,pw_d3,answerable,grounded,37.53,413
0.8b,45,pw_d3,answerable,correct,68.28,413
0.8b,45,pw_d3,answerable,valid_correct,8.47,413
0.8b,45,pw_d3,answerable,in_system,8.47,413
0.8b,45,pw_d3,answerable,valid_wrong,0.73,413
0.8b,45,pw_d5,all,has_proof,100.00,500
0.8b,45,pw_d5,all,grammatical,62.60,500
0.8b,45,pw_d5,all,valid,6.40,500
0.8b,45,pw_d5,all,grounded,32.00,500
0.8b,45,pw_d5,all,correct,56.20,500
0.8b,45,pw_d5,all,valid_correct,4.60,500
0.8b,45,pw_d5,all,in_system,4.60,500
0.8b,45,pw_d5,all,valid_wrong,1.80,500
0.8b,45,pw_d5,answerable,has_proof,100.00,477
0.8b,45,pw_d5,answerable,grammatical,61.64,477
0.8b,45,pw_d5,answerable,valid,6.29,477
0.8b,45,pw_d5,answerable,grounded,31.45,477
0.8b,45,pw_d5,answerable,correct,58.91,477
0.8b,45,pw_d5,answerable,valid_correct,4.82,477
0.8b,45,pw_d5,answerable,in_system,4.82,477
0.8b,45,pw_d5,answerable,valid_wrong,1.47,477
0.8b,50,overall,all,has_proof,92.51,9524
0.8b,50,overall,all,grammatical,26.00,9524
0.8b,50,overall,all,valid,3.79,9524
0.8b,50,overall,all,grounded,14.88,9524
0.8b,50,overall,all,correct,28.72,9524
0.8b,50,overall,all,valid_correct,2.74,9524
0.8b,50,overall,all,in_system,2.60,9524
0.8b,50,overall,all,valid_wrong,1.05,9524
0.8b,50,overall,all,f1,0.00,9524
0.8b,50,overall,answerable,has_proof,100.00,3187
0.8b,50,overall,answerable,grammatical,50.24,3187
0.8b,50,overall,answerable,valid,8.57,3187
0.8b,50,overall,answerable,grounded,29.87,3187
0.8b,50,overall,answerable,correct,50.67,3187
0.8b,50,overall,answerable,valid_correct,7.78,3187
0.8b,50,overall,answerable,in_system,7.78,3187
0.8b,50,overall,answerable,valid_wrong,0.78,3187
0.8b,50,bbh,all,has_proof,97.78,2700
0.8b,50,bbh,all,grammatical,13.67,2700
0.8b,50,bbh,all,valid,0.63,2700
0.8b,50,bbh,all,grounded,8.07,2700
0.8b,50,bbh,all,correct,22.93,2700
0.8b,50,bbh,all,valid_correct,0.26,2700
0.8b,50,bbh,all,in_system,0.11,2700
0.8b,50,bbh,all,valid_wrong,0.37,2700
0.8b,50,bbh,answerable,has_proof,100.00,800
0.8b,50,bbh,answerable,grammatical,24.75,800
0.8b,50,bbh,answerable,valid,0.75,800
0.8b,50,bbh,answerable,grounded,14.12,800
0.8b,50,bbh,answerable,correct,36.50,800
0.8b,50,bbh,answerable,valid_correct,0.38,800
0.8b,50,bbh,answerable,in_system,0.38,800
0.8b,50,bbh,answerable,valid_wrong,0.38,800
0.8b,50,deduction,all,has_proof,100.00,2703
0.8b,50,deduction,all,grammatical,64.96,2703
0.8b,50,deduction,all,valid,11.06,2703
0.8b,50,deduction,all,grounded,37.96,2703
0.8b,50,deduction,all,correct,45.65,2703
0.8b,50,deduction,all,valid_correct,8.69,2703
0.8b,50,deduction,all,in_system,8.69,2703
0.8b,50,deduction,all,valid_wrong,2.37,2703
0.8b,50,deduction,answerable,has_proof,100.00,1887
0.8b,50,deduction,answerable,grammatical,65.66,1887
0.8b,50,deduction,answerable,valid,12.98,1887
0.8b,50,deduction,answerable,grounded,39.69,1887
0.8b,50,deduction,answerable,correct,65.39,1887
0.8b,50,deduction,answerable,valid_correct,12.45,1887
0.8b,50,deduction,answerable,in_system,12.45,1887
0.8b,50,deduction,answerable,valid_wrong,0.53,1887
0.8b,50,gpqa,all,has_proof,85.35,198
0.8b,50,gpqa,all,grammatical,2.02,198
0.8b,50,gpqa,all,valid,0.00,198
0.8b,50,gpqa,all,grounded,1.52,198
0.8b,50,gpqa,all,correct,11.62,198
0.8b,50,gpqa,all,valid_correct,0.00,198
0.8b,50,gpqa,all,in_system,0.00,198
0.8b,50,gpqa,all,valid_wrong,0.00,198
0.8b,50,multihop,all,has_proof,0.00,600
0.8b,50,multihop,all,grammatical,0.00,600
0.8b,50,multihop,all,valid,0.00,600
0.8b,50,multihop,all,grounded,0.00,600
0.8b,50,multihop,all,correct,0.00,600
0.8b,50,multihop,all,valid_correct,0.00,600
0.8b,50,multihop,all,in_system,0.00,600
0.8b,50,multihop,all,valid_wrong,0.00,600
0.8b,50,multihop,all,f1,0.00,600
0.8b,50,standard,all,has_proof,99.28,3323
0.8b,50,standard,all,grammatical,10.44,3323
0.8b,50,standard,all,valid,1.35,3323
0.8b,50,standard,all,grounded,5.12,3323
0.8b,50,standard,all,correct,25.85,3323
0.8b,50,standard,all,valid_correct,0.57,3323
0.8b,50,standard,all,in_system,0.30,3323
0.8b,50,standard,all,valid_wrong,0.78,3323
0.8b,50,standard,answerable,has_proof,100.00,500
0.8b,50,standard,answerable,grammatical,32.80,500
0.8b,50,standard,answerable,valid,4.40,500
0.8b,50,standard,answerable,grounded,18.00,500
0.8b,50,standard,answerable,correct,17.80,500
0.8b,50,standard,answerable,valid_correct,2.00,500
0.8b,50,standard,answerable,in_system,2.00,500
0.8b,50,standard,answerable,valid_wrong,2.40,500
0.8b,50,2wikimqa,all,has_proof,0.00,200
0.8b,50,2wikimqa,all,grammatical,0.00,200
0.8b,50,2wikimqa,all,valid,0.00,200
0.8b,50,2wikimqa,all,grounded,0.00,200
0.8b,50,2wikimqa,all,correct,0.00,200
0.8b,50,2wikimqa,all,valid_correct,0.00,200
0.8b,50,2wikimqa,all,in_system,0.00,200
0.8b,50,2wikimqa,all,valid_wrong,0.00,200
0.8b,50,2wikimqa,all,f1,0.00,200
0.8b,50,arc_challenge,all,has_proof,100.00,1172
0.8b,50,arc_challenge,all,grammatical,8.79,1172
0.8b,50,arc_challenge,all,valid,1.37,1172
0.8b,50,arc_challenge,all,grounded,4.18,1172
0.8b,50,arc_challenge,all,correct,34.39,1172
0.8b,50,arc_challenge,all,valid_correct,0.51,1172
0.8b,50,arc_challenge,all,in_system,0.00,1172
0.8b,50,arc_challenge,all,valid_wrong,0.85,1172
0.8b,50,bbh_boolean_expressions,all,has_proof,100.00,100
0.8b,50,bbh_boolean_expressions,all,grammatical,4.00,100
0.8b,50,bbh_boolean_expressions,all,valid,0.00,100
0.8b,50,bbh_boolean_expressions,all,grounded,0.00,100
0.8b,50,bbh_boolean_expressions,all,correct,48.00,100
0.8b,50,bbh_boolean_expressions,all,valid_correct,0.00,100
0.8b,50,bbh_boolean_expressions,all,in_system,0.00,100
0.8b,50,bbh_boolean_expressions,all,valid_wrong,0.00,100
0.8b,50,bbh_boolean_expressions,answerable,has_proof,100.00,100
0.8b,50,bbh_boolean_expressions,answerable,grammatical,4.00,100
0.8b,50,bbh_boolean_expressions,answerable,valid,0.00,100
0.8b,50,bbh_boolean_expressions,answerable,grounded,0.00,100
0.8b,50,bbh_boolean_expressions,answerable,correct,48.00,100
0.8b,50,bbh_boolean_expressions,answerable,valid_correct,0.00,100
0.8b,50,bbh_boolean_expressions,answerable,in_system,0.00,100
0.8b,50,bbh_boolean_expressions,answerable,valid_wrong,0.00,100
0.8b,50,bbh_causal_judgement,all,has_proof,100.00,100
0.8b,50,bbh_causal_judgement,all,grammatical,31.00,100
0.8b,50,bbh_causal_judgement,all,valid,1.00,100
0.8b,50,bbh_causal_judgement,all,grounded,12.00,100
0.8b,50,bbh_causal_judgement,all,correct,37.00,100
0.8b,50,bbh_causal_judgement,all,valid_correct,0.00,100
0.8b,50,bbh_causal_judgement,all,in_system,0.00,100
0.8b,50,bbh_causal_judgement,all,valid_wrong,1.00,100
0.8b,50,bbh_causal_judgement,answerable,has_proof,100.00,100
0.8b,50,bbh_causal_judgement,answerable,grammatical,31.00,100
0.8b,50,bbh_causal_judgement,answerable,valid,1.00,100
0.8b,50,bbh_causal_judgement,answerable,grounded,12.00,100
0.8b,50,bbh_causal_judgement,answerable,correct,37.00,100
0.8b,50,bbh_causal_judgement,answerable,valid_correct,0.00,100
0.8b,50,bbh_causal_judgement,answerable,in_system,0.00,100
0.8b,50,bbh_causal_judgement,answerable,valid_wrong,1.00,100
0.8b,50,bbh_date_understanding,all,has_proof,100.00,100
0.8b,50,bbh_date_understanding,all,grammatical,0.00,100
0.8b,50,bbh_date_understanding,all,valid,0.00,100
0.8b,50,bbh_date_understanding,all,grounded,0.00,100
0.8b,50,bbh_date_understanding,all,correct,21.00,100
0.8b,50,bbh_date_understanding,all,valid_correct,0.00,100
0.8b,50,bbh_date_understanding,all,in_system,0.00,100
0.8b,50,bbh_date_understanding,all,valid_wrong,0.00,100
0.8b,50,bbh_disambiguation_qa,all,has_proof,91.00,100
0.8b,50,bbh_disambiguation_qa,all,grammatical,6.00,100
0.8b,50,bbh_disambiguation_qa,all,valid,0.00,100
0.8b,50,bbh_disambiguation_qa,all,grounded,5.00,100
0.8b,50,bbh_disambiguation_qa,all,correct,38.00,100
0.8b,50,bbh_disambiguation_qa,all,valid_correct,0.00,100
0.8b,50,bbh_disambiguation_qa,all,in_system,0.00,100
0.8b,50,bbh_disambiguation_qa,all,valid_wrong,0.00,100
0.8b,50,bbh_dyck_languages,all,has_proof,64.00,100
0.8b,50,bbh_dyck_languages,all,grammatical,3.00,100
0.8b,50,bbh_dyck_languages,all,valid,0.00,100
0.8b,50,bbh_dyck_languages,all,grounded,0.00,100
0.8b,50,bbh_dyck_languages,all,correct,2.00,100
0.8b,50,bbh_dyck_languages,all,valid_correct,0.00,100
0.8b,50,bbh_dyck_languages,all,in_system,0.00,100
0.8b,50,bbh_dyck_languages,all,valid_wrong,0.00,100
0.8b,50,bbh_formal_fallacies,all,has_proof,100.00,100
0.8b,50,bbh_formal_fallacies,all,grammatical,17.00,100
0.8b,50,bbh_formal_fallacies,all,valid,2.00,100
0.8b,50,bbh_formal_fallacies,all,grounded,10.00,100
0.8b,50,bbh_formal_fallacies,all,correct,34.00,100
0.8b,50,bbh_formal_fallacies,all,valid_correct,1.00,100
0.8b,50,bbh_formal_fallacies,all,in_system,1.00,100
0.8b,50,bbh_formal_fallacies,all,valid_wrong,1.00,100
0.8b,50,bbh_formal_fallacies,answerable,has_proof,100.00,100
0.8b,50,bbh_formal_fallacies,answerable,grammatical,17.00,100
0.8b,50,bbh_formal_fallacies,answerable,valid,2.00,100
0.8b,50,bbh_formal_fallacies,answerable,grounded,10.00,100
0.8b,50,bbh_formal_fallacies,answerable,correct,34.00,100
0.8b,50,bbh_formal_fallacies,answerable,valid_correct,1.00,100
0.8b,50,bbh_formal_fallacies,answerable,in_system,1.00,100
0.8b,50,bbh_formal_fallacies,answerable,valid_wrong,1.00,100
0.8b,50,bbh_geometric_shapes,all,has_proof,100.00,100
0.8b,50,bbh_geometric_shapes,all,grammatical,0.00,100
0.8b,50,bbh_geometric_shapes,all,valid,0.00,100
0.8b,50,bbh_geometric_shapes,all,grounded,0.00,100
0.8b,50,bbh_geometric_shapes,all,correct,10.00,100
0.8b,50,bbh_geometric_shapes,all,valid_correct,0.00,100
0.8b,50,bbh_geometric_shapes,all,in_system,0.00,100
0.8b,50,bbh_geometric_shapes,all,valid_wrong,0.00,100
0.8b,50,bbh_hyperbaton,all,has_proof,100.00,100
0.8b,50,bbh_hyperbaton,all,grammatical,0.00,100
0.8b,50,bbh_hyperbaton,all,valid,0.00,100
0.8b,50,bbh_hyperbaton,all,grounded,0.00,100
0.8b,50,bbh_hyperbaton,all,correct,21.00,100
0.8b,50,bbh_hyperbaton,all,valid_correct,0.00,100
0.8b,50,bbh_hyperbaton,all,in_system,0.00,100
0.8b,50,bbh_hyperbaton,all,valid_wrong,0.00,100
0.8b,50,bbh_logical_deduction_five_objects,all,has_proof,100.00,100
0.8b,50,bbh_logical_deduction_five_objects,all,grammatical,22.00,100
0.8b,50,bbh_logical_deduction_five_objects,all,valid,2.00,100
0.8b,50,bbh_logical_deduction_five_objects,all,grounded,13.00,100
0.8b,50,bbh_logical_deduction_five_objects,all,correct,18.00,100
0.8b,50,bbh_logical_deduction_five_objects,all,valid_correct,1.00,100
0.8b,50,bbh_logical_deduction_five_objects,all,in_system,0.00,100
0.8b,50,bbh_logical_deduction_five_objects,all,valid_wrong,1.00,100
0.8b,50,bbh_logical_deduction_seven_objects,all,has_proof,100.00,100
0.8b,50,bbh_logical_deduction_seven_objects,all,grammatical,25.00,100
0.8b,50,bbh_logical_deduction_seven_objects,all,valid,6.00,100
0.8b,50,bbh_logical_deduction_seven_objects,all,grounded,16.00,100
0.8b,50,bbh_logical_deduction_seven_objects,all,correct,10.00,100
0.8b,50,bbh_logical_deduction_seven_objects,all,valid_correct,2.00,100
0.8b,50,bbh_logical_deduction_seven_objects,all,in_system,0.00,100
0.8b,50,bbh_logical_deduction_seven_objects,all,valid_wrong,4.00,100
0.8b,50,bbh_logical_deduction_three_objects,all,has_proof,100.00,100
0.8b,50,bbh_logical_deduction_three_objects,all,grammatical,36.00,100
0.8b,50,bbh_logical_deduction_three_objects,all,valid,1.00,100
0.8b,50,bbh_logical_deduction_three_objects,all,grounded,24.00,100
0.8b,50,bbh_logical_deduction_three_objects,all,correct,15.00,100
0.8b,50,bbh_logical_deduction_three_objects,all,valid_correct,0.00,100
0.8b,50,bbh_logical_deduction_three_objects,all,in_system,0.00,100
0.8b,50,bbh_logical_deduction_three_objects,all,valid_wrong,1.00,100
0.8b,50,bbh_movie_recommendation,all,has_proof,100.00,100
0.8b,50,bbh_movie_recommendation,all,grammatical,4.00,100
0.8b,50,bbh_movie_recommendation,all,valid,0.00,100
0.8b,50,bbh_movie_recommendation,all,grounded,0.00,100
0.8b,50,bbh_movie_recommendation,all,correct,25.00,100
0.8b,50,bbh_movie_recommendation,all,valid_correct,0.00,100
0.8b,50,bbh_movie_recommendation,all,in_system,0.00,100
0.8b,50,bbh_movie_recommendation,all,valid_wrong,0.00,100
0.8b,50,bbh_multistep_arithmetic_two,all,has_proof,100.00,100
0.8b,50,bbh_multistep_arithmetic_two,all,grammatical,13.00,100
0.8b,50,bbh_multistep_arithmetic_two,all,valid,0.00,100
0.8b,50,bbh_multistep_arithmetic_two,all,grounded,0.00,100
0.8b,50,bbh_multistep_arithmetic_two,all,correct,4.00,100
0.8b,50,bbh_multistep_arithmetic_two,all,valid_correct,0.00,100
0.8b,50,bbh_multistep_arithmetic_two,all,in_system,0.00,100
0.8b,50,bbh_multistep_arithmetic_two,all,valid_wrong,0.00,100
0.8b,50,bbh_multistep_arithmetic_two,answerable,has_proof,100.00,100
0.8b,50,bbh_multistep_arithmetic_two,answerable,grammatical,13.00,100
0.8b,50,bbh_multistep_arithmetic_two,answerable,valid,0.00,100
0.8b,50,bbh_multistep_arithmetic_two,answerable,grounded,0.00,100
0.8b,50,bbh_multistep_arithmetic_two,answerable,correct,4.00,100
0.8b,50,bbh_multistep_arithmetic_two,answerable,valid_correct,0.00,100
0.8b,50,bbh_multistep_arithmetic_two,answerable,in_system,0.00,100
0.8b,50,bbh_multistep_arithmetic_two,answerable,valid_wrong,0.00,100
0.8b,50,bbh_navigate,all,has_proof,100.00,100
0.8b,50,bbh_navigate,all,grammatical,35.00,100
0.8b,50,bbh_navigate,all,valid,1.00,100
0.8b,50,bbh_navigate,all,grounded,20.00,100
0.8b,50,bbh_navigate,all,correct,37.00,100
0.8b,50,bbh_navigate,all,valid_correct,0.00,100
0.8b,50,bbh_navigate,all,in_system,0.00,100
0.8b,50,bbh_navigate,all,valid_wrong,1.00,100
0.8b,50,bbh_navigate,answerable,has_proof,100.00,100
0.8b,50,bbh_navigate,answerable,grammatical,35.00,100
0.8b,50,bbh_navigate,answerable,valid,1.00,100
0.8b,50,bbh_navigate,answerable,grounded,20.00,100
0.8b,50,bbh_navigate,answerable,correct,37.00,100
0.8b,50,bbh_navigate,answerable,valid_correct,0.00,100
0.8b,50,bbh_navigate,answerable,in_system,0.00,100
0.8b,50,bbh_navigate,answerable,valid_wrong,1.00,100
0.8b,50,bbh_object_counting,all,has_proof,100.00,100
0.8b,50,bbh_object_counting,all,grammatical,12.00,100
0.8b,50,bbh_object_counting,all,valid,0.00,100
0.8b,50,bbh_object_counting,all,grounded,1.00,100
0.8b,50,bbh_object_counting,all,correct,26.00,100
0.8b,50,bbh_object_counting,all,valid_correct,0.00,100
0.8b,50,bbh_object_counting,all,in_system,0.00,100
0.8b,50,bbh_object_counting,all,valid_wrong,0.00,100
0.8b,50,bbh_object_counting,answerable,has_proof,100.00,100
0.8b,50,bbh_object_counting,answerable,grammatical,12.00,100
0.8b,50,bbh_object_counting,answerable,valid,0.00,100
0.8b,50,bbh_object_counting,answerable,grounded,1.00,100
0.8b,50,bbh_object_counting,answerable,correct,26.00,100
0.8b,50,bbh_object_counting,answerable,valid_correct,0.00,100
0.8b,50,bbh_object_counting,answerable,in_system,0.00,100
0.8b,50,bbh_object_counting,answerable,valid_wrong,0.00,100
0.8b,50,bbh_penguins_in_a_table,all,has_proof,100.00,100
0.8b,50,bbh_penguins_in_a_table,all,grammatical,13.00,100
0.8b,50,bbh_penguins_in_a_table,all,valid,0.00,100
0.8b,50,bbh_penguins_in_a_table,all,grounded,8.00,100
0.8b,50,bbh_penguins_in_a_table,all,correct,33.00,100
0.8b,50,bbh_penguins_in_a_table,all,valid_correct,0.00,100
0.8b,50,bbh_penguins_in_a_table,all,in_system,0.00,100
0.8b,50,bbh_penguins_in_a_table,all,valid_wrong,0.00,100
0.8b,50,bbh_reasoning_about_colored_objects,all,has_proof,100.00,100
0.8b,50,bbh_reasoning_about_colored_objects,all,grammatical,22.00,100
0.8b,50,bbh_reasoning_about_colored_objects,all,valid,2.00,100
0.8b,50,bbh_reasoning_about_colored_objects,all,grounded,16.00,100
0.8b,50,bbh_reasoning_about_colored_objects,all,correct,42.00,100
0.8b,50,bbh_reasoning_about_colored_objects,all,valid_correct,1.00,100
0.8b,50,bbh_reasoning_about_colored_objects,all,in_system,0.00,100
0.8b,50,bbh_reasoning_about_colored_objects,all,valid_wrong,1.00,100
0.8b,50,bbh_ruin_names,all,has_proof,99.00,100
0.8b,50,bbh_ruin_names,all,grammatical,4.00,100
0.8b,50,bbh_ruin_names,all,valid,0.00,100
0.8b,50,bbh_ruin_names,all,grounded,4.00,100
0.8b,50,bbh_ruin_names,all,correct,15.00,100
0.8b,50,bbh_ruin_names,all,valid_correct,0.00,100
0.8b,50,bbh_ruin_names,all,in_system,0.00,100
0.8b,50,bbh_ruin_names,all,valid_wrong,0.00,100
0.8b,50,bbh_salient_translation_error_detection,all,has_proof,86.00,100
0.8b,50,bbh_salient_translation_error_detection,all,grammatical,0.00,100
0.8b,50,bbh_salient_translation_error_detection,all,valid,0.00,100
0.8b,50,bbh_salient_translation_error_detection,all,grounded,0.00,100
0.8b,50,bbh_salient_translation_error_detection,all,correct,21.00,100
0.8b,50,bbh_salient_translation_error_detection,all,valid_correct,0.00,100
0.8b,50,bbh_salient_translation_error_detection,all,in_system,0.00,100
0.8b,50,bbh_salient_translation_error_detection,all,valid_wrong,0.00,100
0.8b,50,bbh_snarks,all,has_proof,100.00,100
0.8b,50,bbh_snarks,all,grammatical,0.00,100
0.8b,50,bbh_snarks,all,valid,0.00,100
0.8b,50,bbh_snarks,all,grounded,0.00,100
0.8b,50,bbh_snarks,all,correct,8.00,100
0.8b,50,bbh_snarks,all,valid_correct,0.00,100
0.8b,50,bbh_snarks,all,in_system,0.00,100
0.8b,50,bbh_snarks,all,valid_wrong,0.00,100
0.8b,50,bbh_sports_understanding,all,has_proof,100.00,100
0.8b,50,bbh_sports_understanding,all,grammatical,0.00,100
0.8b,50,bbh_sports_understanding,all,valid,0.00,100
0.8b,50,bbh_sports_understanding,all,grounded,0.00,100
0.8b,50,bbh_sports_understanding,all,correct,55.00,100
0.8b,50,bbh_sports_understanding,all,valid_correct,0.00,100
0.8b,50,bbh_sports_understanding,all,in_system,0.00,100
0.8b,50,bbh_sports_understanding,all,valid_wrong,0.00,100
0.8b,50,bbh_sports_understanding,answerable,has_proof,100.00,100
0.8b,50,bbh_sports_understanding,answerable,grammatical,0.00,100
0.8b,50,bbh_sports_understanding,answerable,valid,0.00,100
0.8b,50,bbh_sports_understanding,answerable,grounded,0.00,100
0.8b,50,bbh_sports_understanding,answerable,correct,55.00,100
0.8b,50,bbh_sports_understanding,answerable,valid_correct,0.00,100
0.8b,50,bbh_sports_understanding,answerable,in_system,0.00,100
0.8b,50,bbh_sports_understanding,answerable,valid_wrong,0.00,100
0.8b,50,bbh_temporal_sequences,all,has_proof,100.00,100
0.8b,50,bbh_temporal_sequences,all,grammatical,5.00,100
0.8b,50,bbh_temporal_sequences,all,valid,0.00,100
0.8b,50,bbh_temporal_sequences,all,grounded,2.00,100
0.8b,50,bbh_temporal_sequences,all,correct,11.00,100
0.8b,50,bbh_temporal_sequences,all,valid_correct,0.00,100
0.8b,50,bbh_temporal_sequences,all,in_system,0.00,100
0.8b,50,bbh_temporal_sequences,all,valid_wrong,0.00,100
0.8b,50,bbh_tracking_shuffled_objects_five_objects,all,has_proof,100.00,100
0.8b,50,bbh_tracking_shuffled_objects_five_objects,all,grammatical,10.00,100
0.8b,50,bbh_tracking_shuffled_objects_five_objects,all,valid,0.00,100
0.8b,50,bbh_tracking_shuffled_objects_five_objects,all,grounded,4.00,100
0.8b,50,bbh_tracking_shuffled_objects_five_objects,all,correct,5.00,100
0.8b,50,bbh_tracking_shuffled_objects_five_objects,all,valid_correct,0.00,100
0.8b,50,bbh_tracking_shuffled_objects_five_objects,all,in_system,0.00,100
0.8b,50,bbh_tracking_shuffled_objects_five_objects,all,valid_wrong,0.00,100
0.8b,50,bbh_tracking_shuffled_objects_seven_objects,all,has_proof,100.00,100
0.8b,50,bbh_tracking_shuffled_objects_seven_objects,all,grammatical,6.00,100
0.8b,50,bbh_tracking_shuffled_objects_seven_objects,all,valid,0.00,100
0.8b,50,bbh_tracking_shuffled_objects_seven_objects,all,grounded,3.00,100
0.8b,50,bbh_tracking_shuffled_objects_seven_objects,all,correct,9.00,100
0.8b,50,bbh_tracking_shuffled_objects_seven_objects,all,valid_correct,0.00,100
0.8b,50,bbh_tracking_shuffled_objects_seven_objects,all,in_system,0.00,100
0.8b,50,bbh_tracking_shuffled_objects_seven_objects,all,valid_wrong,0.00,100
0.8b,50,bbh_tracking_shuffled_objects_three_objects,all,has_proof,100.00,100
0.8b,50,bbh_tracking_shuffled_objects_three_objects,all,grammatical,15.00,100
0.8b,50,bbh_tracking_shuffled_objects_three_objects,all,valid,0.00,100
0.8b,50,bbh_tracking_shuffled_objects_three_objects,all,grounded,10.00,100
0.8b,50,bbh_tracking_shuffled_objects_three_objects,all,correct,21.00,100
0.8b,50,bbh_tracking_shuffled_objects_three_objects,all,valid_correct,0.00,100
0.8b,50,bbh_tracking_shuffled_objects_three_objects,all,in_system,0.00,100
0.8b,50,bbh_tracking_shuffled_objects_three_objects,all,valid_wrong,0.00,100
0.8b,50,bbh_web_of_lies,all,has_proof,100.00,100
0.8b,50,bbh_web_of_lies,all,grammatical,86.00,100
0.8b,50,bbh_web_of_lies,all,valid,2.00,100
0.8b,50,bbh_web_of_lies,all,grounded,70.00,100
0.8b,50,bbh_web_of_lies,all,correct,51.00,100
0.8b,50,bbh_web_of_lies,all,valid_correct,2.00,100
0.8b,50,bbh_web_of_lies,all,in_system,2.00,100
0.8b,50,bbh_web_of_lies,all,valid_wrong,0.00,100
0.8b,50,bbh_web_of_lies,answerable,has_proof,100.00,100
0.8b,50,bbh_web_of_lies,answerable,grammatical,86.00,100
0.8b,50,bbh_web_of_lies,answerable,valid,2.00,100
0.8b,50,bbh_web_of_lies,answerable,grounded,70.00,100
0.8b,50,bbh_web_of_lies,answerable,correct,51.00,100
0.8b,50,bbh_web_of_lies,answerable,valid_correct,2.00,100
0.8b,50,bbh_web_of_lies,answerable,in_system,2.00,100
0.8b,50,bbh_web_of_lies,answerable,valid_wrong,0.00,100
0.8b,50,bbh_word_sorting,all,has_proof,100.00,100
0.8b,50,bbh_word_sorting,all,grammatical,0.00,100
0.8b,50,bbh_word_sorting,all,valid,0.00,100
0.8b,50,bbh_word_sorting,all,grounded,0.00,100
0.8b,50,bbh_word_sorting,all,correct,2.00,100
0.8b,50,bbh_word_sorting,all,valid_correct,0.00,100
0.8b,50,bbh_word_sorting,all,in_system,0.00,100
0.8b,50,bbh_word_sorting,all,valid_wrong,0.00,100
0.8b,50,folio,all,has_proof,100.00,203
0.8b,50,folio,all,grammatical,42.36,203
0.8b,50,folio,all,valid,2.96,203
0.8b,50,folio,all,grounded,24.63,203
0.8b,50,folio,all,correct,40.39,203
0.8b,50,folio,all,valid_correct,0.99,203
0.8b,50,folio,all,in_system,0.99,203
0.8b,50,folio,all,valid_wrong,1.97,203
0.8b,50,folio,answerable,has_proof,100.00,134
0.8b,50,folio,answerable,grammatical,38.06,134
0.8b,50,folio,answerable,valid,1.49,134
0.8b,50,folio,answerable,grounded,22.39,134
0.8b,50,folio,answerable,correct,61.19,134
0.8b,50,folio,answerable,valid_correct,1.49,134
0.8b,50,folio,answerable,in_system,1.49,134
0.8b,50,folio,answerable,valid_wrong,0.00,134
0.8b,50,gpqa_diamond,all,has_proof,85.35,198
0.8b,50,gpqa_diamond,all,grammatical,2.02,198
0.8b,50,gpqa_diamond,all,valid,0.00,198
0.8b,50,gpqa_diamond,all,grounded,1.52,198
0.8b,50,gpqa_diamond,all,correct,11.62,198
0.8b,50,gpqa_diamond,all,valid_correct,0.00,198
0.8b,50,gpqa_diamond,all,in_system,0.00,198
0.8b,50,gpqa_diamond,all,valid_wrong,0.00,198
0.8b,50,gpqa_quant,all,has_proof,94.52,73
0.8b,50,gpqa_quant,all,grammatical,4.11,73
0.8b,50,gpqa_quant,all,valid,0.00,73
0.8b,50,gpqa_quant,all,grounded,2.74,73
0.8b,50,gpqa_quant,all,correct,9.59,73
0.8b,50,gpqa_quant,all,valid_correct,0.00,73
0.8b,50,gpqa_quant,all,in_system,0.00,73
0.8b,50,gpqa_quant,all,valid_wrong,0.00,73
0.8b,50,gpqa_rest,all,has_proof,80.00,125
0.8b,50,gpqa_rest,all,grammatical,0.80,125
0.8b,50,gpqa_rest,all,valid,0.00,125
0.8b,50,gpqa_rest,all,grounded,0.80,125
0.8b,50,gpqa_rest,all,correct,12.80,125
0.8b,50,gpqa_rest,all,valid_correct,0.00,125
0.8b,50,gpqa_rest,all,in_system,0.00,125
0.8b,50,gpqa_rest,all,valid_wrong,0.00,125
0.8b,50,gsm8k,all,has_proof,100.00,500
0.8b,50,gsm8k,all,grammatical,32.80,500
0.8b,50,gsm8k,all,valid,4.40,500
0.8b,50,gsm8k,all,grounded,18.00,500
0.8b,50,gsm8k,all,correct,17.80,500
0.8b,50,gsm8k,all,valid_correct,2.00,500
0.8b,50,gsm8k,all,in_system,2.00,500
0.8b,50,gsm8k,all,valid_wrong,2.40,500
0.8b,50,gsm8k,answerable,has_proof,100.00,500
0.8b,50,gsm8k,answerable,grammatical,32.80,500
0.8b,50,gsm8k,answerable,valid,4.40,500
0.8b,50,gsm8k,answerable,grounded,18.00,500
0.8b,50,gsm8k,answerable,correct,17.80,500
0.8b,50,gsm8k,answerable,valid_correct,2.00,500
0.8b,50,gsm8k,answerable,in_system,2.00,500
0.8b,50,gsm8k,answerable,valid_wrong,2.40,500
0.8b,50,hotpotqa,all,has_proof,0.00,200
0.8b,50,hotpotqa,all,grammatical,0.00,200
0.8b,50,hotpotqa,all,valid,0.00,200
0.8b,50,hotpotqa,all,grounded,0.00,200
0.8b,50,hotpotqa,all,correct,0.00,200
0.8b,50,hotpotqa,all,valid_correct,0.00,200
0.8b,50,hotpotqa,all,in_system,0.00,200
0.8b,50,hotpotqa,all,valid_wrong,0.00,200
0.8b,50,hotpotqa,all,f1,0.00,200
0.8b,50,logiqa,all,has_proof,99.54,651
0.8b,50,logiqa,all,grammatical,3.84,651
0.8b,50,logiqa,all,valid,0.15,651
0.8b,50,logiqa,all,grounded,1.69,651
0.8b,50,logiqa,all,correct,13.52,651
0.8b,50,logiqa,all,valid_correct,0.00,651
0.8b,50,logiqa,all,in_system,0.00,651
0.8b,50,logiqa,all,valid_wrong,0.15,651
0.8b,50,mmlu,all,has_proof,97.90,1000
0.8b,50,mmlu,all,grammatical,5.50,1000
0.8b,50,mmlu,all,valid,0.60,1000
0.8b,50,mmlu,all,grounded,2.00,1000
0.8b,50,mmlu,all,correct,27.90,1000
0.8b,50,mmlu,all,valid_correct,0.30,1000
0.8b,50,mmlu,all,in_system,0.00,1000
0.8b,50,mmlu,all,valid_wrong,0.30,1000
0.8b,50,musique,all,has_proof,0.00,200
0.8b,50,musique,all,grammatical,0.00,200
0.8b,50,musique,all,valid,0.00,200
0.8b,50,musique,all,grounded,0.00,200
0.8b,50,musique,all,correct,0.00,200
0.8b,50,musique,all,valid_correct,0.00,200
0.8b,50,musique,all,in_system,0.00,200
0.8b,50,musique,all,valid_wrong,0.00,200
0.8b,50,musique,all,f1,0.00,200
0.8b,50,pw_all,all,has_proof,100.00,2500
0.8b,50,pw_all,all,grammatical,66.80,2500
0.8b,50,pw_all,all,valid,11.72,2500
0.8b,50,pw_all,all,grounded,39.04,2500
0.8b,50,pw_all,all,correct,46.08,2500
0.8b,50,pw_all,all,valid_correct,9.32,2500
0.8b,50,pw_all,all,in_system,9.32,2500
0.8b,50,pw_all,all,valid_wrong,2.40,2500
0.8b,50,pw_all,answerable,has_proof,100.00,1753
0.8b,50,pw_all,answerable,grammatical,67.77,1753
0.8b,50,pw_all,answerable,valid,13.86,1753
0.8b,50,pw_all,answerable,grounded,41.02,1753
0.8b,50,pw_all,answerable,correct,65.72,1753
0.8b,50,pw_all,answerable,valid_correct,13.29,1753
0.8b,50,pw_all,answerable,in_system,13.29,1753
0.8b,50,pw_all,answerable,valid_wrong,0.57,1753
0.8b,50,pw_d0,all,has_proof,100.00,500
0.8b,50,pw_d0,all,grammatical,66.80,500
0.8b,50,pw_d0,all,valid,13.60,500
0.8b,50,pw_d0,all,grounded,43.20,500
0.8b,50,pw_d0,all,correct,27.80,500
0.8b,50,pw_d0,all,valid_correct,10.60,500
0.8b,50,pw_d0,all,in_system,10.60,500
0.8b,50,pw_d0,all,valid_wrong,3.00,500
0.8b,50,pw_d0,answerable,has_proof,100.00,226
0.8b,50,pw_d0,answerable,grammatical,74.34,226
0.8b,50,pw_d0,answerable,valid,23.89,226
0.8b,50,pw_d0,answerable,grounded,55.75,226
0.8b,50,pw_d0,answerable,correct,61.50,226
0.8b,50,pw_d0,answerable,valid_correct,23.45,226
0.8b,50,pw_d0,answerable,in_system,23.45,226
0.8b,50,pw_d0,answerable,valid_wrong,0.44,226
0.8b,50,pw_d1,all,has_proof,100.00,500
0.8b,50,pw_d1,all,grammatical,69.40,500
0.8b,50,pw_d1,all,valid,14.60,500
0.8b,50,pw_d1,all,grounded,44.00,500
0.8b,50,pw_d1,all,correct,36.80,500
0.8b,50,pw_d1,all,valid_correct,11.20,500
0.8b,50,pw_d1,all,in_system,11.20,500
0.8b,50,pw_d1,all,valid_wrong,3.40,500
0.8b,50,pw_d1,answerable,has_proof,100.00,255
0.8b,50,pw_d1,answerable,grammatical,72.94,255
0.8b,50,pw_d1,answerable,valid,22.35,255
0.8b,50,pw_d1,answerable,grounded,51.37,255
0.8b,50,pw_d1,answerable,correct,72.16,255
0.8b,50,pw_d1,answerable,valid_correct,21.96,255
0.8b,50,pw_d1,answerable,in_system,21.96,255
0.8b,50,pw_d1,answerable,valid_wrong,0.39,255
0.8b,50,pw_d2,all,has_proof,100.00,500
0.8b,50,pw_d2,all,grammatical,68.40,500
0.8b,50,pw_d2,all,valid,12.80,500
0.8b,50,pw_d2,all,grounded,41.20,500
0.8b,50,pw_d2,all,correct,52.40,500
0.8b,50,pw_d2,all,valid_correct,10.60,500
0.8b,50,pw_d2,all,in_system,10.60,500
0.8b,50,pw_d2,all,valid_wrong,2.20,500
0.8b,50,pw_d2,answerable,has_proof,100.00,382
0.8b,50,pw_d2,answerable,grammatical,70.16,382
0.8b,50,pw_d2,answerable,valid,14.40,382
0.8b,50,pw_d2,answerable,grounded,44.50,382
0.8b,50,pw_d2,answerable,correct,68.59,382
0.8b,50,pw_d2,answerable,valid_correct,13.87,382
0.8b,50,pw_d2,answerable,in_system,13.87,382
0.8b,50,pw_d2,answerable,valid_wrong,0.52,382
0.8b,50,pw_d3,all,has_proof,100.00,500
0.8b,50,pw_d3,all,grammatical,68.00,500
0.8b,50,pw_d3,all,valid,11.00,500
0.8b,50,pw_d3,all,grounded,36.40,500
0.8b,50,pw_d3,all,correct,53.20,500
0.8b,50,pw_d3,all,valid_correct,8.80,500
0.8b,50,pw_d3,all,in_system,8.80,500
0.8b,50,pw_d3,all,valid_wrong,2.20,500
0.8b,50,pw_d3,answerable,has_proof,100.00,413
0.8b,50,pw_d3,answerable,grammatical,66.59,413
0.8b,50,pw_d3,answerable,valid,11.38,413
0.8b,50,pw_d3,answerable,grounded,36.08,413
0.8b,50,pw_d3,answerable,correct,64.41,413
0.8b,50,pw_d3,answerable,valid_correct,10.65,413
0.8b,50,pw_d3,answerable,in_system,10.65,413
0.8b,50,pw_d3,answerable,valid_wrong,0.73,413
0.8b,50,pw_d5,all,has_proof,100.00,500
0.8b,50,pw_d5,all,grammatical,61.40,500
0.8b,50,pw_d5,all,valid,6.60,500
0.8b,50,pw_d5,all,grounded,30.40,500
0.8b,50,pw_d5,all,correct,60.20,500
0.8b,50,pw_d5,all,valid_correct,5.40,500
0.8b,50,pw_d5,all,in_system,5.40,500
0.8b,50,pw_d5,all,valid_wrong,1.20,500
0.8b,50,pw_d5,answerable,has_proof,100.00,477
0.8b,50,pw_d5,answerable,grammatical,61.01,477
0.8b,50,pw_d5,answerable,valid,6.29,477
0.8b,50,pw_d5,answerable,grounded,29.98,477
0.8b,50,pw_d5,answerable,correct,63.10,477
0.8b,50,pw_d5,answerable,valid_correct,5.66,477
0.8b,50,pw_d5,answerable,in_system,5.66,477
0.8b,50,pw_d5,answerable,valid_wrong,0.63,477
2b,0,overall,all,has_proof,0.00,9524
2b,0,overall,all,grammatical,0.00,9524
2b,0,overall,all,valid,0.00,9524
2b,0,overall,all,grounded,0.00,9524
2b,0,overall,all,correct,23.58,9524
2b,0,overall,all,valid_correct,0.00,9524
2b,0,overall,all,in_system,0.00,9524
2b,0,overall,all,valid_wrong,0.00,9524
2b,0,overall,all,f1,0.04,9524
2b,0,overall,answerable,has_proof,0.00,3187
2b,0,overall,answerable,grammatical,0.00,3187
2b,0,overall,answerable,valid,0.00,3187
2b,0,overall,answerable,grounded,0.00,3187
2b,0,overall,answerable,correct,34.42,3187
2b,0,overall,answerable,valid_correct,0.00,3187
2b,0,overall,answerable,in_system,0.00,3187
2b,0,overall,answerable,valid_wrong,0.00,3187
2b,0,bbh,all,has_proof,0.00,2700
2b,0,bbh,all,grammatical,0.00,2700
2b,0,bbh,all,valid,0.00,2700
2b,0,bbh,all,grounded,0.00,2700
2b,0,bbh,all,correct,19.52,2700
2b,0,bbh,all,valid_correct,0.00,2700
2b,0,bbh,all,in_system,0.00,2700
2b,0,bbh,all,valid_wrong,0.00,2700
2b,0,bbh,answerable,has_proof,0.00,800
2b,0,bbh,answerable,grammatical,0.00,800
2b,0,bbh,answerable,valid,0.00,800
2b,0,bbh,answerable,grounded,0.00,800
2b,0,bbh,answerable,correct,20.12,800
2b,0,bbh,answerable,valid_correct,0.00,800
2b,0,bbh,answerable,in_system,0.00,800
2b,0,bbh,answerable,valid_wrong,0.00,800
2b,0,deduction,all,has_proof,0.00,2703
2b,0,deduction,all,grammatical,0.00,2703
2b,0,deduction,all,valid,0.00,2703
2b,0,deduction,all,grounded,0.00,2703
2b,0,deduction,all,correct,26.93,2703
2b,0,deduction,all,valid_correct,0.00,2703
2b,0,deduction,all,in_system,0.00,2703
2b,0,deduction,all,valid_wrong,0.00,2703
2b,0,deduction,answerable,has_proof,0.00,1887
2b,0,deduction,answerable,grammatical,0.00,1887
2b,0,deduction,answerable,valid,0.00,1887
2b,0,deduction,answerable,grounded,0.00,1887
2b,0,deduction,answerable,correct,38.53,1887
2b,0,deduction,answerable,valid_correct,0.00,1887
2b,0,deduction,answerable,in_system,0.00,1887
2b,0,deduction,answerable,valid_wrong,0.00,1887
2b,0,gpqa,all,has_proof,0.00,198
2b,0,gpqa,all,grammatical,0.00,198
2b,0,gpqa,all,valid,0.00,198
2b,0,gpqa,all,grounded,0.00,198
2b,0,gpqa,all,correct,32.32,198
2b,0,gpqa,all,valid_correct,0.00,198
2b,0,gpqa,all,in_system,0.00,198
2b,0,gpqa,all,valid_wrong,0.00,198
2b,0,multihop,all,has_proof,0.00,600
2b,0,multihop,all,grammatical,0.00,600
2b,0,multihop,all,valid,0.00,600
2b,0,multihop,all,grounded,0.00,600
2b,0,multihop,all,correct,0.00,600
2b,0,multihop,all,valid_correct,0.00,600
2b,0,multihop,all,in_system,0.00,600
2b,0,multihop,all,valid_wrong,0.00,600
2b,0,multihop,all,f1,0.04,600
2b,0,standard,all,has_proof,0.00,3323
2b,0,standard,all,grammatical,0.00,3323
2b,0,standard,all,valid,0.00,3323
2b,0,standard,all,grounded,0.00,3323
2b,0,standard,all,correct,27.90,3323
2b,0,standard,all,valid_correct,0.00,3323
2b,0,standard,all,in_system,0.00,3323
2b,0,standard,all,valid_wrong,0.00,3323
2b,0,standard,answerable,has_proof,0.00,500
2b,0,standard,answerable,grammatical,0.00,500
2b,0,standard,answerable,valid,0.00,500
2b,0,standard,answerable,grounded,0.00,500
2b,0,standard,answerable,correct,41.80,500
2b,0,standard,answerable,valid_correct,0.00,500
2b,0,standard,answerable,in_system,0.00,500
2b,0,standard,answerable,valid_wrong,0.00,500
2b,0,2wikimqa,all,has_proof,0.00,200
2b,0,2wikimqa,all,grammatical,0.00,200
2b,0,2wikimqa,all,valid,0.00,200
2b,0,2wikimqa,all,grounded,0.00,200
2b,0,2wikimqa,all,correct,0.00,200
2b,0,2wikimqa,all,valid_correct,0.00,200
2b,0,2wikimqa,all,in_system,0.00,200
2b,0,2wikimqa,all,valid_wrong,0.00,200
2b,0,2wikimqa,all,f1,0.00,200
2b,0,arc_challenge,all,has_proof,0.00,1172
2b,0,arc_challenge,all,grammatical,0.00,1172
2b,0,arc_challenge,all,valid,0.00,1172
2b,0,arc_challenge,all,grounded,0.00,1172
2b,0,arc_challenge,all,correct,16.64,1172
2b,0,arc_challenge,all,valid_correct,0.00,1172
2b,0,arc_challenge,all,in_system,0.00,1172
2b,0,arc_challenge,all,valid_wrong,0.00,1172
2b,0,bbh_boolean_expressions,all,has_proof,0.00,100
2b,0,bbh_boolean_expressions,all,grammatical,0.00,100
2b,0,bbh_boolean_expressions,all,valid,0.00,100
2b,0,bbh_boolean_expressions,all,grounded,0.00,100
2b,0,bbh_boolean_expressions,all,correct,11.00,100
2b,0,bbh_boolean_expressions,all,valid_correct,0.00,100
2b,0,bbh_boolean_expressions,all,in_system,0.00,100
2b,0,bbh_boolean_expressions,all,valid_wrong,0.00,100
2b,0,bbh_boolean_expressions,answerable,has_proof,0.00,100
2b,0,bbh_boolean_expressions,answerable,grammatical,0.00,100
2b,0,bbh_boolean_expressions,answerable,valid,0.00,100
2b,0,bbh_boolean_expressions,answerable,grounded,0.00,100
2b,0,bbh_boolean_expressions,answerable,correct,11.00,100
2b,0,bbh_boolean_expressions,answerable,valid_correct,0.00,100
2b,0,bbh_boolean_expressions,answerable,in_system,0.00,100
2b,0,bbh_boolean_expressions,answerable,valid_wrong,0.00,100
2b,0,bbh_causal_judgement,all,has_proof,0.00,100
2b,0,bbh_causal_judgement,all,grammatical,0.00,100
2b,0,bbh_causal_judgement,all,valid,0.00,100
2b,0,bbh_causal_judgement,all,grounded,0.00,100
2b,0,bbh_causal_judgement,all,correct,8.00,100
2b,0,bbh_causal_judgement,all,valid_correct,0.00,100
2b,0,bbh_causal_judgement,all,in_system,0.00,100
2b,0,bbh_causal_judgement,all,valid_wrong,0.00,100
2b,0,bbh_causal_judgement,answerable,has_proof,0.00,100
2b,0,bbh_causal_judgement,answerable,grammatical,0.00,100
2b,0,bbh_causal_judgement,answerable,valid,0.00,100
2b,0,bbh_causal_judgement,answerable,grounded,0.00,100
2b,0,bbh_causal_judgement,answerable,correct,8.00,100
2b,0,bbh_causal_judgement,answerable,valid_correct,0.00,100
2b,0,bbh_causal_judgement,answerable,in_system,0.00,100
2b,0,bbh_causal_judgement,answerable,valid_wrong,0.00,100
2b,0,bbh_date_understanding,all,has_proof,0.00,100
2b,0,bbh_date_understanding,all,grammatical,0.00,100
2b,0,bbh_date_understanding,all,valid,0.00,100
2b,0,bbh_date_understanding,all,grounded,0.00,100
2b,0,bbh_date_understanding,all,correct,30.00,100
2b,0,bbh_date_understanding,all,valid_correct,0.00,100
2b,0,bbh_date_understanding,all,in_system,0.00,100
2b,0,bbh_date_understanding,all,valid_wrong,0.00,100
2b,0,bbh_disambiguation_qa,all,has_proof,0.00,100
2b,0,bbh_disambiguation_qa,all,grammatical,0.00,100
2b,0,bbh_disambiguation_qa,all,valid,0.00,100
2b,0,bbh_disambiguation_qa,all,grounded,0.00,100
2b,0,bbh_disambiguation_qa,all,correct,0.00,100
2b,0,bbh_disambiguation_qa,all,valid_correct,0.00,100
2b,0,bbh_disambiguation_qa,all,in_system,0.00,100
2b,0,bbh_disambiguation_qa,all,valid_wrong,0.00,100
2b,0,bbh_dyck_languages,all,has_proof,0.00,100
2b,0,bbh_dyck_languages,all,grammatical,0.00,100
2b,0,bbh_dyck_languages,all,valid,0.00,100
2b,0,bbh_dyck_languages,all,grounded,0.00,100
2b,0,bbh_dyck_languages,all,correct,4.00,100
2b,0,bbh_dyck_languages,all,valid_correct,0.00,100
2b,0,bbh_dyck_languages,all,in_system,0.00,100
2b,0,bbh_dyck_languages,all,valid_wrong,0.00,100
2b,0,bbh_formal_fallacies,all,has_proof,0.00,100
2b,0,bbh_formal_fallacies,all,grammatical,0.00,100
2b,0,bbh_formal_fallacies,all,valid,0.00,100
2b,0,bbh_formal_fallacies,all,grounded,0.00,100
2b,0,bbh_formal_fallacies,all,correct,13.00,100
2b,0,bbh_formal_fallacies,all,valid_correct,0.00,100
2b,0,bbh_formal_fallacies,all,in_system,0.00,100
2b,0,bbh_formal_fallacies,all,valid_wrong,0.00,100
2b,0,bbh_formal_fallacies,answerable,has_proof,0.00,100
2b,0,bbh_formal_fallacies,answerable,grammatical,0.00,100
2b,0,bbh_formal_fallacies,answerable,valid,0.00,100
2b,0,bbh_formal_fallacies,answerable,grounded,0.00,100
2b,0,bbh_formal_fallacies,answerable,correct,13.00,100
2b,0,bbh_formal_fallacies,answerable,valid_correct,0.00,100
2b,0,bbh_formal_fallacies,answerable,in_system,0.00,100
2b,0,bbh_formal_fallacies,answerable,valid_wrong,0.00,100
2b,0,bbh_geometric_shapes,all,has_proof,0.00,100
2b,0,bbh_geometric_shapes,all,grammatical,0.00,100
2b,0,bbh_geometric_shapes,all,valid,0.00,100
2b,0,bbh_geometric_shapes,all,grounded,0.00,100
2b,0,bbh_geometric_shapes,all,correct,26.00,100
2b,0,bbh_geometric_shapes,all,valid_correct,0.00,100
2b,0,bbh_geometric_shapes,all,in_system,0.00,100
2b,0,bbh_geometric_shapes,all,valid_wrong,0.00,100
2b,0,bbh_hyperbaton,all,has_proof,0.00,100
2b,0,bbh_hyperbaton,all,grammatical,0.00,100
2b,0,bbh_hyperbaton,all,valid,0.00,100
2b,0,bbh_hyperbaton,all,grounded,0.00,100
2b,0,bbh_hyperbaton,all,correct,0.00,100
2b,0,bbh_hyperbaton,all,valid_correct,0.00,100
2b,0,bbh_hyperbaton,all,in_system,0.00,100
2b,0,bbh_hyperbaton,all,valid_wrong,0.00,100
2b,0,bbh_logical_deduction_five_objects,all,has_proof,0.00,100
2b,0,bbh_logical_deduction_five_objects,all,grammatical,0.00,100
2b,0,bbh_logical_deduction_five_objects,all,valid,0.00,100
2b,0,bbh_logical_deduction_five_objects,all,grounded,0.00,100
2b,0,bbh_logical_deduction_five_objects,all,correct,6.00,100
2b,0,bbh_logical_deduction_five_objects,all,valid_correct,0.00,100
2b,0,bbh_logical_deduction_five_objects,all,in_system,0.00,100
2b,0,bbh_logical_deduction_five_objects,all,valid_wrong,0.00,100
2b,0,bbh_logical_deduction_seven_objects,all,has_proof,0.00,100
2b,0,bbh_logical_deduction_seven_objects,all,grammatical,0.00,100
2b,0,bbh_logical_deduction_seven_objects,all,valid,0.00,100
2b,0,bbh_logical_deduction_seven_objects,all,grounded,0.00,100
2b,0,bbh_logical_deduction_seven_objects,all,correct,23.00,100
2b,0,bbh_logical_deduction_seven_objects,all,valid_correct,0.00,100
2b,0,bbh_logical_deduction_seven_objects,all,in_system,0.00,100
2b,0,bbh_logical_deduction_seven_objects,all,valid_wrong,0.00,100
2b,0,bbh_logical_deduction_three_objects,all,has_proof,0.00,100
2b,0,bbh_logical_deduction_three_objects,all,grammatical,0.00,100
2b,0,bbh_logical_deduction_three_objects,all,valid,0.00,100
2b,0,bbh_logical_deduction_three_objects,all,grounded,0.00,100
2b,0,bbh_logical_deduction_three_objects,all,correct,0.00,100
2b,0,bbh_logical_deduction_three_objects,all,valid_correct,0.00,100
2b,0,bbh_logical_deduction_three_objects,all,in_system,0.00,100
2b,0,bbh_logical_deduction_three_objects,all,valid_wrong,0.00,100
2b,0,bbh_movie_recommendation,all,has_proof,0.00,100
2b,0,bbh_movie_recommendation,all,grammatical,0.00,100
2b,0,bbh_movie_recommendation,all,valid,0.00,100
2b,0,bbh_movie_recommendation,all,grounded,0.00,100
2b,0,bbh_movie_recommendation,all,correct,0.00,100
2b,0,bbh_movie_recommendation,all,valid_correct,0.00,100
2b,0,bbh_movie_recommendation,all,in_system,0.00,100
2b,0,bbh_movie_recommendation,all,valid_wrong,0.00,100
2b,0,bbh_multistep_arithmetic_two,all,has_proof,0.00,100
2b,0,bbh_multistep_arithmetic_two,all,grammatical,0.00,100
2b,0,bbh_multistep_arithmetic_two,all,valid,0.00,100
2b,0,bbh_multistep_arithmetic_two,all,grounded,0.00,100
2b,0,bbh_multistep_arithmetic_two,all,correct,70.00,100
2b,0,bbh_multistep_arithmetic_two,all,valid_correct,0.00,100
2b,0,bbh_multistep_arithmetic_two,all,in_system,0.00,100
2b,0,bbh_multistep_arithmetic_two,all,valid_wrong,0.00,100
2b,0,bbh_multistep_arithmetic_two,answerable,has_proof,0.00,100
2b,0,bbh_multistep_arithmetic_two,answerable,grammatical,0.00,100
2b,0,bbh_multistep_arithmetic_two,answerable,valid,0.00,100
2b,0,bbh_multistep_arithmetic_two,answerable,grounded,0.00,100
2b,0,bbh_multistep_arithmetic_two,answerable,correct,70.00,100
2b,0,bbh_multistep_arithmetic_two,answerable,valid_correct,0.00,100
2b,0,bbh_multistep_arithmetic_two,answerable,in_system,0.00,100
2b,0,bbh_multistep_arithmetic_two,answerable,valid_wrong,0.00,100
2b,0,bbh_navigate,all,has_proof,0.00,100
2b,0,bbh_navigate,all,grammatical,0.00,100
2b,0,bbh_navigate,all,valid,0.00,100
2b,0,bbh_navigate,all,grounded,0.00,100
2b,0,bbh_navigate,all,correct,24.00,100
2b,0,bbh_navigate,all,valid_correct,0.00,100
2b,0,bbh_navigate,all,in_system,0.00,100
2b,0,bbh_navigate,all,valid_wrong,0.00,100
2b,0,bbh_navigate,answerable,has_proof,0.00,100
2b,0,bbh_navigate,answerable,grammatical,0.00,100
2b,0,bbh_navigate,answerable,valid,0.00,100
2b,0,bbh_navigate,answerable,grounded,0.00,100
2b,0,bbh_navigate,answerable,correct,24.00,100
2b,0,bbh_navigate,answerable,valid_correct,0.00,100
2b,0,bbh_navigate,answerable,in_system,0.00,100
2b,0,bbh_navigate,answerable,valid_wrong,0.00,100
2b,0,bbh_object_counting,all,has_proof,0.00,100
2b,0,bbh_object_counting,all,grammatical,0.00,100
2b,0,bbh_object_counting,all,valid,0.00,100
2b,0,bbh_object_counting,all,grounded,0.00,100
2b,0,bbh_object_counting,all,correct,0.00,100
2b,0,bbh_object_counting,all,valid_correct,0.00,100
2b,0,bbh_object_counting,all,in_system,0.00,100
2b,0,bbh_object_counting,all,valid_wrong,0.00,100
2b,0,bbh_object_counting,answerable,has_proof,0.00,100
2b,0,bbh_object_counting,answerable,grammatical,0.00,100
2b,0,bbh_object_counting,answerable,valid,0.00,100
2b,0,bbh_object_counting,answerable,grounded,0.00,100
2b,0,bbh_object_counting,answerable,correct,0.00,100
2b,0,bbh_object_counting,answerable,valid_correct,0.00,100
2b,0,bbh_object_counting,answerable,in_system,0.00,100
2b,0,bbh_object_counting,answerable,valid_wrong,0.00,100
2b,0,bbh_penguins_in_a_table,all,has_proof,0.00,100
2b,0,bbh_penguins_in_a_table,all,grammatical,0.00,100
2b,0,bbh_penguins_in_a_table,all,valid,0.00,100
2b,0,bbh_penguins_in_a_table,all,grounded,0.00,100
2b,0,bbh_penguins_in_a_table,all,correct,21.00,100
2b,0,bbh_penguins_in_a_table,all,valid_correct,0.00,100
2b,0,bbh_penguins_in_a_table,all,in_system,0.00,100
2b,0,bbh_penguins_in_a_table,all,valid_wrong,0.00,100
2b,0,bbh_reasoning_about_colored_objects,all,has_proof,0.00,100
2b,0,bbh_reasoning_about_colored_objects,all,grammatical,0.00,100
2b,0,bbh_reasoning_about_colored_objects,all,valid,0.00,100
2b,0,bbh_reasoning_about_colored_objects,all,grounded,0.00,100
2b,0,bbh_reasoning_about_colored_objects,all,correct,53.00,100
2b,0,bbh_reasoning_about_colored_objects,all,valid_correct,0.00,100
2b,0,bbh_reasoning_about_colored_objects,all,in_system,0.00,100
2b,0,bbh_reasoning_about_colored_objects,all,valid_wrong,0.00,100
2b,0,bbh_ruin_names,all,has_proof,0.00,100
2b,0,bbh_ruin_names,all,grammatical,0.00,100
2b,0,bbh_ruin_names,all,valid,0.00,100
2b,0,bbh_ruin_names,all,grounded,0.00,100
2b,0,bbh_ruin_names,all,correct,0.00,100
2b,0,bbh_ruin_names,all,valid_correct,0.00,100
2b,0,bbh_ruin_names,all,in_system,0.00,100
2b,0,bbh_ruin_names,all,valid_wrong,0.00,100
2b,0,bbh_salient_translation_error_detection,all,has_proof,0.00,100
2b,0,bbh_salient_translation_error_detection,all,grammatical,0.00,100
2b,0,bbh_salient_translation_error_detection,all,valid,0.00,100
2b,0,bbh_salient_translation_error_detection,all,grounded,0.00,100
2b,0,bbh_salient_translation_error_detection,all,correct,0.00,100
2b,0,bbh_salient_translation_error_detection,all,valid_correct,0.00,100
2b,0,bbh_salient_translation_error_detection,all,in_system,0.00,100
2b,0,bbh_salient_translation_error_detection,all,valid_wrong,0.00,100
2b,0,bbh_snarks,all,has_proof,0.00,100
2b,0,bbh_snarks,all,grammatical,0.00,100
2b,0,bbh_snarks,all,valid,0.00,100
2b,0,bbh_snarks,all,grounded,0.00,100
2b,0,bbh_snarks,all,correct,0.00,100
2b,0,bbh_snarks,all,valid_correct,0.00,100
2b,0,bbh_snarks,all,in_system,0.00,100
2b,0,bbh_snarks,all,valid_wrong,0.00,100
2b,0,bbh_sports_understanding,all,has_proof,0.00,100
2b,0,bbh_sports_understanding,all,grammatical,0.00,100
2b,0,bbh_sports_understanding,all,valid,0.00,100
2b,0,bbh_sports_understanding,all,grounded,0.00,100
2b,0,bbh_sports_understanding,all,correct,0.00,100
2b,0,bbh_sports_understanding,all,valid_correct,0.00,100
2b,0,bbh_sports_understanding,all,in_system,0.00,100
2b,0,bbh_sports_understanding,all,valid_wrong,0.00,100
2b,0,bbh_sports_understanding,answerable,has_proof,0.00,100
2b,0,bbh_sports_understanding,answerable,grammatical,0.00,100
2b,0,bbh_sports_understanding,answerable,valid,0.00,100
2b,0,bbh_sports_understanding,answerable,grounded,0.00,100
2b,0,bbh_sports_understanding,answerable,correct,0.00,100
2b,0,bbh_sports_understanding,answerable,valid_correct,0.00,100
2b,0,bbh_sports_understanding,answerable,in_system,0.00,100
2b,0,bbh_sports_understanding,answerable,valid_wrong,0.00,100
2b,0,bbh_temporal_sequences,all,has_proof,0.00,100
2b,0,bbh_temporal_sequences,all,grammatical,0.00,100
2b,0,bbh_temporal_sequences,all,valid,0.00,100
2b,0,bbh_temporal_sequences,all,grounded,0.00,100
2b,0,bbh_temporal_sequences,all,correct,29.00,100
2b,0,bbh_temporal_sequences,all,valid_correct,0.00,100
2b,0,bbh_temporal_sequences,all,in_system,0.00,100
2b,0,bbh_temporal_sequences,all,valid_wrong,0.00,100
2b,0,bbh_tracking_shuffled_objects_five_objects,all,has_proof,0.00,100
2b,0,bbh_tracking_shuffled_objects_five_objects,all,grammatical,0.00,100
2b,0,bbh_tracking_shuffled_objects_five_objects,all,valid,0.00,100
2b,0,bbh_tracking_shuffled_objects_five_objects,all,grounded,0.00,100
2b,0,bbh_tracking_shuffled_objects_five_objects,all,correct,70.00,100
2b,0,bbh_tracking_shuffled_objects_five_objects,all,valid_correct,0.00,100
2b,0,bbh_tracking_shuffled_objects_five_objects,all,in_system,0.00,100
2b,0,bbh_tracking_shuffled_objects_five_objects,all,valid_wrong,0.00,100
2b,0,bbh_tracking_shuffled_objects_seven_objects,all,has_proof,0.00,100
2b,0,bbh_tracking_shuffled_objects_seven_objects,all,grammatical,0.00,100
2b,0,bbh_tracking_shuffled_objects_seven_objects,all,valid,0.00,100
2b,0,bbh_tracking_shuffled_objects_seven_objects,all,grounded,0.00,100
2b,0,bbh_tracking_shuffled_objects_seven_objects,all,correct,53.00,100
2b,0,bbh_tracking_shuffled_objects_seven_objects,all,valid_correct,0.00,100
2b,0,bbh_tracking_shuffled_objects_seven_objects,all,in_system,0.00,100
2b,0,bbh_tracking_shuffled_objects_seven_objects,all,valid_wrong,0.00,100
2b,0,bbh_tracking_shuffled_objects_three_objects,all,has_proof,0.00,100
2b,0,bbh_tracking_shuffled_objects_three_objects,all,grammatical,0.00,100
2b,0,bbh_tracking_shuffled_objects_three_objects,all,valid,0.00,100
2b,0,bbh_tracking_shuffled_objects_three_objects,all,grounded,0.00,100
2b,0,bbh_tracking_shuffled_objects_three_objects,all,correct,51.00,100
2b,0,bbh_tracking_shuffled_objects_three_objects,all,valid_correct,0.00,100
2b,0,bbh_tracking_shuffled_objects_three_objects,all,in_system,0.00,100
2b,0,bbh_tracking_shuffled_objects_three_objects,all,valid_wrong,0.00,100
2b,0,bbh_web_of_lies,all,has_proof,0.00,100
2b,0,bbh_web_of_lies,all,grammatical,0.00,100
2b,0,bbh_web_of_lies,all,valid,0.00,100
2b,0,bbh_web_of_lies,all,grounded,0.00,100
2b,0,bbh_web_of_lies,all,correct,35.00,100
2b,0,bbh_web_of_lies,all,valid_correct,0.00,100
2b,0,bbh_web_of_lies,all,in_system,0.00,100
2b,0,bbh_web_of_lies,all,valid_wrong,0.00,100
2b,0,bbh_web_of_lies,answerable,has_proof,0.00,100
2b,0,bbh_web_of_lies,answerable,grammatical,0.00,100
2b,0,bbh_web_of_lies,answerable,valid,0.00,100
2b,0,bbh_web_of_lies,answerable,grounded,0.00,100
2b,0,bbh_web_of_lies,answerable,correct,35.00,100
2b,0,bbh_web_of_lies,answerable,valid_correct,0.00,100
2b,0,bbh_web_of_lies,answerable,in_system,0.00,100
2b,0,bbh_web_of_lies,answerable,valid_wrong,0.00,100
2b,0,bbh_word_sorting,all,has_proof,0.00,100
2b,0,bbh_word_sorting,all,grammatical,0.00,100
2b,0,bbh_word_sorting,all,valid,0.00,100
2b,0,bbh_word_sorting,all,grounded,0.00,100
2b,0,bbh_word_sorting,all,correct,0.00,100
2b,0,bbh_word_sorting,all,valid_correct,0.00,100
2b,0,bbh_word_sorting,all,in_system,0.00,100
2b,0,bbh_word_sorting,all,valid_wrong,0.00,100
2b,0,folio,all,has_proof,0.00,203
2b,0,folio,all,grammatical,0.00,203
2b,0,folio,all,valid,0.00,203
2b,0,folio,all,grounded,0.00,203
2b,0,folio,all,correct,14.29,203
2b,0,folio,all,valid_correct,0.00,203
2b,0,folio,all,in_system,0.00,203
2b,0,folio,all,valid_wrong,0.00,203
2b,0,folio,answerable,has_proof,0.00,134
2b,0,folio,answerable,grammatical,0.00,134
2b,0,folio,answerable,valid,0.00,134
2b,0,folio,answerable,grounded,0.00,134
2b,0,folio,answerable,correct,21.64,134
2b,0,folio,answerable,valid_correct,0.00,134
2b,0,folio,answerable,in_system,0.00,134
2b,0,folio,answerable,valid_wrong,0.00,134
2b,0,gpqa_diamond,all,has_proof,0.00,198
2b,0,gpqa_diamond,all,grammatical,0.00,198
2b,0,gpqa_diamond,all,valid,0.00,198
2b,0,gpqa_diamond,all,grounded,0.00,198
2b,0,gpqa_diamond,all,correct,32.32,198
2b,0,gpqa_diamond,all,valid_correct,0.00,198
2b,0,gpqa_diamond,all,in_system,0.00,198
2b,0,gpqa_diamond,all,valid_wrong,0.00,198
2b,0,gpqa_quant,all,has_proof,0.00,73
2b,0,gpqa_quant,all,grammatical,0.00,73
2b,0,gpqa_quant,all,valid,0.00,73
2b,0,gpqa_quant,all,grounded,0.00,73
2b,0,gpqa_quant,all,correct,31.51,73
2b,0,gpqa_quant,all,valid_correct,0.00,73
2b,0,gpqa_quant,all,in_system,0.00,73
2b,0,gpqa_quant,all,valid_wrong,0.00,73
2b,0,gpqa_rest,all,has_proof,0.00,125
2b,0,gpqa_rest,all,grammatical,0.00,125
2b,0,gpqa_rest,all,valid,0.00,125
2b,0,gpqa_rest,all,grounded,0.00,125
2b,0,gpqa_rest,all,correct,32.80,125
2b,0,gpqa_rest,all,valid_correct,0.00,125
2b,0,gpqa_rest,all,in_system,0.00,125
2b,0,gpqa_rest,all,valid_wrong,0.00,125
2b,0,gsm8k,all,has_proof,0.00,500
2b,0,gsm8k,all,grammatical,0.00,500
2b,0,gsm8k,all,valid,0.00,500
2b,0,gsm8k,all,grounded,0.00,500
2b,0,gsm8k,all,correct,41.80,500
2b,0,gsm8k,all,valid_correct,0.00,500
2b,0,gsm8k,all,in_system,0.00,500
2b,0,gsm8k,all,valid_wrong,0.00,500
2b,0,gsm8k,answerable,has_proof,0.00,500
2b,0,gsm8k,answerable,grammatical,0.00,500
2b,0,gsm8k,answerable,valid,0.00,500
2b,0,gsm8k,answerable,grounded,0.00,500
2b,0,gsm8k,answerable,correct,41.80,500
2b,0,gsm8k,answerable,valid_correct,0.00,500
2b,0,gsm8k,answerable,in_system,0.00,500
2b,0,gsm8k,answerable,valid_wrong,0.00,500
2b,0,hotpotqa,all,has_proof,0.00,200
2b,0,hotpotqa,all,grammatical,0.00,200
2b,0,hotpotqa,all,valid,0.00,200
2b,0,hotpotqa,all,grounded,0.00,200
2b,0,hotpotqa,all,correct,0.00,200
2b,0,hotpotqa,all,valid_correct,0.00,200
2b,0,hotpotqa,all,in_system,0.00,200
2b,0,hotpotqa,all,valid_wrong,0.00,200
2b,0,hotpotqa,all,f1,0.00,200
2b,0,logiqa,all,has_proof,0.00,651
2b,0,logiqa,all,grammatical,0.00,651
2b,0,logiqa,all,valid,0.00,651
2b,0,logiqa,all,grounded,0.00,651
2b,0,logiqa,all,correct,41.63,651
2b,0,logiqa,all,valid_correct,0.00,651
2b,0,logiqa,all,in_system,0.00,651
2b,0,logiqa,all,valid_wrong,0.00,651
2b,0,mmlu,all,has_proof,0.00,1000
2b,0,mmlu,all,grammatical,0.00,1000
2b,0,mmlu,all,valid,0.00,1000
2b,0,mmlu,all,grounded,0.00,1000
2b,0,mmlu,all,correct,25.20,1000
2b,0,mmlu,all,valid_correct,0.00,1000
2b,0,mmlu,all,in_system,0.00,1000
2b,0,mmlu,all,valid_wrong,0.00,1000
2b,0,musique,all,has_proof,0.00,200
2b,0,musique,all,grammatical,0.00,200
2b,0,musique,all,valid,0.00,200
2b,0,musique,all,grounded,0.00,200
2b,0,musique,all,correct,0.00,200
2b,0,musique,all,valid_correct,0.00,200
2b,0,musique,all,in_system,0.00,200
2b,0,musique,all,valid_wrong,0.00,200
2b,0,musique,all,f1,0.11,200
2b,0,pw_all,all,has_proof,0.00,2500
2b,0,pw_all,all,grammatical,0.00,2500
2b,0,pw_all,all,valid,0.00,2500
2b,0,pw_all,all,grounded,0.00,2500
2b,0,pw_all,all,correct,27.96,2500
2b,0,pw_all,all,valid_correct,0.00,2500
2b,0,pw_all,all,in_system,0.00,2500
2b,0,pw_all,all,valid_wrong,0.00,2500
2b,0,pw_all,answerable,has_proof,0.00,1753
2b,0,pw_all,answerable,grammatical,0.00,1753
2b,0,pw_all,answerable,valid,0.00,1753
2b,0,pw_all,answerable,grounded,0.00,1753
2b,0,pw_all,answerable,correct,39.82,1753
2b,0,pw_all,answerable,valid_correct,0.00,1753
2b,0,pw_all,answerable,in_system,0.00,1753
2b,0,pw_all,answerable,valid_wrong,0.00,1753
2b,0,pw_d0,all,has_proof,0.00,500
2b,0,pw_d0,all,grammatical,0.00,500
2b,0,pw_d0,all,valid,0.00,500
2b,0,pw_d0,all,grounded,0.00,500
2b,0,pw_d0,all,correct,14.40,500
2b,0,pw_d0,all,valid_correct,0.00,500
2b,0,pw_d0,all,in_system,0.00,500
2b,0,pw_d0,all,valid_wrong,0.00,500
2b,0,pw_d0,answerable,has_proof,0.00,226
2b,0,pw_d0,answerable,grammatical,0.00,226
2b,0,pw_d0,answerable,valid,0.00,226
2b,0,pw_d0,answerable,grounded,0.00,226
2b,0,pw_d0,answerable,correct,31.42,226
2b,0,pw_d0,answerable,valid_correct,0.00,226
2b,0,pw_d0,answerable,in_system,0.00,226
2b,0,pw_d0,answerable,valid_wrong,0.00,226
2b,0,pw_d1,all,has_proof,0.00,500
2b,0,pw_d1,all,grammatical,0.00,500
2b,0,pw_d1,all,valid,0.00,500
2b,0,pw_d1,all,grounded,0.00,500
2b,0,pw_d1,all,correct,20.60,500
2b,0,pw_d1,all,valid_correct,0.00,500
2b,0,pw_d1,all,in_system,0.00,500
2b,0,pw_d1,all,valid_wrong,0.00,500
2b,0,pw_d1,answerable,has_proof,0.00,255
2b,0,pw_d1,answerable,grammatical,0.00,255
2b,0,pw_d1,answerable,valid,0.00,255
2b,0,pw_d1,answerable,grounded,0.00,255
2b,0,pw_d1,answerable,correct,40.39,255
2b,0,pw_d1,answerable,valid_correct,0.00,255
2b,0,pw_d1,answerable,in_system,0.00,255
2b,0,pw_d1,answerable,valid_wrong,0.00,255
2b,0,pw_d2,all,has_proof,0.00,500
2b,0,pw_d2,all,grammatical,0.00,500
2b,0,pw_d2,all,valid,0.00,500
2b,0,pw_d2,all,grounded,0.00,500
2b,0,pw_d2,all,correct,34.00,500
2b,0,pw_d2,all,valid_correct,0.00,500
2b,0,pw_d2,all,in_system,0.00,500
2b,0,pw_d2,all,valid_wrong,0.00,500
2b,0,pw_d2,answerable,has_proof,0.00,382
2b,0,pw_d2,answerable,grammatical,0.00,382
2b,0,pw_d2,answerable,valid,0.00,382
2b,0,pw_d2,answerable,grounded,0.00,382
2b,0,pw_d2,answerable,correct,44.50,382
2b,0,pw_d2,answerable,valid_correct,0.00,382
2b,0,pw_d2,answerable,in_system,0.00,382
2b,0,pw_d2,answerable,valid_wrong,0.00,382
2b,0,pw_d3,all,has_proof,0.00,500
2b,0,pw_d3,all,grammatical,0.00,500
2b,0,pw_d3,all,valid,0.00,500
2b,0,pw_d3,all,grounded,0.00,500
2b,0,pw_d3,all,correct,34.40,500
2b,0,pw_d3,all,valid_correct,0.00,500
2b,0,pw_d3,all,in_system,0.00,500
2b,0,pw_d3,all,valid_wrong,0.00,500
2b,0,pw_d3,answerable,has_proof,0.00,413
2b,0,pw_d3,answerable,grammatical,0.00,413
2b,0,pw_d3,answerable,valid,0.00,413
2b,0,pw_d3,answerable,grounded,0.00,413
2b,0,pw_d3,answerable,correct,41.65,413
2b,0,pw_d3,answerable,valid_correct,0.00,413
2b,0,pw_d3,answerable,in_system,0.00,413
2b,0,pw_d3,answerable,valid_wrong,0.00,413
2b,0,pw_d5,all,has_proof,0.00,500
2b,0,pw_d5,all,grammatical,0.00,500
2b,0,pw_d5,all,valid,0.00,500
2b,0,pw_d5,all,grounded,0.00,500
2b,0,pw_d5,all,correct,36.40,500
2b,0,pw_d5,all,valid_correct,0.00,500
2b,0,pw_d5,all,in_system,0.00,500
2b,0,pw_d5,all,valid_wrong,0.00,500
2b,0,pw_d5,answerable,has_proof,0.00,477
2b,0,pw_d5,answerable,grammatical,0.00,477
2b,0,pw_d5,answerable,valid,0.00,477
2b,0,pw_d5,answerable,grounded,0.00,477
2b,0,pw_d5,answerable,correct,38.16,477
2b,0,pw_d5,answerable,valid_correct,0.00,477
2b,0,pw_d5,answerable,in_system,0.00,477
2b,0,pw_d5,answerable,valid_wrong,0.00,477
2b,5,overall,all,has_proof,43.42,9524
2b,5,overall,all,grammatical,9.93,9524
2b,5,overall,all,valid,1.74,9524
2b,5,overall,all,grounded,6.65,9524
2b,5,overall,all,correct,25.27,9524
2b,5,overall,all,valid_correct,1.36,9524
2b,5,overall,all,in_system,1.36,9524
2b,5,overall,all,valid_wrong,0.38,9524
2b,5,overall,all,f1,0.04,9524
2b,5,overall,answerable,has_proof,99.87,3187
2b,5,overall,answerable,grammatical,22.12,3187
2b,5,overall,answerable,valid,4.27,3187
2b,5,overall,answerable,grounded,15.09,3187
2b,5,overall,answerable,correct,37.65,3187
2b,5,overall,answerable,valid_correct,4.08,3187
2b,5,overall,answerable,in_system,4.08,3187
2b,5,overall,answerable,valid_wrong,0.19,3187
2b,5,bbh,all,has_proof,33.70,2700
2b,5,bbh,all,grammatical,3.59,2700
2b,5,bbh,all,valid,0.15,2700
2b,5,bbh,all,grounded,2.37,2700
2b,5,bbh,all,correct,25.04,2700
2b,5,bbh,all,valid_correct,0.11,2700
2b,5,bbh,all,in_system,0.11,2700
2b,5,bbh,all,valid_wrong,0.04,2700
2b,5,bbh,answerable,has_proof,100.00,800
2b,5,bbh,answerable,grammatical,12.12,800
2b,5,bbh,answerable,valid,0.50,800
2b,5,bbh,answerable,grounded,8.00,800
2b,5,bbh,answerable,correct,29.62,800
2b,5,bbh,answerable,valid_correct,0.38,800
2b,5,bbh,answerable,in_system,0.38,800
2b,5,bbh,answerable,valid_wrong,0.12,800
2b,5,deduction,all,has_proof,100.00,2703
2b,5,deduction,all,grammatical,29.12,2703
2b,5,deduction,all,valid,5.85,2703
2b,5,deduction,all,grounded,19.61,2703
2b,5,deduction,all,correct,28.56,2703
2b,5,deduction,all,valid_correct,4.59,2703
2b,5,deduction,all,in_system,4.59,2703
2b,5,deduction,all,valid_wrong,1.26,2703
2b,5,deduction,answerable,has_proof,100.00,1887
2b,5,deduction,answerable,grammatical,29.04,1887
2b,5,deduction,answerable,valid,6.84,1887
2b,5,deduction,answerable,grounded,20.08,1887
2b,5,deduction,answerable,correct,40.91,1887
2b,5,deduction,answerable,valid_correct,6.57,1887
2b,5,deduction,answerable,in_system,6.57,1887
2b,5,deduction,answerable,valid_wrong,0.26,1887
2b,5,gpqa,all,has_proof,0.00,198
2b,5,gpqa,all,grammatical,0.00,198
2b,5,gpqa,all,valid,0.00,198
2b,5,gpqa,all,grounded,0.00,198
2b,5,gpqa,all,correct,31.31,198
2b,5,gpqa,all,valid_correct,0.00,198
2b,5,gpqa,all,in_system,0.00,198
2b,5,gpqa,all,valid_wrong,0.00,198
2b,5,multihop,all,has_proof,0.00,600
2b,5,multihop,all,grammatical,0.00,600
2b,5,multihop,all,valid,0.00,600
2b,5,multihop,all,grounded,0.00,600
2b,5,multihop,all,correct,0.00,600
2b,5,multihop,all,valid_correct,0.00,600
2b,5,multihop,all,in_system,0.00,600
2b,5,multihop,all,valid_wrong,0.00,600
2b,5,multihop,all,f1,0.04,600
2b,5,standard,all,has_proof,15.71,3323
2b,5,standard,all,grammatical,1.87,3323
2b,5,standard,all,valid,0.12,3323
2b,5,standard,all,grounded,1.17,3323
2b,5,standard,all,correct,26.99,3323
2b,5,standard,all,valid_correct,0.09,3323
2b,5,standard,all,in_system,0.09,3323
2b,5,standard,all,valid_wrong,0.03,3323
2b,5,standard,answerable,has_proof,99.20,500
2b,5,standard,answerable,grammatical,12.00,500
2b,5,standard,answerable,valid,0.60,500
2b,5,standard,answerable,grounded,7.60,500
2b,5,standard,answerable,correct,38.20,500
2b,5,standard,answerable,valid_correct,0.60,500
2b,5,standard,answerable,in_system,0.60,500
2b,5,standard,answerable,valid_wrong,0.00,500
2b,5,2wikimqa,all,has_proof,0.00,200
2b,5,2wikimqa,all,grammatical,0.00,200
2b,5,2wikimqa,all,valid,0.00,200
2b,5,2wikimqa,all,grounded,0.00,200
2b,5,2wikimqa,all,correct,0.00,200
2b,5,2wikimqa,all,valid_correct,0.00,200
2b,5,2wikimqa,all,in_system,0.00,200
2b,5,2wikimqa,all,valid_wrong,0.00,200
2b,5,2wikimqa,all,f1,0.00,200
2b,5,arc_challenge,all,has_proof,0.60,1172
2b,5,arc_challenge,all,grammatical,0.17,1172
2b,5,arc_challenge,all,valid,0.09,1172
2b,5,arc_challenge,all,grounded,0.09,1172
2b,5,arc_challenge,all,correct,16.30,1172
2b,5,arc_challenge,all,valid_correct,0.00,1172
2b,5,arc_challenge,all,in_system,0.00,1172
2b,5,arc_challenge,all,valid_wrong,0.09,1172
2b,5,bbh_boolean_expressions,all,has_proof,100.00,100
2b,5,bbh_boolean_expressions,all,grammatical,5.00,100
2b,5,bbh_boolean_expressions,all,valid,0.00,100
2b,5,bbh_boolean_expressions,all,grounded,0.00,100
2b,5,bbh_boolean_expressions,all,correct,34.00,100
2b,5,bbh_boolean_expressions,all,valid_correct,0.00,100
2b,5,bbh_boolean_expressions,all,in_system,0.00,100
2b,5,bbh_boolean_expressions,all,valid_wrong,0.00,100
2b,5,bbh_boolean_expressions,answerable,has_proof,100.00,100
2b,5,bbh_boolean_expressions,answerable,grammatical,5.00,100
2b,5,bbh_boolean_expressions,answerable,valid,0.00,100
2b,5,bbh_boolean_expressions,answerable,grounded,0.00,100
2b,5,bbh_boolean_expressions,answerable,correct,34.00,100
2b,5,bbh_boolean_expressions,answerable,valid_correct,0.00,100
2b,5,bbh_boolean_expressions,answerable,in_system,0.00,100
2b,5,bbh_boolean_expressions,answerable,valid_wrong,0.00,100
2b,5,bbh_causal_judgement,all,has_proof,100.00,100
2b,5,bbh_causal_judgement,all,grammatical,11.00,100
2b,5,bbh_causal_judgement,all,valid,0.00,100
2b,5,bbh_causal_judgement,all,grounded,4.00,100
2b,5,bbh_causal_judgement,all,correct,13.00,100
2b,5,bbh_causal_judgement,all,valid_correct,0.00,100
2b,5,bbh_causal_judgement,all,in_system,0.00,100
2b,5,bbh_causal_judgement,all,valid_wrong,0.00,100
2b,5,bbh_causal_judgement,answerable,has_proof,100.00,100
2b,5,bbh_causal_judgement,answerable,grammatical,11.00,100
2b,5,bbh_causal_judgement,answerable,valid,0.00,100
2b,5,bbh_causal_judgement,answerable,grounded,4.00,100
2b,5,bbh_causal_judgement,answerable,correct,13.00,100
2b,5,bbh_causal_judgement,answerable,valid_correct,0.00,100
2b,5,bbh_causal_judgement,answerable,in_system,0.00,100
2b,5,bbh_causal_judgement,answerable,valid_wrong,0.00,100
2b,5,bbh_date_understanding,all,has_proof,3.00,100
2b,5,bbh_date_understanding,all,grammatical,0.00,100
2b,5,bbh_date_understanding,all,valid,0.00,100
2b,5,bbh_date_understanding,all,grounded,0.00,100
2b,5,bbh_date_understanding,all,correct,24.00,100
2b,5,bbh_date_understanding,all,valid_correct,0.00,100
2b,5,bbh_date_understanding,all,in_system,0.00,100
2b,5,bbh_date_understanding,all,valid_wrong,0.00,100
2b,5,bbh_disambiguation_qa,all,has_proof,0.00,100
2b,5,bbh_disambiguation_qa,all,grammatical,0.00,100
2b,5,bbh_disambiguation_qa,all,valid,0.00,100
2b,5,bbh_disambiguation_qa,all,grounded,0.00,100
2b,5,bbh_disambiguation_qa,all,correct,0.00,100
2b,5,bbh_disambiguation_qa,all,valid_correct,0.00,100
2b,5,bbh_disambiguation_qa,all,in_system,0.00,100
2b,5,bbh_disambiguation_qa,all,valid_wrong,0.00,100
2b,5,bbh_dyck_languages,all,has_proof,8.00,100
2b,5,bbh_dyck_languages,all,grammatical,0.00,100
2b,5,bbh_dyck_languages,all,valid,0.00,100
2b,5,bbh_dyck_languages,all,grounded,0.00,100
2b,5,bbh_dyck_languages,all,correct,2.00,100
2b,5,bbh_dyck_languages,all,valid_correct,0.00,100
2b,5,bbh_dyck_languages,all,in_system,0.00,100
2b,5,bbh_dyck_languages,all,valid_wrong,0.00,100
2b,5,bbh_formal_fallacies,all,has_proof,100.00,100
2b,5,bbh_formal_fallacies,all,grammatical,16.00,100
2b,5,bbh_formal_fallacies,all,valid,0.00,100
2b,5,bbh_formal_fallacies,all,grounded,9.00,100
2b,5,bbh_formal_fallacies,all,correct,25.00,100
2b,5,bbh_formal_fallacies,all,valid_correct,0.00,100
2b,5,bbh_formal_fallacies,all,in_system,0.00,100
2b,5,bbh_formal_fallacies,all,valid_wrong,0.00,100
2b,5,bbh_formal_fallacies,answerable,has_proof,100.00,100
2b,5,bbh_formal_fallacies,answerable,grammatical,16.00,100
2b,5,bbh_formal_fallacies,answerable,valid,0.00,100
2b,5,bbh_formal_fallacies,answerable,grounded,9.00,100
2b,5,bbh_formal_fallacies,answerable,correct,25.00,100
2b,5,bbh_formal_fallacies,answerable,valid_correct,0.00,100
2b,5,bbh_formal_fallacies,answerable,in_system,0.00,100
2b,5,bbh_formal_fallacies,answerable,valid_wrong,0.00,100
2b,5,bbh_geometric_shapes,all,has_proof,0.00,100
2b,5,bbh_geometric_shapes,all,grammatical,0.00,100
2b,5,bbh_geometric_shapes,all,valid,0.00,100
2b,5,bbh_geometric_shapes,all,grounded,0.00,100
2b,5,bbh_geometric_shapes,all,correct,31.00,100
2b,5,bbh_geometric_shapes,all,valid_correct,0.00,100
2b,5,bbh_geometric_shapes,all,in_system,0.00,100
2b,5,bbh_geometric_shapes,all,valid_wrong,0.00,100
2b,5,bbh_hyperbaton,all,has_proof,0.00,100
2b,5,bbh_hyperbaton,all,grammatical,0.00,100
2b,5,bbh_hyperbaton,all,valid,0.00,100
2b,5,bbh_hyperbaton,all,grounded,0.00,100
2b,5,bbh_hyperbaton,all,correct,0.00,100
2b,5,bbh_hyperbaton,all,valid_correct,0.00,100
2b,5,bbh_hyperbaton,all,in_system,0.00,100
2b,5,bbh_hyperbaton,all,valid_wrong,0.00,100
2b,5,bbh_logical_deduction_five_objects,all,has_proof,1.00,100
2b,5,bbh_logical_deduction_five_objects,all,grammatical,0.00,100
2b,5,bbh_logical_deduction_five_objects,all,valid,0.00,100
2b,5,bbh_logical_deduction_five_objects,all,grounded,0.00,100
2b,5,bbh_logical_deduction_five_objects,all,correct,38.00,100
2b,5,bbh_logical_deduction_five_objects,all,valid_correct,0.00,100
2b,5,bbh_logical_deduction_five_objects,all,in_system,0.00,100
2b,5,bbh_logical_deduction_five_objects,all,valid_wrong,0.00,100
2b,5,bbh_logical_deduction_seven_objects,all,has_proof,0.00,100
2b,5,bbh_logical_deduction_seven_objects,all,grammatical,0.00,100
2b,5,bbh_logical_deduction_seven_objects,all,valid,0.00,100
2b,5,bbh_logical_deduction_seven_objects,all,grounded,0.00,100
2b,5,bbh_logical_deduction_seven_objects,all,correct,32.00,100
2b,5,bbh_logical_deduction_seven_objects,all,valid_correct,0.00,100
2b,5,bbh_logical_deduction_seven_objects,all,in_system,0.00,100
2b,5,bbh_logical_deduction_seven_objects,all,valid_wrong,0.00,100
2b,5,bbh_logical_deduction_three_objects,all,has_proof,0.00,100
2b,5,bbh_logical_deduction_three_objects,all,grammatical,0.00,100
2b,5,bbh_logical_deduction_three_objects,all,valid,0.00,100
2b,5,bbh_logical_deduction_three_objects,all,grounded,0.00,100
2b,5,bbh_logical_deduction_three_objects,all,correct,5.00,100
2b,5,bbh_logical_deduction_three_objects,all,valid_correct,0.00,100
2b,5,bbh_logical_deduction_three_objects,all,in_system,0.00,100
2b,5,bbh_logical_deduction_three_objects,all,valid_wrong,0.00,100
2b,5,bbh_movie_recommendation,all,has_proof,0.00,100
2b,5,bbh_movie_recommendation,all,grammatical,0.00,100
2b,5,bbh_movie_recommendation,all,valid,0.00,100
2b,5,bbh_movie_recommendation,all,grounded,0.00,100
2b,5,bbh_movie_recommendation,all,correct,0.00,100
2b,5,bbh_movie_recommendation,all,valid_correct,0.00,100
2b,5,bbh_movie_recommendation,all,in_system,0.00,100
2b,5,bbh_movie_recommendation,all,valid_wrong,0.00,100
2b,5,bbh_multistep_arithmetic_two,all,has_proof,100.00,100
2b,5,bbh_multistep_arithmetic_two,all,grammatical,2.00,100
2b,5,bbh_multistep_arithmetic_two,all,valid,0.00,100
2b,5,bbh_multistep_arithmetic_two,all,grounded,0.00,100
2b,5,bbh_multistep_arithmetic_two,all,correct,6.00,100
2b,5,bbh_multistep_arithmetic_two,all,valid_correct,0.00,100
2b,5,bbh_multistep_arithmetic_two,all,in_system,0.00,100
2b,5,bbh_multistep_arithmetic_two,all,valid_wrong,0.00,100
2b,5,bbh_multistep_arithmetic_two,answerable,has_proof,100.00,100
2b,5,bbh_multistep_arithmetic_two,answerable,grammatical,2.00,100
2b,5,bbh_multistep_arithmetic_two,answerable,valid,0.00,100
2b,5,bbh_multistep_arithmetic_two,answerable,grounded,0.00,100
2b,5,bbh_multistep_arithmetic_two,answerable,correct,6.00,100
2b,5,bbh_multistep_arithmetic_two,answerable,valid_correct,0.00,100
2b,5,bbh_multistep_arithmetic_two,answerable,in_system,0.00,100
2b,5,bbh_multistep_arithmetic_two,answerable,valid_wrong,0.00,100
2b,5,bbh_navigate,all,has_proof,100.00,100
2b,5,bbh_navigate,all,grammatical,7.00,100
2b,5,bbh_navigate,all,valid,4.00,100
2b,5,bbh_navigate,all,grounded,6.00,100
2b,5,bbh_navigate,all,correct,41.00,100
2b,5,bbh_navigate,all,valid_correct,3.00,100
2b,5,bbh_navigate,all,in_system,3.00,100
2b,5,bbh_navigate,all,valid_wrong,1.00,100
2b,5,bbh_navigate,answerable,has_proof,100.00,100
2b,5,bbh_navigate,answerable,grammatical,7.00,100
2b,5,bbh_navigate,answerable,valid,4.00,100
2b,5,bbh_navigate,answerable,grounded,6.00,100
2b,5,bbh_navigate,answerable,correct,41.00,100
2b,5,bbh_navigate,answerable,valid_correct,3.00,100
2b,5,bbh_navigate,answerable,in_system,3.00,100
2b,5,bbh_navigate,answerable,valid_wrong,1.00,100
2b,5,bbh_object_counting,all,has_proof,100.00,100
2b,5,bbh_object_counting,all,grammatical,2.00,100
2b,5,bbh_object_counting,all,valid,0.00,100
2b,5,bbh_object_counting,all,grounded,0.00,100
2b,5,bbh_object_counting,all,correct,40.00,100
2b,5,bbh_object_counting,all,valid_correct,0.00,100
2b,5,bbh_object_counting,all,in_system,0.00,100
2b,5,bbh_object_counting,all,valid_wrong,0.00,100
2b,5,bbh_object_counting,answerable,has_proof,100.00,100
2b,5,bbh_object_counting,answerable,grammatical,2.00,100
2b,5,bbh_object_counting,answerable,valid,0.00,100
2b,5,bbh_object_counting,answerable,grounded,0.00,100
2b,5,bbh_object_counting,answerable,correct,40.00,100
2b,5,bbh_object_counting,answerable,valid_correct,0.00,100
2b,5,bbh_object_counting,answerable,in_system,0.00,100
2b,5,bbh_object_counting,answerable,valid_wrong,0.00,100
2b,5,bbh_penguins_in_a_table,all,has_proof,0.00,100
2b,5,bbh_penguins_in_a_table,all,grammatical,0.00,100
2b,5,bbh_penguins_in_a_table,all,valid,0.00,100
2b,5,bbh_penguins_in_a_table,all,grounded,0.00,100
2b,5,bbh_penguins_in_a_table,all,correct,32.00,100
2b,5,bbh_penguins_in_a_table,all,valid_correct,0.00,100
2b,5,bbh_penguins_in_a_table,all,in_system,0.00,100
2b,5,bbh_penguins_in_a_table,all,valid_wrong,0.00,100
2b,5,bbh_reasoning_about_colored_objects,all,has_proof,0.00,100
2b,5,bbh_reasoning_about_colored_objects,all,grammatical,0.00,100
2b,5,bbh_reasoning_about_colored_objects,all,valid,0.00,100
2b,5,bbh_reasoning_about_colored_objects,all,grounded,0.00,100
2b,5,bbh_reasoning_about_colored_objects,all,correct,58.00,100
2b,5,bbh_reasoning_about_colored_objects,all,valid_correct,0.00,100
2b,5,bbh_reasoning_about_colored_objects,all,in_system,0.00,100
2b,5,bbh_reasoning_about_colored_objects,all,valid_wrong,0.00,100
2b,5,bbh_ruin_names,all,has_proof,0.00,100
2b,5,bbh_ruin_names,all,grammatical,0.00,100
2b,5,bbh_ruin_names,all,valid,0.00,100
2b,5,bbh_ruin_names,all,grounded,0.00,100
2b,5,bbh_ruin_names,all,correct,0.00,100
2b,5,bbh_ruin_names,all,valid_correct,0.00,100
2b,5,bbh_ruin_names,all,in_system,0.00,100
2b,5,bbh_ruin_names,all,valid_wrong,0.00,100
2b,5,bbh_salient_translation_error_detection,all,has_proof,0.00,100
2b,5,bbh_salient_translation_error_detection,all,grammatical,0.00,100
2b,5,bbh_salient_translation_error_detection,all,valid,0.00,100
2b,5,bbh_salient_translation_error_detection,all,grounded,0.00,100
2b,5,bbh_salient_translation_error_detection,all,correct,0.00,100
2b,5,bbh_salient_translation_error_detection,all,valid_correct,0.00,100
2b,5,bbh_salient_translation_error_detection,all,in_system,0.00,100
2b,5,bbh_salient_translation_error_detection,all,valid_wrong,0.00,100
2b,5,bbh_snarks,all,has_proof,0.00,100
2b,5,bbh_snarks,all,grammatical,0.00,100
2b,5,bbh_snarks,all,valid,0.00,100
2b,5,bbh_snarks,all,grounded,0.00,100
2b,5,bbh_snarks,all,correct,0.00,100
2b,5,bbh_snarks,all,valid_correct,0.00,100
2b,5,bbh_snarks,all,in_system,0.00,100
2b,5,bbh_snarks,all,valid_wrong,0.00,100
2b,5,bbh_sports_understanding,all,has_proof,100.00,100
2b,5,bbh_sports_understanding,all,grammatical,6.00,100
2b,5,bbh_sports_understanding,all,valid,0.00,100
2b,5,bbh_sports_understanding,all,grounded,3.00,100
2b,5,bbh_sports_understanding,all,correct,33.00,100
2b,5,bbh_sports_understanding,all,valid_correct,0.00,100
2b,5,bbh_sports_understanding,all,in_system,0.00,100
2b,5,bbh_sports_understanding,all,valid_wrong,0.00,100
2b,5,bbh_sports_understanding,answerable,has_proof,100.00,100
2b,5,bbh_sports_understanding,answerable,grammatical,6.00,100
2b,5,bbh_sports_understanding,answerable,valid,0.00,100
2b,5,bbh_sports_understanding,answerable,grounded,3.00,100
2b,5,bbh_sports_understanding,answerable,correct,33.00,100
2b,5,bbh_sports_understanding,answerable,valid_correct,0.00,100
2b,5,bbh_sports_understanding,answerable,in_system,0.00,100
2b,5,bbh_sports_understanding,answerable,valid_wrong,0.00,100
2b,5,bbh_temporal_sequences,all,has_proof,0.00,100
2b,5,bbh_temporal_sequences,all,grammatical,0.00,100
2b,5,bbh_temporal_sequences,all,valid,0.00,100
2b,5,bbh_temporal_sequences,all,grounded,0.00,100
2b,5,bbh_temporal_sequences,all,correct,28.00,100
2b,5,bbh_temporal_sequences,all,valid_correct,0.00,100
2b,5,bbh_temporal_sequences,all,in_system,0.00,100
2b,5,bbh_temporal_sequences,all,valid_wrong,0.00,100
2b,5,bbh_tracking_shuffled_objects_five_objects,all,has_proof,0.00,100
2b,5,bbh_tracking_shuffled_objects_five_objects,all,grammatical,0.00,100
2b,5,bbh_tracking_shuffled_objects_five_objects,all,valid,0.00,100
2b,5,bbh_tracking_shuffled_objects_five_objects,all,grounded,0.00,100
2b,5,bbh_tracking_shuffled_objects_five_objects,all,correct,67.00,100
2b,5,bbh_tracking_shuffled_objects_five_objects,all,valid_correct,0.00,100
2b,5,bbh_tracking_shuffled_objects_five_objects,all,in_system,0.00,100
2b,5,bbh_tracking_shuffled_objects_five_objects,all,valid_wrong,0.00,100
2b,5,bbh_tracking_shuffled_objects_seven_objects,all,has_proof,0.00,100
2b,5,bbh_tracking_shuffled_objects_seven_objects,all,grammatical,0.00,100
2b,5,bbh_tracking_shuffled_objects_seven_objects,all,valid,0.00,100
2b,5,bbh_tracking_shuffled_objects_seven_objects,all,grounded,0.00,100
2b,5,bbh_tracking_shuffled_objects_seven_objects,all,correct,55.00,100
2b,5,bbh_tracking_shuffled_objects_seven_objects,all,valid_correct,0.00,100
2b,5,bbh_tracking_shuffled_objects_seven_objects,all,in_system,0.00,100
2b,5,bbh_tracking_shuffled_objects_seven_objects,all,valid_wrong,0.00,100
2b,5,bbh_tracking_shuffled_objects_three_objects,all,has_proof,0.00,100
2b,5,bbh_tracking_shuffled_objects_three_objects,all,grammatical,0.00,100
2b,5,bbh_tracking_shuffled_objects_three_objects,all,valid,0.00,100
2b,5,bbh_tracking_shuffled_objects_three_objects,all,grounded,0.00,100
2b,5,bbh_tracking_shuffled_objects_three_objects,all,correct,59.00,100
2b,5,bbh_tracking_shuffled_objects_three_objects,all,valid_correct,0.00,100
2b,5,bbh_tracking_shuffled_objects_three_objects,all,in_system,0.00,100
2b,5,bbh_tracking_shuffled_objects_three_objects,all,valid_wrong,0.00,100
2b,5,bbh_web_of_lies,all,has_proof,100.00,100
2b,5,bbh_web_of_lies,all,grammatical,48.00,100
2b,5,bbh_web_of_lies,all,valid,0.00,100
2b,5,bbh_web_of_lies,all,grounded,42.00,100
2b,5,bbh_web_of_lies,all,correct,45.00,100
2b,5,bbh_web_of_lies,all,valid_correct,0.00,100
2b,5,bbh_web_of_lies,all,in_system,0.00,100
2b,5,bbh_web_of_lies,all,valid_wrong,0.00,100
2b,5,bbh_web_of_lies,answerable,has_proof,100.00,100
2b,5,bbh_web_of_lies,answerable,grammatical,48.00,100
2b,5,bbh_web_of_lies,answerable,valid,0.00,100
2b,5,bbh_web_of_lies,answerable,grounded,42.00,100
2b,5,bbh_web_of_lies,answerable,correct,45.00,100
2b,5,bbh_web_of_lies,answerable,valid_correct,0.00,100
2b,5,bbh_web_of_lies,answerable,in_system,0.00,100
2b,5,bbh_web_of_lies,answerable,valid_wrong,0.00,100
2b,5,bbh_word_sorting,all,has_proof,98.00,100
2b,5,bbh_word_sorting,all,grammatical,0.00,100
2b,5,bbh_word_sorting,all,valid,0.00,100
2b,5,bbh_word_sorting,all,grounded,0.00,100
2b,5,bbh_word_sorting,all,correct,8.00,100
2b,5,bbh_word_sorting,all,valid_correct,0.00,100
2b,5,bbh_word_sorting,all,in_system,0.00,100
2b,5,bbh_word_sorting,all,valid_wrong,0.00,100
2b,5,folio,all,has_proof,100.00,203
2b,5,folio,all,grammatical,16.26,203
2b,5,folio,all,valid,0.99,203
2b,5,folio,all,grounded,9.85,203
2b,5,folio,all,correct,31.53,203
2b,5,folio,all,valid_correct,0.49,203
2b,5,folio,all,in_system,0.49,203
2b,5,folio,all,valid_wrong,0.49,203
2b,5,folio,answerable,has_proof,100.00,134
2b,5,folio,answerable,grammatical,14.93,134
2b,5,folio,answerable,valid,0.75,134
2b,5,folio,answerable,grounded,8.96,134
2b,5,folio,answerable,correct,47.76,134
2b,5,folio,answerable,valid_correct,0.75,134
2b,5,folio,answerable,in_system,0.75,134
2b,5,folio,answerable,valid_wrong,0.00,134
2b,5,gpqa_diamond,all,has_proof,0.00,198
2b,5,gpqa_diamond,all,grammatical,0.00,198
2b,5,gpqa_diamond,all,valid,0.00,198
2b,5,gpqa_diamond,all,grounded,0.00,198
2b,5,gpqa_diamond,all,correct,31.31,198
2b,5,gpqa_diamond,all,valid_correct,0.00,198
2b,5,gpqa_diamond,all,in_system,0.00,198
2b,5,gpqa_diamond,all,valid_wrong,0.00,198
2b,5,gpqa_quant,all,has_proof,0.00,73
2b,5,gpqa_quant,all,grammatical,0.00,73
2b,5,gpqa_quant,all,valid,0.00,73
2b,5,gpqa_quant,all,grounded,0.00,73
2b,5,gpqa_quant,all,correct,32.88,73
2b,5,gpqa_quant,all,valid_correct,0.00,73
2b,5,gpqa_quant,all,in_system,0.00,73
2b,5,gpqa_quant,all,valid_wrong,0.00,73
2b,5,gpqa_rest,all,has_proof,0.00,125
2b,5,gpqa_rest,all,grammatical,0.00,125
2b,5,gpqa_rest,all,valid,0.00,125
2b,5,gpqa_rest,all,grounded,0.00,125
2b,5,gpqa_rest,all,correct,30.40,125
2b,5,gpqa_rest,all,valid_correct,0.00,125
2b,5,gpqa_rest,all,in_system,0.00,125
2b,5,gpqa_rest,all,valid_wrong,0.00,125
2b,5,gsm8k,all,has_proof,99.20,500
2b,5,gsm8k,all,grammatical,12.00,500
2b,5,gsm8k,all,valid,0.60,500
2b,5,gsm8k,all,grounded,7.60,500
2b,5,gsm8k,all,correct,38.20,500
2b,5,gsm8k,all,valid_correct,0.60,500
2b,5,gsm8k,all,in_system,0.60,500
2b,5,gsm8k,all,valid_wrong,0.00,500
2b,5,gsm8k,answerable,has_proof,99.20,500
2b,5,gsm8k,answerable,grammatical,12.00,500
2b,5,gsm8k,answerable,valid,0.60,500
2b,5,gsm8k,answerable,grounded,7.60,500
2b,5,gsm8k,answerable,correct,38.20,500
2b,5,gsm8k,answerable,valid_correct,0.60,500
2b,5,gsm8k,answerable,in_system,0.60,500
2b,5,gsm8k,answerable,valid_wrong,0.00,500
2b,5,hotpotqa,all,has_proof,0.00,200
2b,5,hotpotqa,all,grammatical,0.00,200
2b,5,hotpotqa,all,valid,0.00,200
2b,5,hotpotqa,all,grounded,0.00,200
2b,5,hotpotqa,all,correct,0.00,200
2b,5,hotpotqa,all,valid_correct,0.00,200
2b,5,hotpotqa,all,in_system,0.00,200
2b,5,hotpotqa,all,valid_wrong,0.00,200
2b,5,hotpotqa,all,f1,0.00,200
2b,5,logiqa,all,has_proof,1.69,651
2b,5,logiqa,all,grammatical,0.00,651
2b,5,logiqa,all,valid,0.00,651
2b,5,logiqa,all,grounded,0.00,651
2b,5,logiqa,all,correct,39.17,651
2b,5,logiqa,all,valid_correct,0.00,651
2b,5,logiqa,all,in_system,0.00,651
2b,5,logiqa,all,valid_wrong,0.00,651
2b,5,mmlu,all,has_proof,0.80,1000
2b,5,mmlu,all,grammatical,0.00,1000
2b,5,mmlu,all,valid,0.00,1000
2b,5,mmlu,all,grounded,0.00,1000
2b,5,mmlu,all,correct,26.00,1000
2b,5,mmlu,all,valid_correct,0.00,1000
2b,5,mmlu,all,in_system,0.00,1000
2b,5,mmlu,all,valid_wrong,0.00,1000
2b,5,musique,all,has_proof,0.00,200
2b,5,musique,all,grammatical,0.00,200
2b,5,musique,all,valid,0.00,200
2b,5,musique,all,grounded,0.00,200
2b,5,musique,all,correct,0.00,200
2b,5,musique,all,valid_correct,0.00,200
2b,5,musique,all,in_system,0.00,200
2b,5,musique,all,valid_wrong,0.00,200
2b,5,musique,all,f1,0.11,200
2b,5,pw_all,all,has_proof,100.00,2500
2b,5,pw_all,all,grammatical,30.16,2500
2b,5,pw_all,all,valid,6.24,2500
2b,5,pw_all,all,grounded,20.40,2500
2b,5,pw_all,all,correct,28.32,2500
2b,5,pw_all,all,valid_correct,4.92,2500
2b,5,pw_all,all,in_system,4.92,2500
2b,5,pw_all,all,valid_wrong,1.32,2500
2b,5,pw_all,answerable,has_proof,100.00,1753
2b,5,pw_all,answerable,grammatical,30.12,1753
2b,5,pw_all,answerable,valid,7.30,1753
2b,5,pw_all,answerable,grounded,20.94,1753
2b,5,pw_all,answerable,correct,40.39,1753
2b,5,pw_all,answerable,valid_correct,7.02,1753
2b,5,pw_all,answerable,in_system,7.02,1753
2b,5,pw_all,answerable,valid_wrong,0.29,1753
2b,5,pw_d0,all,has_proof,100.00,500
2b,5,pw_d0,all,grammatical,33.80,500
2b,5,pw_d0,all,valid,8.80,500
2b,5,pw_d0,all,grounded,22.40,500
2b,5,pw_d0,all,correct,23.80,500
2b,5,pw_d0,all,valid_correct,7.00,500
2b,5,pw_d0,all,in_system,7.00,500
2b,5,pw_d0,all,valid_wrong,1.80,500
2b,5,pw_d0,answerable,has_proof,100.00,226
2b,5,pw_d0,answerable,grammatical,36.28,226
2b,5,pw_d0,answerable,valid,15.49,226
2b,5,pw_d0,answerable,grounded,26.11,226
2b,5,pw_d0,answerable,correct,52.65,226
2b,5,pw_d0,answerable,valid_correct,15.49,226
2b,5,pw_d0,answerable,in_system,15.49,226
2b,5,pw_d0,answerable,valid_wrong,0.00,226
2b,5,pw_d1,all,has_proof,100.00,500
2b,5,pw_d1,all,grammatical,35.00,500
2b,5,pw_d1,all,valid,7.60,500
2b,5,pw_d1,all,grounded,23.60,500
2b,5,pw_d1,all,correct,24.20,500
2b,5,pw_d1,all,valid_correct,5.60,500
2b,5,pw_d1,all,in_system,5.60,500
2b,5,pw_d1,all,valid_wrong,2.00,500
2b,5,pw_d1,answerable,has_proof,100.00,255
2b,5,pw_d1,answerable,grammatical,39.22,255
2b,5,pw_d1,answerable,valid,11.37,255
2b,5,pw_d1,answerable,grounded,25.88,255
2b,5,pw_d1,answerable,correct,47.45,255
2b,5,pw_d1,answerable,valid_correct,10.98,255
2b,5,pw_d1,answerable,in_system,10.98,255
2b,5,pw_d1,answerable,valid_wrong,0.39,255
2b,5,pw_d2,all,has_proof,100.00,500
2b,5,pw_d2,all,grammatical,29.20,500
2b,5,pw_d2,all,valid,4.80,500
2b,5,pw_d2,all,grounded,20.20,500
2b,5,pw_d2,all,correct,30.20,500
2b,5,pw_d2,all,valid_correct,4.20,500
2b,5,pw_d2,all,in_system,4.20,500
2b,5,pw_d2,all,valid_wrong,0.60,500
2b,5,pw_d2,answerable,has_proof,100.00,382
2b,5,pw_d2,answerable,grammatical,30.89,382
2b,5,pw_d2,answerable,valid,5.76,382
2b,5,pw_d2,answerable,grounded,22.77,382
2b,5,pw_d2,answerable,correct,39.53,382
2b,5,pw_d2,answerable,valid_correct,5.50,382
2b,5,pw_d2,answerable,in_system,5.50,382
2b,5,pw_d2,answerable,valid_wrong,0.26,382
2b,5,pw_d3,all,has_proof,100.00,500
2b,5,pw_d3,all,grammatical,28.40,500
2b,5,pw_d3,all,valid,7.00,500
2b,5,pw_d3,all,grounded,19.40,500
2b,5,pw_d3,all,correct,31.00,500
2b,5,pw_d3,all,valid_correct,5.40,500
2b,5,pw_d3,all,in_system,5.40,500
2b,5,pw_d3,all,valid_wrong,1.60,500
2b,5,pw_d3,answerable,has_proof,100.00,413
2b,5,pw_d3,answerable,grammatical,27.12,413
2b,5,pw_d3,answerable,valid,6.78,413
2b,5,pw_d3,answerable,grounded,18.64,413
2b,5,pw_d3,answerable,correct,37.53,413
2b,5,pw_d3,answerable,valid_correct,6.54,413
2b,5,pw_d3,answerable,in_system,6.54,413
2b,5,pw_d3,answerable,valid_wrong,0.24,413
2b,5,pw_d5,all,has_proof,100.00,500
2b,5,pw_d5,all,grammatical,24.40,500
2b,5,pw_d5,all,valid,3.00,500
2b,5,pw_d5,all,grounded,16.40,500
2b,5,pw_d5,all,correct,32.40,500
2b,5,pw_d5,all,valid_correct,2.40,500
2b,5,pw_d5,all,in_system,2.40,500
2b,5,pw_d5,all,valid_wrong,0.60,500
2b,5,pw_d5,answerable,has_proof,100.00,477
2b,5,pw_d5,answerable,grammatical,24.32,477
2b,5,pw_d5,answerable,valid,2.94,477
2b,5,pw_d5,answerable,grounded,16.35,477
2b,5,pw_d5,answerable,correct,33.96,477
2b,5,pw_d5,answerable,valid_correct,2.52,477
2b,5,pw_d5,answerable,in_system,2.52,477
2b,5,pw_d5,answerable,valid_wrong,0.42,477
2b,10,overall,all,has_proof,43.82,9524
2b,10,overall,all,grammatical,15.20,9524
2b,10,overall,all,valid,2.74,9524
2b,10,overall,all,grounded,9.26,9524
2b,10,overall,all,correct,27.14,9524
2b,10,overall,all,valid_correct,2.04,9524
2b,10,overall,all,in_system,2.04,9524
2b,10,overall,all,valid_wrong,0.70,9524
2b,10,overall,all,f1,0.04,9524
2b,10,overall,answerable,has_proof,100.00,3187
2b,10,overall,answerable,grammatical,34.73,3187
2b,10,overall,answerable,valid,6.78,3187
2b,10,overall,answerable,grounded,21.40,3187
2b,10,overall,answerable,correct,42.80,3187
2b,10,overall,answerable,valid_correct,6.09,3187
2b,10,overall,answerable,in_system,6.09,3187
2b,10,overall,answerable,valid_wrong,0.69,3187
2b,10,bbh,all,has_proof,33.96,2700
2b,10,bbh,all,grammatical,4.37,2700
2b,10,bbh,all,valid,0.26,2700
2b,10,bbh,all,grounded,2.63,2700
2b,10,bbh,all,correct,27.15,2700
2b,10,bbh,all,valid_correct,0.15,2700
2b,10,bbh,all,in_system,0.15,2700
2b,10,bbh,all,valid_wrong,0.11,2700
2b,10,bbh,answerable,has_proof,100.00,800
2b,10,bbh,answerable,grammatical,14.75,800
2b,10,bbh,answerable,valid,0.88,800
2b,10,bbh,answerable,grounded,8.88,800
2b,10,bbh,answerable,correct,35.38,800
2b,10,bbh,answerable,valid_correct,0.50,800
2b,10,bbh,answerable,in_system,0.50,800
2b,10,bbh,answerable,valid_wrong,0.38,800
2b,10,deduction,all,has_proof,100.00,2703
2b,10,deduction,all,grammatical,44.10,2703
2b,10,deduction,all,valid,8.88,2703
2b,10,deduction,all,grounded,26.82,2703
2b,10,deduction,all,correct,33.63,2703
2b,10,deduction,all,valid_correct,6.77,2703
2b,10,deduction,all,in_system,6.77,2703
2b,10,deduction,all,valid_wrong,2.11,2703
2b,10,deduction,answerable,has_proof,100.00,1887
2b,10,deduction,answerable,grammatical,45.42,1887
2b,10,deduction,answerable,valid,10.39,1887
2b,10,deduction,answerable,grounded,28.03,1887
2b,10,deduction,answerable,correct,48.17,1887
2b,10,deduction,answerable,valid_correct,9.70,1887
2b,10,deduction,answerable,in_system,9.70,1887
2b,10,deduction,answerable,valid_wrong,0.69,1887
2b,10,gpqa,all,has_proof,0.00,198
2b,10,gpqa,all,grammatical,0.00,198
2b,10,gpqa,all,valid,0.00,198
2b,10,gpqa,all,grounded,0.00,198
2b,10,gpqa,all,correct,35.35,198
2b,10,gpqa,all,valid_correct,0.00,198
2b,10,gpqa,all,in_system,0.00,198
2b,10,gpqa,all,valid_wrong,0.00,198
2b,10,multihop,all,has_proof,0.00,600
2b,10,multihop,all,grammatical,0.00,600
2b,10,multihop,all,valid,0.00,600
2b,10,multihop,all,grounded,0.00,600
2b,10,multihop,all,correct,0.00,600
2b,10,multihop,all,valid_correct,0.00,600
2b,10,multihop,all,in_system,0.00,600
2b,10,multihop,all,valid_wrong,0.00,600
2b,10,multihop,all,f1,0.04,600
2b,10,standard,all,has_proof,16.64,3323
2b,10,standard,all,grammatical,4.15,3323
2b,10,standard,all,valid,0.42,3323
2b,10,standard,all,grounded,2.59,3323
2b,10,standard,all,correct,26.27,3323
2b,10,standard,all,valid_correct,0.21,3323
2b,10,standard,all,in_system,0.21,3323
2b,10,standard,all,valid_wrong,0.21,3323
2b,10,standard,answerable,has_proof,100.00,500
2b,10,standard,answerable,grammatical,26.40,500
2b,10,standard,answerable,valid,2.60,500
2b,10,standard,answerable,grounded,16.40,500
2b,10,standard,answerable,correct,34.40,500
2b,10,standard,answerable,valid_correct,1.40,500
2b,10,standard,answerable,in_system,1.40,500
2b,10,standard,answerable,valid_wrong,1.20,500
2b,10,2wikimqa,all,has_proof,0.00,200
2b,10,2wikimqa,all,grammatical,0.00,200
2b,10,2wikimqa,all,valid,0.00,200
2b,10,2wikimqa,all,grounded,0.00,200
2b,10,2wikimqa,all,correct,0.00,200
2b,10,2wikimqa,all,valid_correct,0.00,200
2b,10,2wikimqa,all,in_system,0.00,200
2b,10,2wikimqa,all,valid_wrong,0.00,200
2b,10,2wikimqa,all,f1,0.00,200
2b,10,arc_challenge,all,has_proof,1.45,1172
2b,10,arc_challenge,all,grammatical,0.17,1172
2b,10,arc_challenge,all,valid,0.09,1172
2b,10,arc_challenge,all,grounded,0.17,1172
2b,10,arc_challenge,all,correct,15.61,1172
2b,10,arc_challenge,all,valid_correct,0.00,1172
2b,10,arc_challenge,all,in_system,0.00,1172
2b,10,arc_challenge,all,valid_wrong,0.09,1172
2b,10,bbh_boolean_expressions,all,has_proof,100.00,100
2b,10,bbh_boolean_expressions,all,grammatical,14.00,100
2b,10,bbh_boolean_expressions,all,valid,0.00,100
2b,10,bbh_boolean_expressions,all,grounded,0.00,100
2b,10,bbh_boolean_expressions,all,correct,51.00,100
2b,10,bbh_boolean_expressions,all,valid_correct,0.00,100
2b,10,bbh_boolean_expressions,all,in_system,0.00,100
2b,10,bbh_boolean_expressions,all,valid_wrong,0.00,100
2b,10,bbh_boolean_expressions,answerable,has_proof,100.00,100
2b,10,bbh_boolean_expressions,answerable,grammatical,14.00,100
2b,10,bbh_boolean_expressions,answerable,valid,0.00,100
2b,10,bbh_boolean_expressions,answerable,grounded,0.00,100
2b,10,bbh_boolean_expressions,answerable,correct,51.00,100
2b,10,bbh_boolean_expressions,answerable,valid_correct,0.00,100
2b,10,bbh_boolean_expressions,answerable,in_system,0.00,100
2b,10,bbh_boolean_expressions,answerable,valid_wrong,0.00,100
2b,10,bbh_causal_judgement,all,has_proof,100.00,100
2b,10,bbh_causal_judgement,all,grammatical,10.00,100
2b,10,bbh_causal_judgement,all,valid,1.00,100
2b,10,bbh_causal_judgement,all,grounded,1.00,100
2b,10,bbh_causal_judgement,all,correct,31.00,100
2b,10,bbh_causal_judgement,all,valid_correct,0.00,100
2b,10,bbh_causal_judgement,all,in_system,0.00,100
2b,10,bbh_causal_judgement,all,valid_wrong,1.00,100
2b,10,bbh_causal_judgement,answerable,has_proof,100.00,100
2b,10,bbh_causal_judgement,answerable,grammatical,10.00,100
2b,10,bbh_causal_judgement,answerable,valid,1.00,100
2b,10,bbh_causal_judgement,answerable,grounded,1.00,100
2b,10,bbh_causal_judgement,answerable,correct,31.00,100
2b,10,bbh_causal_judgement,answerable,valid_correct,0.00,100
2b,10,bbh_causal_judgement,answerable,in_system,0.00,100
2b,10,bbh_causal_judgement,answerable,valid_wrong,1.00,100
2b,10,bbh_date_understanding,all,has_proof,1.00,100
2b,10,bbh_date_understanding,all,grammatical,0.00,100
2b,10,bbh_date_understanding,all,valid,0.00,100
2b,10,bbh_date_understanding,all,grounded,0.00,100
2b,10,bbh_date_understanding,all,correct,30.00,100
2b,10,bbh_date_understanding,all,valid_correct,0.00,100
2b,10,bbh_date_understanding,all,in_system,0.00,100
2b,10,bbh_date_understanding,all,valid_wrong,0.00,100
2b,10,bbh_disambiguation_qa,all,has_proof,0.00,100
2b,10,bbh_disambiguation_qa,all,grammatical,0.00,100
2b,10,bbh_disambiguation_qa,all,valid,0.00,100
2b,10,bbh_disambiguation_qa,all,grounded,0.00,100
2b,10,bbh_disambiguation_qa,all,correct,0.00,100
2b,10,bbh_disambiguation_qa,all,valid_correct,0.00,100
2b,10,bbh_disambiguation_qa,all,in_system,0.00,100
2b,10,bbh_disambiguation_qa,all,valid_wrong,0.00,100
2b,10,bbh_dyck_languages,all,has_proof,15.00,100
2b,10,bbh_dyck_languages,all,grammatical,0.00,100
2b,10,bbh_dyck_languages,all,valid,0.00,100
2b,10,bbh_dyck_languages,all,grounded,0.00,100
2b,10,bbh_dyck_languages,all,correct,3.00,100
2b,10,bbh_dyck_languages,all,valid_correct,0.00,100
2b,10,bbh_dyck_languages,all,in_system,0.00,100
2b,10,bbh_dyck_languages,all,valid_wrong,0.00,100
2b,10,bbh_formal_fallacies,all,has_proof,100.00,100
2b,10,bbh_formal_fallacies,all,grammatical,27.00,100
2b,10,bbh_formal_fallacies,all,valid,0.00,100
2b,10,bbh_formal_fallacies,all,grounded,16.00,100
2b,10,bbh_formal_fallacies,all,correct,28.00,100
2b,10,bbh_formal_fallacies,all,valid_correct,0.00,100
2b,10,bbh_formal_fallacies,all,in_system,0.00,100
2b,10,bbh_formal_fallacies,all,valid_wrong,0.00,100
2b,10,bbh_formal_fallacies,answerable,has_proof,100.00,100
2b,10,bbh_formal_fallacies,answerable,grammatical,27.00,100
2b,10,bbh_formal_fallacies,answerable,valid,0.00,100
2b,10,bbh_formal_fallacies,answerable,grounded,16.00,100
2b,10,bbh_formal_fallacies,answerable,correct,28.00,100
2b,10,bbh_formal_fallacies,answerable,valid_correct,0.00,100
2b,10,bbh_formal_fallacies,answerable,in_system,0.00,100
2b,10,bbh_formal_fallacies,answerable,valid_wrong,0.00,100
2b,10,bbh_geometric_shapes,all,has_proof,0.00,100
2b,10,bbh_geometric_shapes,all,grammatical,0.00,100
2b,10,bbh_geometric_shapes,all,valid,0.00,100
2b,10,bbh_geometric_shapes,all,grounded,0.00,100
2b,10,bbh_geometric_shapes,all,correct,25.00,100
2b,10,bbh_geometric_shapes,all,valid_correct,0.00,100
2b,10,bbh_geometric_shapes,all,in_system,0.00,100
2b,10,bbh_geometric_shapes,all,valid_wrong,0.00,100
2b,10,bbh_hyperbaton,all,has_proof,0.00,100
2b,10,bbh_hyperbaton,all,grammatical,0.00,100
2b,10,bbh_hyperbaton,all,valid,0.00,100
2b,10,bbh_hyperbaton,all,grounded,0.00,100
2b,10,bbh_hyperbaton,all,correct,0.00,100
2b,10,bbh_hyperbaton,all,valid_correct,0.00,100
2b,10,bbh_hyperbaton,all,in_system,0.00,100
2b,10,bbh_hyperbaton,all,valid_wrong,0.00,100
2b,10,bbh_logical_deduction_five_objects,all,has_proof,1.00,100
2b,10,bbh_logical_deduction_five_objects,all,grammatical,0.00,100
2b,10,bbh_logical_deduction_five_objects,all,valid,0.00,100
2b,10,bbh_logical_deduction_five_objects,all,grounded,0.00,100
2b,10,bbh_logical_deduction_five_objects,all,correct,38.00,100
2b,10,bbh_logical_deduction_five_objects,all,valid_correct,0.00,100
2b,10,bbh_logical_deduction_five_objects,all,in_system,0.00,100
2b,10,bbh_logical_deduction_five_objects,all,valid_wrong,0.00,100
2b,10,bbh_logical_deduction_seven_objects,all,has_proof,0.00,100
2b,10,bbh_logical_deduction_seven_objects,all,grammatical,0.00,100
2b,10,bbh_logical_deduction_seven_objects,all,valid,0.00,100
2b,10,bbh_logical_deduction_seven_objects,all,grounded,0.00,100
2b,10,bbh_logical_deduction_seven_objects,all,correct,41.00,100
2b,10,bbh_logical_deduction_seven_objects,all,valid_correct,0.00,100
2b,10,bbh_logical_deduction_seven_objects,all,in_system,0.00,100
2b,10,bbh_logical_deduction_seven_objects,all,valid_wrong,0.00,100
2b,10,bbh_logical_deduction_three_objects,all,has_proof,0.00,100
2b,10,bbh_logical_deduction_three_objects,all,grammatical,0.00,100
2b,10,bbh_logical_deduction_three_objects,all,valid,0.00,100
2b,10,bbh_logical_deduction_three_objects,all,grounded,0.00,100
2b,10,bbh_logical_deduction_three_objects,all,correct,5.00,100
2b,10,bbh_logical_deduction_three_objects,all,valid_correct,0.00,100
2b,10,bbh_logical_deduction_three_objects,all,in_system,0.00,100
2b,10,bbh_logical_deduction_three_objects,all,valid_wrong,0.00,100
2b,10,bbh_movie_recommendation,all,has_proof,0.00,100
2b,10,bbh_movie_recommendation,all,grammatical,0.00,100
2b,10,bbh_movie_recommendation,all,valid,0.00,100
2b,10,bbh_movie_recommendation,all,grounded,0.00,100
2b,10,bbh_movie_recommendation,all,correct,0.00,100
2b,10,bbh_movie_recommendation,all,valid_correct,0.00,100
2b,10,bbh_movie_recommendation,all,in_system,0.00,100
2b,10,bbh_movie_recommendation,all,valid_wrong,0.00,100
2b,10,bbh_multistep_arithmetic_two,all,has_proof,100.00,100
2b,10,bbh_multistep_arithmetic_two,all,grammatical,0.00,100
2b,10,bbh_multistep_arithmetic_two,all,valid,0.00,100
2b,10,bbh_multistep_arithmetic_two,all,grounded,0.00,100
2b,10,bbh_multistep_arithmetic_two,all,correct,8.00,100
2b,10,bbh_multistep_arithmetic_two,all,valid_correct,0.00,100
2b,10,bbh_multistep_arithmetic_two,all,in_system,0.00,100
2b,10,bbh_multistep_arithmetic_two,all,valid_wrong,0.00,100
2b,10,bbh_multistep_arithmetic_two,answerable,has_proof,100.00,100
2b,10,bbh_multistep_arithmetic_two,answerable,grammatical,0.00,100
2b,10,bbh_multistep_arithmetic_two,answerable,valid,0.00,100
2b,10,bbh_multistep_arithmetic_two,answerable,grounded,0.00,100
2b,10,bbh_multistep_arithmetic_two,answerable,correct,8.00,100
2b,10,bbh_multistep_arithmetic_two,answerable,valid_correct,0.00,100
2b,10,bbh_multistep_arithmetic_two,answerable,in_system,0.00,100
2b,10,bbh_multistep_arithmetic_two,answerable,valid_wrong,0.00,100
2b,10,bbh_navigate,all,has_proof,100.00,100
2b,10,bbh_navigate,all,grammatical,2.00,100
2b,10,bbh_navigate,all,valid,0.00,100
2b,10,bbh_navigate,all,grounded,1.00,100
2b,10,bbh_navigate,all,correct,36.00,100
2b,10,bbh_navigate,all,valid_correct,0.00,100
2b,10,bbh_navigate,all,in_system,0.00,100
2b,10,bbh_navigate,all,valid_wrong,0.00,100
2b,10,bbh_navigate,answerable,has_proof,100.00,100
2b,10,bbh_navigate,answerable,grammatical,2.00,100
2b,10,bbh_navigate,answerable,valid,0.00,100
2b,10,bbh_navigate,answerable,grounded,1.00,100
2b,10,bbh_navigate,answerable,correct,36.00,100
2b,10,bbh_navigate,answerable,valid_correct,0.00,100
2b,10,bbh_navigate,answerable,in_system,0.00,100
2b,10,bbh_navigate,answerable,valid_wrong,0.00,100
2b,10,bbh_object_counting,all,has_proof,100.00,100
2b,10,bbh_object_counting,all,grammatical,1.00,100
2b,10,bbh_object_counting,all,valid,0.00,100
2b,10,bbh_object_counting,all,grounded,0.00,100
2b,10,bbh_object_counting,all,correct,42.00,100
2b,10,bbh_object_counting,all,valid_correct,0.00,100
2b,10,bbh_object_counting,all,in_system,0.00,100
2b,10,bbh_object_counting,all,valid_wrong,0.00,100
2b,10,bbh_object_counting,answerable,has_proof,100.00,100
2b,10,bbh_object_counting,answerable,grammatical,1.00,100
2b,10,bbh_object_counting,answerable,valid,0.00,100
2b,10,bbh_object_counting,answerable,grounded,0.00,100
2b,10,bbh_object_counting,answerable,correct,42.00,100
2b,10,bbh_object_counting,answerable,valid_correct,0.00,100
2b,10,bbh_object_counting,answerable,in_system,0.00,100
2b,10,bbh_object_counting,answerable,valid_wrong,0.00,100
2b,10,bbh_penguins_in_a_table,all,has_proof,0.00,100
2b,10,bbh_penguins_in_a_table,all,grammatical,0.00,100
2b,10,bbh_penguins_in_a_table,all,valid,0.00,100
2b,10,bbh_penguins_in_a_table,all,grounded,0.00,100
2b,10,bbh_penguins_in_a_table,all,correct,33.00,100
2b,10,bbh_penguins_in_a_table,all,valid_correct,0.00,100
2b,10,bbh_penguins_in_a_table,all,in_system,0.00,100
2b,10,bbh_penguins_in_a_table,all,valid_wrong,0.00,100
2b,10,bbh_reasoning_about_colored_objects,all,has_proof,0.00,100
2b,10,bbh_reasoning_about_colored_objects,all,grammatical,0.00,100
2b,10,bbh_reasoning_about_colored_objects,all,valid,0.00,100
2b,10,bbh_reasoning_about_colored_objects,all,grounded,0.00,100
2b,10,bbh_reasoning_about_colored_objects,all,correct,62.00,100
2b,10,bbh_reasoning_about_colored_objects,all,valid_correct,0.00,100
2b,10,bbh_reasoning_about_colored_objects,all,in_system,0.00,100
2b,10,bbh_reasoning_about_colored_objects,all,valid_wrong,0.00,100
2b,10,bbh_ruin_names,all,has_proof,0.00,100
2b,10,bbh_ruin_names,all,grammatical,0.00,100
2b,10,bbh_ruin_names,all,valid,0.00,100
2b,10,bbh_ruin_names,all,grounded,0.00,100
2b,10,bbh_ruin_names,all,correct,0.00,100
2b,10,bbh_ruin_names,all,valid_correct,0.00,100
2b,10,bbh_ruin_names,all,in_system,0.00,100
2b,10,bbh_ruin_names,all,valid_wrong,0.00,100
2b,10,bbh_salient_translation_error_detection,all,has_proof,0.00,100
2b,10,bbh_salient_translation_error_detection,all,grammatical,0.00,100
2b,10,bbh_salient_translation_error_detection,all,valid,0.00,100
2b,10,bbh_salient_translation_error_detection,all,grounded,0.00,100
2b,10,bbh_salient_translation_error_detection,all,correct,1.00,100
2b,10,bbh_salient_translation_error_detection,all,valid_correct,0.00,100
2b,10,bbh_salient_translation_error_detection,all,in_system,0.00,100
2b,10,bbh_salient_translation_error_detection,all,valid_wrong,0.00,100
2b,10,bbh_snarks,all,has_proof,0.00,100
2b,10,bbh_snarks,all,grammatical,0.00,100
2b,10,bbh_snarks,all,valid,0.00,100
2b,10,bbh_snarks,all,grounded,0.00,100
2b,10,bbh_snarks,all,correct,0.00,100
2b,10,bbh_snarks,all,valid_correct,0.00,100
2b,10,bbh_snarks,all,in_system,0.00,100
2b,10,bbh_snarks,all,valid_wrong,0.00,100
2b,10,bbh_sports_understanding,all,has_proof,100.00,100
2b,10,bbh_sports_understanding,all,grammatical,9.00,100
2b,10,bbh_sports_understanding,all,valid,2.00,100
2b,10,bbh_sports_understanding,all,grounded,6.00,100
2b,10,bbh_sports_understanding,all,correct,40.00,100
2b,10,bbh_sports_understanding,all,valid_correct,1.00,100
2b,10,bbh_sports_understanding,all,in_system,1.00,100
2b,10,bbh_sports_understanding,all,valid_wrong,1.00,100
2b,10,bbh_sports_understanding,answerable,has_proof,100.00,100
2b,10,bbh_sports_understanding,answerable,grammatical,9.00,100
2b,10,bbh_sports_understanding,answerable,valid,2.00,100
2b,10,bbh_sports_understanding,answerable,grounded,6.00,100
2b,10,bbh_sports_understanding,answerable,correct,40.00,100
2b,10,bbh_sports_understanding,answerable,valid_correct,1.00,100
2b,10,bbh_sports_understanding,answerable,in_system,1.00,100
2b,10,bbh_sports_understanding,answerable,valid_wrong,1.00,100
2b,10,bbh_temporal_sequences,all,has_proof,0.00,100
2b,10,bbh_temporal_sequences,all,grammatical,0.00,100
2b,10,bbh_temporal_sequences,all,valid,0.00,100
2b,10,bbh_temporal_sequences,all,grounded,0.00,100
2b,10,bbh_temporal_sequences,all,correct,19.00,100
2b,10,bbh_temporal_sequences,all,valid_correct,0.00,100
2b,10,bbh_temporal_sequences,all,in_system,0.00,100
2b,10,bbh_temporal_sequences,all,valid_wrong,0.00,100
2b,10,bbh_tracking_shuffled_objects_five_objects,all,has_proof,0.00,100
2b,10,bbh_tracking_shuffled_objects_five_objects,all,grammatical,0.00,100
2b,10,bbh_tracking_shuffled_objects_five_objects,all,valid,0.00,100
2b,10,bbh_tracking_shuffled_objects_five_objects,all,grounded,0.00,100
2b,10,bbh_tracking_shuffled_objects_five_objects,all,correct,63.00,100
2b,10,bbh_tracking_shuffled_objects_five_objects,all,valid_correct,0.00,100
2b,10,bbh_tracking_shuffled_objects_five_objects,all,in_system,0.00,100
2b,10,bbh_tracking_shuffled_objects_five_objects,all,valid_wrong,0.00,100
2b,10,bbh_tracking_shuffled_objects_seven_objects,all,has_proof,0.00,100
2b,10,bbh_tracking_shuffled_objects_seven_objects,all,grammatical,0.00,100
2b,10,bbh_tracking_shuffled_objects_seven_objects,all,valid,0.00,100
2b,10,bbh_tracking_shuffled_objects_seven_objects,all,grounded,0.00,100
2b,10,bbh_tracking_shuffled_objects_seven_objects,all,correct,61.00,100
2b,10,bbh_tracking_shuffled_objects_seven_objects,all,valid_correct,0.00,100
2b,10,bbh_tracking_shuffled_objects_seven_objects,all,in_system,0.00,100
2b,10,bbh_tracking_shuffled_objects_seven_objects,all,valid_wrong,0.00,100
2b,10,bbh_tracking_shuffled_objects_three_objects,all,has_proof,0.00,100
2b,10,bbh_tracking_shuffled_objects_three_objects,all,grammatical,0.00,100
2b,10,bbh_tracking_shuffled_objects_three_objects,all,valid,0.00,100
2b,10,bbh_tracking_shuffled_objects_three_objects,all,grounded,0.00,100
2b,10,bbh_tracking_shuffled_objects_three_objects,all,correct,64.00,100
2b,10,bbh_tracking_shuffled_objects_three_objects,all,valid_correct,0.00,100
2b,10,bbh_tracking_shuffled_objects_three_objects,all,in_system,0.00,100
2b,10,bbh_tracking_shuffled_objects_three_objects,all,valid_wrong,0.00,100
2b,10,bbh_web_of_lies,all,has_proof,100.00,100
2b,10,bbh_web_of_lies,all,grammatical,55.00,100
2b,10,bbh_web_of_lies,all,valid,4.00,100
2b,10,bbh_web_of_lies,all,grounded,47.00,100
2b,10,bbh_web_of_lies,all,correct,47.00,100
2b,10,bbh_web_of_lies,all,valid_correct,3.00,100
2b,10,bbh_web_of_lies,all,in_system,3.00,100
2b,10,bbh_web_of_lies,all,valid_wrong,1.00,100
2b,10,bbh_web_of_lies,answerable,has_proof,100.00,100
2b,10,bbh_web_of_lies,answerable,grammatical,55.00,100
2b,10,bbh_web_of_lies,answerable,valid,4.00,100
2b,10,bbh_web_of_lies,answerable,grounded,47.00,100
2b,10,bbh_web_of_lies,answerable,correct,47.00,100
2b,10,bbh_web_of_lies,answerable,valid_correct,3.00,100
2b,10,bbh_web_of_lies,answerable,in_system,3.00,100
2b,10,bbh_web_of_lies,answerable,valid_wrong,1.00,100
2b,10,bbh_word_sorting,all,has_proof,100.00,100
2b,10,bbh_word_sorting,all,grammatical,0.00,100
2b,10,bbh_word_sorting,all,valid,0.00,100
2b,10,bbh_word_sorting,all,grounded,0.00,100
2b,10,bbh_word_sorting,all,correct,5.00,100
2b,10,bbh_word_sorting,all,valid_correct,0.00,100
2b,10,bbh_word_sorting,all,in_system,0.00,100
2b,10,bbh_word_sorting,all,valid_wrong,0.00,100
2b,10,folio,all,has_proof,100.00,203
2b,10,folio,all,grammatical,29.06,203
2b,10,folio,all,valid,2.46,203
2b,10,folio,all,grounded,17.73,203
2b,10,folio,all,correct,32.02,203
2b,10,folio,all,valid_correct,0.99,203
2b,10,folio,all,in_system,0.99,203
2b,10,folio,all,valid_wrong,1.48,203
2b,10,folio,answerable,has_proof,100.00,134
2b,10,folio,answerable,grammatical,28.36,134
2b,10,folio,answerable,valid,1.49,134
2b,10,folio,answerable,grounded,16.42,134
2b,10,folio,answerable,correct,48.51,134
2b,10,folio,answerable,valid_correct,1.49,134
2b,10,folio,answerable,in_system,1.49,134
2b,10,folio,answerable,valid_wrong,0.00,134
2b,10,gpqa_diamond,all,has_proof,0.00,198
2b,10,gpqa_diamond,all,grammatical,0.00,198
2b,10,gpqa_diamond,all,valid,0.00,198
2b,10,gpqa_diamond,all,grounded,0.00,198
2b,10,gpqa_diamond,all,correct,35.35,198
2b,10,gpqa_diamond,all,valid_correct,0.00,198
2b,10,gpqa_diamond,all,in_system,0.00,198
2b,10,gpqa_diamond,all,valid_wrong,0.00,198
2b,10,gpqa_quant,all,has_proof,0.00,73
2b,10,gpqa_quant,all,grammatical,0.00,73
2b,10,gpqa_quant,all,valid,0.00,73
2b,10,gpqa_quant,all,grounded,0.00,73
2b,10,gpqa_quant,all,correct,38.36,73
2b,10,gpqa_quant,all,valid_correct,0.00,73
2b,10,gpqa_quant,all,in_system,0.00,73
2b,10,gpqa_quant,all,valid_wrong,0.00,73
2b,10,gpqa_rest,all,has_proof,0.00,125
2b,10,gpqa_rest,all,grammatical,0.00,125
2b,10,gpqa_rest,all,valid,0.00,125
2b,10,gpqa_rest,all,grounded,0.00,125
2b,10,gpqa_rest,all,correct,33.60,125
2b,10,gpqa_rest,all,valid_correct,0.00,125
2b,10,gpqa_rest,all,in_system,0.00,125
2b,10,gpqa_rest,all,valid_wrong,0.00,125
2b,10,gsm8k,all,has_proof,100.00,500
2b,10,gsm8k,all,grammatical,26.40,500
2b,10,gsm8k,all,valid,2.60,500
2b,10,gsm8k,all,grounded,16.40,500
2b,10,gsm8k,all,correct,34.40,500
2b,10,gsm8k,all,valid_correct,1.40,500
2b,10,gsm8k,all,in_system,1.40,500
2b,10,gsm8k,all,valid_wrong,1.20,500
2b,10,gsm8k,answerable,has_proof,100.00,500
2b,10,gsm8k,answerable,grammatical,26.40,500
2b,10,gsm8k,answerable,valid,2.60,500
2b,10,gsm8k,answerable,grounded,16.40,500
2b,10,gsm8k,answerable,correct,34.40,500
2b,10,gsm8k,answerable,valid_correct,1.40,500
2b,10,gsm8k,answerable,in_system,1.40,500
2b,10,gsm8k,answerable,valid_wrong,1.20,500
2b,10,hotpotqa,all,has_proof,0.00,200
2b,10,hotpotqa,all,grammatical,0.00,200
2b,10,hotpotqa,all,valid,0.00,200
2b,10,hotpotqa,all,grounded,0.00,200
2b,10,hotpotqa,all,correct,0.00,200
2b,10,hotpotqa,all,valid_correct,0.00,200
2b,10,hotpotqa,all,in_system,0.00,200
2b,10,hotpotqa,all,valid_wrong,0.00,200
2b,10,hotpotqa,all,f1,0.00,200
2b,10,logiqa,all,has_proof,1.84,651
2b,10,logiqa,all,grammatical,0.15,651
2b,10,logiqa,all,valid,0.00,651
2b,10,logiqa,all,grounded,0.00,651
2b,10,logiqa,all,correct,39.48,651
2b,10,logiqa,all,valid_correct,0.00,651
2b,10,logiqa,all,in_system,0.00,651
2b,10,logiqa,all,valid_wrong,0.00,651
2b,10,mmlu,all,has_proof,2.40,1000
2b,10,mmlu,all,grammatical,0.30,1000
2b,10,mmlu,all,valid,0.00,1000
2b,10,mmlu,all,grounded,0.20,1000
2b,10,mmlu,all,correct,26.10,1000
2b,10,mmlu,all,valid_correct,0.00,1000
2b,10,mmlu,all,in_system,0.00,1000
2b,10,mmlu,all,valid_wrong,0.00,1000
2b,10,musique,all,has_proof,0.00,200
2b,10,musique,all,grammatical,0.00,200
2b,10,musique,all,valid,0.00,200
2b,10,musique,all,grounded,0.00,200
2b,10,musique,all,correct,0.00,200
2b,10,musique,all,valid_correct,0.00,200
2b,10,musique,all,in_system,0.00,200
2b,10,musique,all,valid_wrong,0.00,200
2b,10,musique,all,f1,0.11,200
2b,10,pw_all,all,has_proof,100.00,2500
2b,10,pw_all,all,grammatical,45.32,2500
2b,10,pw_all,all,valid,9.40,2500
2b,10,pw_all,all,grounded,27.56,2500
2b,10,pw_all,all,correct,33.76,2500
2b,10,pw_all,all,valid_correct,7.24,2500
2b,10,pw_all,all,in_system,7.24,2500
2b,10,pw_all,all,valid_wrong,2.16,2500
2b,10,pw_all,answerable,has_proof,100.00,1753
2b,10,pw_all,answerable,grammatical,46.72,1753
2b,10,pw_all,answerable,valid,11.07,1753
2b,10,pw_all,answerable,grounded,28.92,1753
2b,10,pw_all,answerable,correct,48.15,1753
2b,10,pw_all,answerable,valid_correct,10.33,1753
2b,10,pw_all,answerable,in_system,10.33,1753
2b,10,pw_all,answerable,valid_wrong,0.74,1753
2b,10,pw_d0,all,has_proof,100.00,500
2b,10,pw_d0,all,grammatical,46.80,500
2b,10,pw_d0,all,valid,12.60,500
2b,10,pw_d0,all,grounded,31.40,500
2b,10,pw_d0,all,correct,28.40,500
2b,10,pw_d0,all,valid_correct,9.60,500
2b,10,pw_d0,all,in_system,9.60,500
2b,10,pw_d0,all,valid_wrong,3.00,500
2b,10,pw_d0,answerable,has_proof,100.00,226
2b,10,pw_d0,answerable,grammatical,53.98,226
2b,10,pw_d0,answerable,valid,23.01,226
2b,10,pw_d0,answerable,grounded,40.27,226
2b,10,pw_d0,answerable,correct,62.83,226
2b,10,pw_d0,answerable,valid_correct,21.24,226
2b,10,pw_d0,answerable,in_system,21.24,226
2b,10,pw_d0,answerable,valid_wrong,1.77,226
2b,10,pw_d1,all,has_proof,100.00,500
2b,10,pw_d1,all,grammatical,49.20,500
2b,10,pw_d1,all,valid,11.80,500
2b,10,pw_d1,all,grounded,30.00,500
2b,10,pw_d1,all,correct,27.60,500
2b,10,pw_d1,all,valid_correct,8.60,500
2b,10,pw_d1,all,in_system,8.60,500
2b,10,pw_d1,all,valid_wrong,3.20,500
2b,10,pw_d1,answerable,has_proof,100.00,255
2b,10,pw_d1,answerable,grammatical,52.16,255
2b,10,pw_d1,answerable,valid,18.04,255
2b,10,pw_d1,answerable,grounded,34.12,255
2b,10,pw_d1,answerable,correct,54.12,255
2b,10,pw_d1,answerable,valid_correct,16.86,255
2b,10,pw_d1,answerable,in_system,16.86,255
2b,10,pw_d1,answerable,valid_wrong,1.18,255
2b,10,pw_d2,all,has_proof,100.00,500
2b,10,pw_d2,all,grammatical,47.20,500
2b,10,pw_d2,all,valid,10.20,500
2b,10,pw_d2,all,grounded,29.20,500
2b,10,pw_d2,all,correct,40.20,500
2b,10,pw_d2,all,valid_correct,8.60,500
2b,10,pw_d2,all,in_system,8.60,500
2b,10,pw_d2,all,valid_wrong,1.60,500
2b,10,pw_d2,answerable,has_proof,100.00,382
2b,10,pw_d2,answerable,grammatical,50.52,382
2b,10,pw_d2,answerable,valid,11.52,382
2b,10,pw_d2,answerable,grounded,31.41,382
2b,10,pw_d2,answerable,correct,52.62,382
2b,10,pw_d2,answerable,valid_correct,11.26,382
2b,10,pw_d2,answerable,in_system,11.26,382
2b,10,pw_d2,answerable,valid_wrong,0.26,382
2b,10,pw_d3,all,has_proof,100.00,500
2b,10,pw_d3,all,grammatical,43.60,500
2b,10,pw_d3,all,valid,7.40,500
2b,10,pw_d3,all,grounded,25.60,500
2b,10,pw_d3,all,correct,35.20,500
2b,10,pw_d3,all,valid_correct,5.20,500
2b,10,pw_d3,all,in_system,5.20,500
2b,10,pw_d3,all,valid_wrong,2.20,500
2b,10,pw_d3,answerable,has_proof,100.00,413
2b,10,pw_d3,answerable,grammatical,44.31,413
2b,10,pw_d3,answerable,valid,7.02,413
2b,10,pw_d3,answerable,grounded,26.63,413
2b,10,pw_d3,answerable,correct,42.62,413
2b,10,pw_d3,answerable,valid_correct,6.30,413
2b,10,pw_d3,answerable,in_system,6.30,413
2b,10,pw_d3,answerable,valid_wrong,0.73,413
2b,10,pw_d5,all,has_proof,100.00,500
2b,10,pw_d5,all,grammatical,39.80,500
2b,10,pw_d5,all,valid,5.00,500
2b,10,pw_d5,all,grounded,21.60,500
2b,10,pw_d5,all,correct,37.40,500
2b,10,pw_d5,all,valid_correct,4.20,500
2b,10,pw_d5,all,in_system,4.20,500
2b,10,pw_d5,all,valid_wrong,0.80,500
2b,10,pw_d5,answerable,has_proof,100.00,477
2b,10,pw_d5,answerable,grammatical,39.41,477
2b,10,pw_d5,answerable,valid,4.82,477
2b,10,pw_d5,answerable,grounded,20.75,477
2b,10,pw_d5,answerable,correct,39.20,477
2b,10,pw_d5,answerable,valid_correct,4.40,477
2b,10,pw_d5,answerable,in_system,4.40,477
2b,10,pw_d5,answerable,valid_wrong,0.42,477
2b,15,overall,all,has_proof,44.44,9524
2b,15,overall,all,grammatical,17.60,9524
2b,15,overall,all,valid,3.45,9524
2b,15,overall,all,grounded,11.09,9524
2b,15,overall,all,correct,29.60,9524
2b,15,overall,all,valid_correct,2.77,9524
2b,15,overall,all,in_system,2.77,9524
2b,15,overall,all,valid_wrong,0.68,9524
2b,15,overall,all,f1,0.04,9524
2b,15,overall,answerable,has_proof,99.87,3187
2b,15,overall,answerable,grammatical,40.26,3187
2b,15,overall,answerable,valid,9.01,3187
2b,15,overall,answerable,grounded,26.20,3187
2b,15,overall,answerable,correct,47.73,3187
2b,15,overall,answerable,valid_correct,8.28,3187
2b,15,overall,answerable,in_system,8.28,3187
2b,15,overall,answerable,valid_wrong,0.72,3187
2b,15,bbh,all,has_proof,34.63,2700
2b,15,bbh,all,grammatical,5.70,2700
2b,15,bbh,all,valid,0.41,2700
2b,15,bbh,all,grounded,3.63,2700
2b,15,bbh,all,correct,28.37,2700
2b,15,bbh,all,valid_correct,0.19,2700
2b,15,bbh,all,in_system,0.19,2700
2b,15,bbh,all,valid_wrong,0.22,2700
2b,15,bbh,answerable,has_proof,100.00,800
2b,15,bbh,answerable,grammatical,19.12,800
2b,15,bbh,answerable,valid,1.38,800
2b,15,bbh,answerable,grounded,12.25,800
2b,15,bbh,answerable,correct,37.62,800
2b,15,bbh,answerable,valid_correct,0.62,800
2b,15,bbh,answerable,in_system,0.62,800
2b,15,bbh,answerable,valid_wrong,0.75,800
2b,15,deduction,all,has_proof,99.96,2703
2b,15,deduction,all,grammatical,50.13,2703
2b,15,deduction,all,valid,10.99,2703
2b,15,deduction,all,grounded,31.37,2703
2b,15,deduction,all,correct,38.25,2703
2b,15,deduction,all,valid_correct,9.03,2703
2b,15,deduction,all,in_system,9.03,2703
2b,15,deduction,all,valid_wrong,1.96,2703
2b,15,deduction,answerable,has_proof,100.00,1887
2b,15,deduction,answerable,grammatical,51.30,1887
2b,15,deduction,answerable,valid,13.51,1887
2b,15,deduction,answerable,grounded,33.33,1887
2b,15,deduction,answerable,correct,54.80,1887
2b,15,deduction,answerable,valid_correct,12.93,1887
2b,15,deduction,answerable,in_system,12.93,1887
2b,15,deduction,answerable,valid_wrong,0.58,1887
2b,15,gpqa,all,has_proof,0.00,198
2b,15,gpqa,all,grammatical,0.00,198
2b,15,gpqa,all,valid,0.00,198
2b,15,gpqa,all,grounded,0.00,198
2b,15,gpqa,all,correct,31.31,198
2b,15,gpqa,all,valid_correct,0.00,198
2b,15,gpqa,all,in_system,0.00,198
2b,15,gpqa,all,valid_wrong,0.00,198
2b,15,multihop,all,has_proof,0.00,600
2b,15,multihop,all,grammatical,0.00,600
2b,15,multihop,all,valid,0.00,600
2b,15,multihop,all,grounded,0.00,600
2b,15,multihop,all,correct,0.00,600
2b,15,multihop,all,valid_correct,0.00,600
2b,15,multihop,all,in_system,0.00,600
2b,15,multihop,all,valid_wrong,0.00,600
2b,15,multihop,all,f1,0.04,600
2b,15,standard,all,has_proof,17.91,3323
2b,15,standard,all,grammatical,5.03,3323
2b,15,standard,all,valid,0.63,3323
2b,15,standard,all,grounded,3.31,3323
2b,15,standard,all,correct,28.80,3323
2b,15,standard,all,valid_correct,0.45,3323
2b,15,standard,all,in_system,0.45,3323
2b,15,standard,all,valid_wrong,0.18,3323
2b,15,standard,answerable,has_proof,99.20,500
2b,15,standard,answerable,grammatical,32.40,500
2b,15,standard,answerable,valid,4.20,500
2b,15,standard,answerable,grounded,21.60,500
2b,15,standard,answerable,correct,37.20,500
2b,15,standard,answerable,valid_correct,3.00,500
2b,15,standard,answerable,in_system,3.00,500
2b,15,standard,answerable,valid_wrong,1.20,500
2b,15,2wikimqa,all,has_proof,0.00,200
2b,15,2wikimqa,all,grammatical,0.00,200
2b,15,2wikimqa,all,valid,0.00,200
2b,15,2wikimqa,all,grounded,0.00,200
2b,15,2wikimqa,all,correct,0.00,200
2b,15,2wikimqa,all,valid_correct,0.00,200
2b,15,2wikimqa,all,in_system,0.00,200
2b,15,2wikimqa,all,valid_wrong,0.00,200
2b,15,2wikimqa,all,f1,0.00,200
2b,15,arc_challenge,all,has_proof,2.65,1172
2b,15,arc_challenge,all,grammatical,0.09,1172
2b,15,arc_challenge,all,valid,0.00,1172
2b,15,arc_challenge,all,grounded,0.09,1172
2b,15,arc_challenge,all,correct,19.37,1172
2b,15,arc_challenge,all,valid_correct,0.00,1172
2b,15,arc_challenge,all,in_system,0.00,1172
2b,15,arc_challenge,all,valid_wrong,0.00,1172
2b,15,bbh_boolean_expressions,all,has_proof,100.00,100
2b,15,bbh_boolean_expressions,all,grammatical,16.00,100
2b,15,bbh_boolean_expressions,all,valid,0.00,100
2b,15,bbh_boolean_expressions,all,grounded,0.00,100
2b,15,bbh_boolean_expressions,all,correct,55.00,100
2b,15,bbh_boolean_expressions,all,valid_correct,0.00,100
2b,15,bbh_boolean_expressions,all,in_system,0.00,100
2b,15,bbh_boolean_expressions,all,valid_wrong,0.00,100
2b,15,bbh_boolean_expressions,answerable,has_proof,100.00,100
2b,15,bbh_boolean_expressions,answerable,grammatical,16.00,100
2b,15,bbh_boolean_expressions,answerable,valid,0.00,100
2b,15,bbh_boolean_expressions,answerable,grounded,0.00,100
2b,15,bbh_boolean_expressions,answerable,correct,55.00,100
2b,15,bbh_boolean_expressions,answerable,valid_correct,0.00,100
2b,15,bbh_boolean_expressions,answerable,in_system,0.00,100
2b,15,bbh_boolean_expressions,answerable,valid_wrong,0.00,100
2b,15,bbh_causal_judgement,all,has_proof,100.00,100
2b,15,bbh_causal_judgement,all,grammatical,15.00,100
2b,15,bbh_causal_judgement,all,valid,0.00,100
2b,15,bbh_causal_judgement,all,grounded,7.00,100
2b,15,bbh_causal_judgement,all,correct,31.00,100
2b,15,bbh_causal_judgement,all,valid_correct,0.00,100
2b,15,bbh_causal_judgement,all,in_system,0.00,100
2b,15,bbh_causal_judgement,all,valid_wrong,0.00,100
2b,15,bbh_causal_judgement,answerable,has_proof,100.00,100
2b,15,bbh_causal_judgement,answerable,grammatical,15.00,100
2b,15,bbh_causal_judgement,answerable,valid,0.00,100
2b,15,bbh_causal_judgement,answerable,grounded,7.00,100
2b,15,bbh_causal_judgement,answerable,correct,31.00,100
2b,15,bbh_causal_judgement,answerable,valid_correct,0.00,100
2b,15,bbh_causal_judgement,answerable,in_system,0.00,100
2b,15,bbh_causal_judgement,answerable,valid_wrong,0.00,100
2b,15,bbh_date_understanding,all,has_proof,1.00,100
2b,15,bbh_date_understanding,all,grammatical,0.00,100
2b,15,bbh_date_understanding,all,valid,0.00,100
2b,15,bbh_date_understanding,all,grounded,0.00,100
2b,15,bbh_date_understanding,all,correct,33.00,100
2b,15,bbh_date_understanding,all,valid_correct,0.00,100
2b,15,bbh_date_understanding,all,in_system,0.00,100
2b,15,bbh_date_understanding,all,valid_wrong,0.00,100
2b,15,bbh_disambiguation_qa,all,has_proof,0.00,100
2b,15,bbh_disambiguation_qa,all,grammatical,0.00,100
2b,15,bbh_disambiguation_qa,all,valid,0.00,100
2b,15,bbh_disambiguation_qa,all,grounded,0.00,100
2b,15,bbh_disambiguation_qa,all,correct,0.00,100
2b,15,bbh_disambiguation_qa,all,valid_correct,0.00,100
2b,15,bbh_disambiguation_qa,all,in_system,0.00,100
2b,15,bbh_disambiguation_qa,all,valid_wrong,0.00,100
2b,15,bbh_dyck_languages,all,has_proof,22.00,100
2b,15,bbh_dyck_languages,all,grammatical,0.00,100
2b,15,bbh_dyck_languages,all,valid,0.00,100
2b,15,bbh_dyck_languages,all,grounded,0.00,100
2b,15,bbh_dyck_languages,all,correct,5.00,100
2b,15,bbh_dyck_languages,all,valid_correct,0.00,100
2b,15,bbh_dyck_languages,all,in_system,0.00,100
2b,15,bbh_dyck_languages,all,valid_wrong,0.00,100
2b,15,bbh_formal_fallacies,all,has_proof,100.00,100
2b,15,bbh_formal_fallacies,all,grammatical,23.00,100
2b,15,bbh_formal_fallacies,all,valid,0.00,100
2b,15,bbh_formal_fallacies,all,grounded,16.00,100
2b,15,bbh_formal_fallacies,all,correct,29.00,100
2b,15,bbh_formal_fallacies,all,valid_correct,0.00,100
2b,15,bbh_formal_fallacies,all,in_system,0.00,100
2b,15,bbh_formal_fallacies,all,valid_wrong,0.00,100
2b,15,bbh_formal_fallacies,answerable,has_proof,100.00,100
2b,15,bbh_formal_fallacies,answerable,grammatical,23.00,100
2b,15,bbh_formal_fallacies,answerable,valid,0.00,100
2b,15,bbh_formal_fallacies,answerable,grounded,16.00,100
2b,15,bbh_formal_fallacies,answerable,correct,29.00,100
2b,15,bbh_formal_fallacies,answerable,valid_correct,0.00,100
2b,15,bbh_formal_fallacies,answerable,in_system,0.00,100
2b,15,bbh_formal_fallacies,answerable,valid_wrong,0.00,100
2b,15,bbh_geometric_shapes,all,has_proof,0.00,100
2b,15,bbh_geometric_shapes,all,grammatical,0.00,100
2b,15,bbh_geometric_shapes,all,valid,0.00,100
2b,15,bbh_geometric_shapes,all,grounded,0.00,100
2b,15,bbh_geometric_shapes,all,correct,32.00,100
2b,15,bbh_geometric_shapes,all,valid_correct,0.00,100
2b,15,bbh_geometric_shapes,all,in_system,0.00,100
2b,15,bbh_geometric_shapes,all,valid_wrong,0.00,100
2b,15,bbh_hyperbaton,all,has_proof,0.00,100
2b,15,bbh_hyperbaton,all,grammatical,0.00,100
2b,15,bbh_hyperbaton,all,valid,0.00,100
2b,15,bbh_hyperbaton,all,grounded,0.00,100
2b,15,bbh_hyperbaton,all,correct,0.00,100
2b,15,bbh_hyperbaton,all,valid_correct,0.00,100
2b,15,bbh_hyperbaton,all,in_system,0.00,100
2b,15,bbh_hyperbaton,all,valid_wrong,0.00,100
2b,15,bbh_logical_deduction_five_objects,all,has_proof,10.00,100
2b,15,bbh_logical_deduction_five_objects,all,grammatical,1.00,100
2b,15,bbh_logical_deduction_five_objects,all,valid,0.00,100
2b,15,bbh_logical_deduction_five_objects,all,grounded,0.00,100
2b,15,bbh_logical_deduction_five_objects,all,correct,36.00,100
2b,15,bbh_logical_deduction_five_objects,all,valid_correct,0.00,100
2b,15,bbh_logical_deduction_five_objects,all,in_system,0.00,100
2b,15,bbh_logical_deduction_five_objects,all,valid_wrong,0.00,100
2b,15,bbh_logical_deduction_seven_objects,all,has_proof,2.00,100
2b,15,bbh_logical_deduction_seven_objects,all,grammatical,0.00,100
2b,15,bbh_logical_deduction_seven_objects,all,valid,0.00,100
2b,15,bbh_logical_deduction_seven_objects,all,grounded,0.00,100
2b,15,bbh_logical_deduction_seven_objects,all,correct,42.00,100
2b,15,bbh_logical_deduction_seven_objects,all,valid_correct,0.00,100
2b,15,bbh_logical_deduction_seven_objects,all,in_system,0.00,100
2b,15,bbh_logical_deduction_seven_objects,all,valid_wrong,0.00,100
2b,15,bbh_logical_deduction_three_objects,all,has_proof,0.00,100
2b,15,bbh_logical_deduction_three_objects,all,grammatical,0.00,100
2b,15,bbh_logical_deduction_three_objects,all,valid,0.00,100
2b,15,bbh_logical_deduction_three_objects,all,grounded,0.00,100
2b,15,bbh_logical_deduction_three_objects,all,correct,2.00,100
2b,15,bbh_logical_deduction_three_objects,all,valid_correct,0.00,100
2b,15,bbh_logical_deduction_three_objects,all,in_system,0.00,100
2b,15,bbh_logical_deduction_three_objects,all,valid_wrong,0.00,100
2b,15,bbh_movie_recommendation,all,has_proof,0.00,100
2b,15,bbh_movie_recommendation,all,grammatical,0.00,100
2b,15,bbh_movie_recommendation,all,valid,0.00,100
2b,15,bbh_movie_recommendation,all,grounded,0.00,100
2b,15,bbh_movie_recommendation,all,correct,0.00,100
2b,15,bbh_movie_recommendation,all,valid_correct,0.00,100
2b,15,bbh_movie_recommendation,all,in_system,0.00,100
2b,15,bbh_movie_recommendation,all,valid_wrong,0.00,100
2b,15,bbh_multistep_arithmetic_two,all,has_proof,100.00,100
2b,15,bbh_multistep_arithmetic_two,all,grammatical,2.00,100
2b,15,bbh_multistep_arithmetic_two,all,valid,0.00,100
2b,15,bbh_multistep_arithmetic_two,all,grounded,0.00,100
2b,15,bbh_multistep_arithmetic_two,all,correct,16.00,100
2b,15,bbh_multistep_arithmetic_two,all,valid_correct,0.00,100
2b,15,bbh_multistep_arithmetic_two,all,in_system,0.00,100
2b,15,bbh_multistep_arithmetic_two,all,valid_wrong,0.00,100
2b,15,bbh_multistep_arithmetic_two,answerable,has_proof,100.00,100
2b,15,bbh_multistep_arithmetic_two,answerable,grammatical,2.00,100
2b,15,bbh_multistep_arithmetic_two,answerable,valid,0.00,100
2b,15,bbh_multistep_arithmetic_two,answerable,grounded,0.00,100
2b,15,bbh_multistep_arithmetic_two,answerable,correct,16.00,100
2b,15,bbh_multistep_arithmetic_two,answerable,valid_correct,0.00,100
2b,15,bbh_multistep_arithmetic_two,answerable,in_system,0.00,100
2b,15,bbh_multistep_arithmetic_two,answerable,valid_wrong,0.00,100
2b,15,bbh_navigate,all,has_proof,100.00,100
2b,15,bbh_navigate,all,grammatical,8.00,100
2b,15,bbh_navigate,all,valid,0.00,100
2b,15,bbh_navigate,all,grounded,5.00,100
2b,15,bbh_navigate,all,correct,41.00,100
2b,15,bbh_navigate,all,valid_correct,0.00,100
2b,15,bbh_navigate,all,in_system,0.00,100
2b,15,bbh_navigate,all,valid_wrong,0.00,100
2b,15,bbh_navigate,answerable,has_proof,100.00,100
2b,15,bbh_navigate,answerable,grammatical,8.00,100
2b,15,bbh_navigate,answerable,valid,0.00,100
2b,15,bbh_navigate,answerable,grounded,5.00,100
2b,15,bbh_navigate,answerable,correct,41.00,100
2b,15,bbh_navigate,answerable,valid_correct,0.00,100
2b,15,bbh_navigate,answerable,in_system,0.00,100
2b,15,bbh_navigate,answerable,valid_wrong,0.00,100
2b,15,bbh_object_counting,all,has_proof,100.00,100
2b,15,bbh_object_counting,all,grammatical,4.00,100
2b,15,bbh_object_counting,all,valid,0.00,100
2b,15,bbh_object_counting,all,grounded,2.00,100
2b,15,bbh_object_counting,all,correct,36.00,100
2b,15,bbh_object_counting,all,valid_correct,0.00,100
2b,15,bbh_object_counting,all,in_system,0.00,100
2b,15,bbh_object_counting,all,valid_wrong,0.00,100
2b,15,bbh_object_counting,answerable,has_proof,100.00,100
2b,15,bbh_object_counting,answerable,grammatical,4.00,100
2b,15,bbh_object_counting,answerable,valid,0.00,100
2b,15,bbh_object_counting,answerable,grounded,2.00,100
2b,15,bbh_object_counting,answerable,correct,36.00,100
2b,15,bbh_object_counting,answerable,valid_correct,0.00,100
2b,15,bbh_object_counting,answerable,in_system,0.00,100
2b,15,bbh_object_counting,answerable,valid_wrong,0.00,100
2b,15,bbh_penguins_in_a_table,all,has_proof,0.00,100
2b,15,bbh_penguins_in_a_table,all,grammatical,0.00,100
2b,15,bbh_penguins_in_a_table,all,valid,0.00,100
2b,15,bbh_penguins_in_a_table,all,grounded,0.00,100
2b,15,bbh_penguins_in_a_table,all,correct,39.00,100
2b,15,bbh_penguins_in_a_table,all,valid_correct,0.00,100
2b,15,bbh_penguins_in_a_table,all,in_system,0.00,100
2b,15,bbh_penguins_in_a_table,all,valid_wrong,0.00,100
2b,15,bbh_reasoning_about_colored_objects,all,has_proof,0.00,100
2b,15,bbh_reasoning_about_colored_objects,all,grammatical,0.00,100
2b,15,bbh_reasoning_about_colored_objects,all,valid,0.00,100
2b,15,bbh_reasoning_about_colored_objects,all,grounded,0.00,100
2b,15,bbh_reasoning_about_colored_objects,all,correct,64.00,100
2b,15,bbh_reasoning_about_colored_objects,all,valid_correct,0.00,100
2b,15,bbh_reasoning_about_colored_objects,all,in_system,0.00,100
2b,15,bbh_reasoning_about_colored_objects,all,valid_wrong,0.00,100
2b,15,bbh_ruin_names,all,has_proof,0.00,100
2b,15,bbh_ruin_names,all,grammatical,0.00,100
2b,15,bbh_ruin_names,all,valid,0.00,100
2b,15,bbh_ruin_names,all,grounded,0.00,100
2b,15,bbh_ruin_names,all,correct,1.00,100
2b,15,bbh_ruin_names,all,valid_correct,0.00,100
2b,15,bbh_ruin_names,all,in_system,0.00,100
2b,15,bbh_ruin_names,all,valid_wrong,0.00,100
2b,15,bbh_salient_translation_error_detection,all,has_proof,0.00,100
2b,15,bbh_salient_translation_error_detection,all,grammatical,0.00,100
2b,15,bbh_salient_translation_error_detection,all,valid,0.00,100
2b,15,bbh_salient_translation_error_detection,all,grounded,0.00,100
2b,15,bbh_salient_translation_error_detection,all,correct,3.00,100
2b,15,bbh_salient_translation_error_detection,all,valid_correct,0.00,100
2b,15,bbh_salient_translation_error_detection,all,in_system,0.00,100
2b,15,bbh_salient_translation_error_detection,all,valid_wrong,0.00,100
2b,15,bbh_snarks,all,has_proof,0.00,100
2b,15,bbh_snarks,all,grammatical,0.00,100
2b,15,bbh_snarks,all,valid,0.00,100
2b,15,bbh_snarks,all,grounded,0.00,100
2b,15,bbh_snarks,all,correct,0.00,100
2b,15,bbh_snarks,all,valid_correct,0.00,100
2b,15,bbh_snarks,all,in_system,0.00,100
2b,15,bbh_snarks,all,valid_wrong,0.00,100
2b,15,bbh_sports_understanding,all,has_proof,100.00,100
2b,15,bbh_sports_understanding,all,grammatical,22.00,100
2b,15,bbh_sports_understanding,all,valid,6.00,100
2b,15,bbh_sports_understanding,all,grounded,12.00,100
2b,15,bbh_sports_understanding,all,correct,47.00,100
2b,15,bbh_sports_understanding,all,valid_correct,1.00,100
2b,15,bbh_sports_understanding,all,in_system,1.00,100
2b,15,bbh_sports_understanding,all,valid_wrong,5.00,100
2b,15,bbh_sports_understanding,answerable,has_proof,100.00,100
2b,15,bbh_sports_understanding,answerable,grammatical,22.00,100
2b,15,bbh_sports_understanding,answerable,valid,6.00,100
2b,15,bbh_sports_understanding,answerable,grounded,12.00,100
2b,15,bbh_sports_understanding,answerable,correct,47.00,100
2b,15,bbh_sports_understanding,answerable,valid_correct,1.00,100
2b,15,bbh_sports_understanding,answerable,in_system,1.00,100
2b,15,bbh_sports_understanding,answerable,valid_wrong,5.00,100
2b,15,bbh_temporal_sequences,all,has_proof,0.00,100
2b,15,bbh_temporal_sequences,all,grammatical,0.00,100
2b,15,bbh_temporal_sequences,all,valid,0.00,100
2b,15,bbh_temporal_sequences,all,grounded,0.00,100
2b,15,bbh_temporal_sequences,all,correct,18.00,100
2b,15,bbh_temporal_sequences,all,valid_correct,0.00,100
2b,15,bbh_temporal_sequences,all,in_system,0.00,100
2b,15,bbh_temporal_sequences,all,valid_wrong,0.00,100
2b,15,bbh_tracking_shuffled_objects_five_objects,all,has_proof,0.00,100
2b,15,bbh_tracking_shuffled_objects_five_objects,all,grammatical,0.00,100
2b,15,bbh_tracking_shuffled_objects_five_objects,all,valid,0.00,100
2b,15,bbh_tracking_shuffled_objects_five_objects,all,grounded,0.00,100
2b,15,bbh_tracking_shuffled_objects_five_objects,all,correct,67.00,100
2b,15,bbh_tracking_shuffled_objects_five_objects,all,valid_correct,0.00,100
2b,15,bbh_tracking_shuffled_objects_five_objects,all,in_system,0.00,100
2b,15,bbh_tracking_shuffled_objects_five_objects,all,valid_wrong,0.00,100
2b,15,bbh_tracking_shuffled_objects_seven_objects,all,has_proof,0.00,100
2b,15,bbh_tracking_shuffled_objects_seven_objects,all,grammatical,0.00,100
2b,15,bbh_tracking_shuffled_objects_seven_objects,all,valid,0.00,100
2b,15,bbh_tracking_shuffled_objects_seven_objects,all,grounded,0.00,100
2b,15,bbh_tracking_shuffled_objects_seven_objects,all,correct,58.00,100
2b,15,bbh_tracking_shuffled_objects_seven_objects,all,valid_correct,0.00,100
2b,15,bbh_tracking_shuffled_objects_seven_objects,all,in_system,0.00,100
2b,15,bbh_tracking_shuffled_objects_seven_objects,all,valid_wrong,0.00,100
2b,15,bbh_tracking_shuffled_objects_three_objects,all,has_proof,0.00,100
2b,15,bbh_tracking_shuffled_objects_three_objects,all,grammatical,0.00,100
2b,15,bbh_tracking_shuffled_objects_three_objects,all,valid,0.00,100
2b,15,bbh_tracking_shuffled_objects_three_objects,all,grounded,0.00,100
2b,15,bbh_tracking_shuffled_objects_three_objects,all,correct,55.00,100
2b,15,bbh_tracking_shuffled_objects_three_objects,all,valid_correct,0.00,100
2b,15,bbh_tracking_shuffled_objects_three_objects,all,in_system,0.00,100
2b,15,bbh_tracking_shuffled_objects_three_objects,all,valid_wrong,0.00,100
2b,15,bbh_web_of_lies,all,has_proof,100.00,100
2b,15,bbh_web_of_lies,all,grammatical,63.00,100
2b,15,bbh_web_of_lies,all,valid,5.00,100
2b,15,bbh_web_of_lies,all,grounded,56.00,100
2b,15,bbh_web_of_lies,all,correct,46.00,100
2b,15,bbh_web_of_lies,all,valid_correct,4.00,100
2b,15,bbh_web_of_lies,all,in_system,4.00,100
2b,15,bbh_web_of_lies,all,valid_wrong,1.00,100
2b,15,bbh_web_of_lies,answerable,has_proof,100.00,100
2b,15,bbh_web_of_lies,answerable,grammatical,63.00,100
2b,15,bbh_web_of_lies,answerable,valid,5.00,100
2b,15,bbh_web_of_lies,answerable,grounded,56.00,100
2b,15,bbh_web_of_lies,answerable,correct,46.00,100
2b,15,bbh_web_of_lies,answerable,valid_correct,4.00,100
2b,15,bbh_web_of_lies,answerable,in_system,4.00,100
2b,15,bbh_web_of_lies,answerable,valid_wrong,1.00,100
2b,15,bbh_word_sorting,all,has_proof,100.00,100
2b,15,bbh_word_sorting,all,grammatical,0.00,100
2b,15,bbh_word_sorting,all,valid,0.00,100
2b,15,bbh_word_sorting,all,grounded,0.00,100
2b,15,bbh_word_sorting,all,correct,10.00,100
2b,15,bbh_word_sorting,all,valid_correct,0.00,100
2b,15,bbh_word_sorting,all,in_system,0.00,100
2b,15,bbh_word_sorting,all,valid_wrong,0.00,100
2b,15,folio,all,has_proof,99.51,203
2b,15,folio,all,grammatical,34.98,203
2b,15,folio,all,valid,1.97,203
2b,15,folio,all,grounded,18.23,203
2b,15,folio,all,correct,40.89,203
2b,15,folio,all,valid_correct,0.99,203
2b,15,folio,all,in_system,0.99,203
2b,15,folio,all,valid_wrong,0.99,203
2b,15,folio,answerable,has_proof,100.00,134
2b,15,folio,answerable,grammatical,32.09,134
2b,15,folio,answerable,valid,1.49,134
2b,15,folio,answerable,grounded,16.42,134
2b,15,folio,answerable,correct,61.94,134
2b,15,folio,answerable,valid_correct,1.49,134
2b,15,folio,answerable,in_system,1.49,134
2b,15,folio,answerable,valid_wrong,0.00,134
2b,15,gpqa_diamond,all,has_proof,0.00,198
2b,15,gpqa_diamond,all,grammatical,0.00,198
2b,15,gpqa_diamond,all,valid,0.00,198
2b,15,gpqa_diamond,all,grounded,0.00,198
2b,15,gpqa_diamond,all,correct,31.31,198
2b,15,gpqa_diamond,all,valid_correct,0.00,198
2b,15,gpqa_diamond,all,in_system,0.00,198
2b,15,gpqa_diamond,all,valid_wrong,0.00,198
2b,15,gpqa_quant,all,has_proof,0.00,73
2b,15,gpqa_quant,all,grammatical,0.00,73
2b,15,gpqa_quant,all,valid,0.00,73
2b,15,gpqa_quant,all,grounded,0.00,73
2b,15,gpqa_quant,all,correct,34.25,73
2b,15,gpqa_quant,all,valid_correct,0.00,73
2b,15,gpqa_quant,all,in_system,0.00,73
2b,15,gpqa_quant,all,valid_wrong,0.00,73
2b,15,gpqa_rest,all,has_proof,0.00,125
2b,15,gpqa_rest,all,grammatical,0.00,125
2b,15,gpqa_rest,all,valid,0.00,125
2b,15,gpqa_rest,all,grounded,0.00,125
2b,15,gpqa_rest,all,correct,29.60,125
2b,15,gpqa_rest,all,valid_correct,0.00,125
2b,15,gpqa_rest,all,in_system,0.00,125
2b,15,gpqa_rest,all,valid_wrong,0.00,125
2b,15,gsm8k,all,has_proof,99.20,500
2b,15,gsm8k,all,grammatical,32.40,500
2b,15,gsm8k,all,valid,4.20,500
2b,15,gsm8k,all,grounded,21.60,500
2b,15,gsm8k,all,correct,37.20,500
2b,15,gsm8k,all,valid_correct,3.00,500
2b,15,gsm8k,all,in_system,3.00,500
2b,15,gsm8k,all,valid_wrong,1.20,500
2b,15,gsm8k,answerable,has_proof,99.20,500
2b,15,gsm8k,answerable,grammatical,32.40,500
2b,15,gsm8k,answerable,valid,4.20,500
2b,15,gsm8k,answerable,grounded,21.60,500
2b,15,gsm8k,answerable,correct,37.20,500
2b,15,gsm8k,answerable,valid_correct,3.00,500
2b,15,gsm8k,answerable,in_system,3.00,500
2b,15,gsm8k,answerable,valid_wrong,1.20,500
2b,15,hotpotqa,all,has_proof,0.00,200
2b,15,hotpotqa,all,grammatical,0.00,200
2b,15,hotpotqa,all,valid,0.00,200
2b,15,hotpotqa,all,grounded,0.00,200
2b,15,hotpotqa,all,correct,0.00,200
2b,15,hotpotqa,all,valid_correct,0.00,200
2b,15,hotpotqa,all,in_system,0.00,200
2b,15,hotpotqa,all,valid_wrong,0.00,200
2b,15,hotpotqa,all,f1,0.00,200
2b,15,logiqa,all,has_proof,1.08,651
2b,15,logiqa,all,grammatical,0.15,651
2b,15,logiqa,all,valid,0.00,651
2b,15,logiqa,all,grounded,0.00,651
2b,15,logiqa,all,correct,40.25,651
2b,15,logiqa,all,valid_correct,0.00,651
2b,15,logiqa,all,in_system,0.00,651
2b,15,logiqa,all,valid_wrong,0.00,651
2b,15,mmlu,all,has_proof,6.10,1000
2b,15,mmlu,all,grammatical,0.30,1000
2b,15,mmlu,all,valid,0.00,1000
2b,15,mmlu,all,grounded,0.10,1000
2b,15,mmlu,all,correct,28.20,1000
2b,15,mmlu,all,valid_correct,0.00,1000
2b,15,mmlu,all,in_system,0.00,1000
2b,15,mmlu,all,valid_wrong,0.00,1000
2b,15,musique,all,has_proof,0.00,200
2b,15,musique,all,grammatical,0.00,200
2b,15,musique,all,valid,0.00,200
2b,15,musique,all,grounded,0.00,200
2b,15,musique,all,correct,0.00,200
2b,15,musique,all,valid_correct,0.00,200
2b,15,musique,all,in_system,0.00,200
2b,15,musique,all,valid_wrong,0.00,200
2b,15,musique,all,f1,0.11,200
2b,15,pw_all,all,has_proof,100.00,2500
2b,15,pw_all,all,grammatical,51.36,2500
2b,15,pw_all,all,valid,11.72,2500
2b,15,pw_all,all,grounded,32.44,2500
2b,15,pw_all,all,correct,38.04,2500
2b,15,pw_all,all,valid_correct,9.68,2500
2b,15,pw_all,all,in_system,9.68,2500
2b,15,pw_all,all,valid_wrong,2.04,2500
2b,15,pw_all,answerable,has_proof,100.00,1753
2b,15,pw_all,answerable,grammatical,52.77,1753
2b,15,pw_all,answerable,valid,14.43,1753
2b,15,pw_all,answerable,grounded,34.63,1753
2b,15,pw_all,answerable,correct,54.25,1753
2b,15,pw_all,answerable,valid_correct,13.80,1753
2b,15,pw_all,answerable,in_system,13.80,1753
2b,15,pw_all,answerable,valid_wrong,0.63,1753
2b,15,pw_d0,all,has_proof,100.00,500
2b,15,pw_d0,all,grammatical,53.60,500
2b,15,pw_d0,all,valid,15.80,500
2b,15,pw_d0,all,grounded,34.20,500
2b,15,pw_d0,all,correct,31.20,500
2b,15,pw_d0,all,valid_correct,11.80,500
2b,15,pw_d0,all,in_system,11.80,500
2b,15,pw_d0,all,valid_wrong,4.00,500
2b,15,pw_d0,answerable,has_proof,100.00,226
2b,15,pw_d0,answerable,grammatical,61.95,226
2b,15,pw_d0,answerable,valid,27.88,226
2b,15,pw_d0,answerable,grounded,44.69,226
2b,15,pw_d0,answerable,correct,69.03,226
2b,15,pw_d0,answerable,valid_correct,26.11,226
2b,15,pw_d0,answerable,in_system,26.11,226
2b,15,pw_d0,answerable,valid_wrong,1.77,226
2b,15,pw_d1,all,has_proof,100.00,500
2b,15,pw_d1,all,grammatical,54.00,500
2b,15,pw_d1,all,valid,12.40,500
2b,15,pw_d1,all,grounded,34.80,500
2b,15,pw_d1,all,correct,30.20,500
2b,15,pw_d1,all,valid_correct,10.20,500
2b,15,pw_d1,all,in_system,10.20,500
2b,15,pw_d1,all,valid_wrong,2.20,500
2b,15,pw_d1,answerable,has_proof,100.00,255
2b,15,pw_d1,answerable,grammatical,61.18,255
2b,15,pw_d1,answerable,valid,20.78,255
2b,15,pw_d1,answerable,grounded,42.75,255
2b,15,pw_d1,answerable,correct,59.22,255
2b,15,pw_d1,answerable,valid_correct,20.00,255
2b,15,pw_d1,answerable,in_system,20.00,255
2b,15,pw_d1,answerable,valid_wrong,0.78,255
2b,15,pw_d2,all,has_proof,100.00,500
2b,15,pw_d2,all,grammatical,52.60,500
2b,15,pw_d2,all,valid,13.80,500
2b,15,pw_d2,all,grounded,35.20,500
2b,15,pw_d2,all,correct,42.60,500
2b,15,pw_d2,all,valid_correct,12.60,500
2b,15,pw_d2,all,in_system,12.60,500
2b,15,pw_d2,all,valid_wrong,1.20,500
2b,15,pw_d2,answerable,has_proof,100.00,382
2b,15,pw_d2,answerable,grammatical,54.97,382
2b,15,pw_d2,answerable,valid,16.49,382
2b,15,pw_d2,answerable,grounded,37.43,382
2b,15,pw_d2,answerable,correct,55.76,382
2b,15,pw_d2,answerable,valid_correct,16.49,382
2b,15,pw_d2,answerable,in_system,16.49,382
2b,15,pw_d2,answerable,valid_wrong,0.00,382
2b,15,pw_d3,all,has_proof,100.00,500
2b,15,pw_d3,all,grammatical,52.80,500
2b,15,pw_d3,all,valid,10.00,500
2b,15,pw_d3,all,grounded,33.20,500
2b,15,pw_d3,all,correct,41.80,500
2b,15,pw_d3,all,valid_correct,8.20,500
2b,15,pw_d3,all,in_system,8.20,500
2b,15,pw_d3,all,valid_wrong,1.80,500
2b,15,pw_d3,answerable,has_proof,100.00,413
2b,15,pw_d3,answerable,grammatical,51.33,413
2b,15,pw_d3,answerable,valid,10.17,413
2b,15,pw_d3,answerable,grounded,33.41,413
2b,15,pw_d3,answerable,correct,50.61,413
2b,15,pw_d3,answerable,valid_correct,9.93,413
2b,15,pw_d3,answerable,in_system,9.93,413
2b,15,pw_d3,answerable,valid_wrong,0.24,413
2b,15,pw_d5,all,has_proof,100.00,500
2b,15,pw_d5,all,grammatical,43.80,500
2b,15,pw_d5,all,valid,6.60,500
2b,15,pw_d5,all,grounded,24.80,500
2b,15,pw_d5,all,correct,44.40,500
2b,15,pw_d5,all,valid_correct,5.60,500
2b,15,pw_d5,all,in_system,5.60,500
2b,15,pw_d5,all,valid_wrong,1.00,500
2b,15,pw_d5,answerable,has_proof,100.00,477
2b,15,pw_d5,answerable,grammatical,43.40,477
2b,15,pw_d5,answerable,valid,6.71,477
2b,15,pw_d5,answerable,grounded,24.32,477
2b,15,pw_d5,answerable,correct,46.54,477
2b,15,pw_d5,answerable,valid_correct,5.87,477
2b,15,pw_d5,answerable,in_system,5.87,477
2b,15,pw_d5,answerable,valid_wrong,0.84,477
2b,20,overall,all,has_proof,44.48,9524
2b,20,overall,all,grammatical,18.81,9524
2b,20,overall,all,valid,3.51,9524
2b,20,overall,all,grounded,11.86,9524
2b,20,overall,all,correct,27.80,9524
2b,20,overall,all,valid_correct,2.86,9524
2b,20,overall,all,in_system,2.86,9524
2b,20,overall,all,valid_wrong,0.65,9524
2b,20,overall,all,f1,0.04,9524
2b,20,overall,answerable,has_proof,99.81,3187
2b,20,overall,answerable,grammatical,42.52,3187
2b,20,overall,answerable,valid,9.22,3187
2b,20,overall,answerable,grounded,27.67,3187
2b,20,overall,answerable,correct,48.23,3187
2b,20,overall,answerable,valid_correct,8.53,3187
2b,20,overall,answerable,in_system,8.53,3187
2b,20,overall,answerable,valid_wrong,0.69,3187
2b,20,bbh,all,has_proof,35.44,2700
2b,20,bbh,all,grammatical,6.70,2700
2b,20,bbh,all,valid,0.41,2700
2b,20,bbh,all,grounded,4.07,2700
2b,20,bbh,all,correct,23.48,2700
2b,20,bbh,all,valid_correct,0.22,2700
2b,20,bbh,all,in_system,0.22,2700
2b,20,bbh,all,valid_wrong,0.19,2700
2b,20,bbh,answerable,has_proof,100.00,800
2b,20,bbh,answerable,grammatical,21.88,800
2b,20,bbh,answerable,valid,1.38,800
2b,20,bbh,answerable,grounded,13.38,800
2b,20,bbh,answerable,correct,36.88,800
2b,20,bbh,answerable,valid_correct,0.75,800
2b,20,bbh,answerable,in_system,0.75,800
2b,20,bbh,answerable,valid_wrong,0.62,800
2b,20,deduction,all,has_proof,99.96,2703
2b,20,deduction,all,grammatical,52.94,2703
2b,20,deduction,all,valid,11.06,2703
2b,20,deduction,all,grounded,33.56,2703
2b,20,deduction,all,correct,39.66,2703
2b,20,deduction,all,valid_correct,9.10,2703
2b,20,deduction,all,in_system,9.10,2703
2b,20,deduction,all,valid_wrong,1.96,2703
2b,20,deduction,answerable,has_proof,100.00,1887
2b,20,deduction,answerable,grammatical,53.52,1887
2b,20,deduction,answerable,valid,13.73,1887
2b,20,deduction,answerable,grounded,35.29,1887
2b,20,deduction,answerable,correct,56.81,1887
2b,20,deduction,answerable,valid_correct,13.04,1887
2b,20,deduction,answerable,in_system,13.04,1887
2b,20,deduction,answerable,valid_wrong,0.69,1887
2b,20,gpqa,all,has_proof,0.51,198
2b,20,gpqa,all,grammatical,0.00,198
2b,20,gpqa,all,valid,0.00,198
2b,20,gpqa,all,grounded,0.00,198
2b,20,gpqa,all,correct,32.32,198
2b,20,gpqa,all,valid_correct,0.00,198
2b,20,gpqa,all,in_system,0.00,198
2b,20,gpqa,all,valid_wrong,0.00,198
2b,20,multihop,all,has_proof,0.00,600
2b,20,multihop,all,grammatical,0.00,600
2b,20,multihop,all,valid,0.00,600
2b,20,multihop,all,grounded,0.00,600
2b,20,multihop,all,correct,0.00,600
2b,20,multihop,all,valid_correct,0.00,600
2b,20,multihop,all,in_system,0.00,600
2b,20,multihop,all,valid_wrong,0.00,600
2b,20,multihop,all,f1,0.04,600
2b,20,standard,all,has_proof,17.33,3323
2b,20,standard,all,grammatical,5.39,3323
2b,20,standard,all,valid,0.72,3323
2b,20,standard,all,grounded,3.40,3323
2b,20,standard,all,correct,26.42,3323
2b,20,standard,all,valid_correct,0.60,3323
2b,20,standard,all,in_system,0.60,3323
2b,20,standard,all,valid_wrong,0.12,3323
2b,20,standard,answerable,has_proof,98.80,500
2b,20,standard,answerable,grammatical,34.00,500
2b,20,standard,answerable,valid,4.80,500
2b,20,standard,answerable,grounded,21.80,500
2b,20,standard,answerable,correct,34.00,500
2b,20,standard,answerable,valid_correct,4.00,500
2b,20,standard,answerable,in_system,4.00,500
2b,20,standard,answerable,valid_wrong,0.80,500
2b,20,2wikimqa,all,has_proof,0.00,200
2b,20,2wikimqa,all,grammatical,0.00,200
2b,20,2wikimqa,all,valid,0.00,200
2b,20,2wikimqa,all,grounded,0.00,200
2b,20,2wikimqa,all,correct,0.00,200
2b,20,2wikimqa,all,valid_correct,0.00,200
2b,20,2wikimqa,all,in_system,0.00,200
2b,20,2wikimqa,all,valid_wrong,0.00,200
2b,20,2wikimqa,all,f1,0.00,200
2b,20,arc_challenge,all,has_proof,1.96,1172
2b,20,arc_challenge,all,grammatical,0.34,1172
2b,20,arc_challenge,all,valid,0.00,1172
2b,20,arc_challenge,all,grounded,0.17,1172
2b,20,arc_challenge,all,correct,16.55,1172
2b,20,arc_challenge,all,valid_correct,0.00,1172
2b,20,arc_challenge,all,in_system,0.00,1172
2b,20,arc_challenge,all,valid_wrong,0.00,1172
2b,20,bbh_boolean_expressions,all,has_proof,100.00,100
2b,20,bbh_boolean_expressions,all,grammatical,25.00,100
2b,20,bbh_boolean_expressions,all,valid,0.00,100
2b,20,bbh_boolean_expressions,all,grounded,1.00,100
2b,20,bbh_boolean_expressions,all,correct,57.00,100
2b,20,bbh_boolean_expressions,all,valid_correct,0.00,100
2b,20,bbh_boolean_expressions,all,in_system,0.00,100
2b,20,bbh_boolean_expressions,all,valid_wrong,0.00,100
2b,20,bbh_boolean_expressions,answerable,has_proof,100.00,100
2b,20,bbh_boolean_expressions,answerable,grammatical,25.00,100
2b,20,bbh_boolean_expressions,answerable,valid,0.00,100
2b,20,bbh_boolean_expressions,answerable,grounded,1.00,100
2b,20,bbh_boolean_expressions,answerable,correct,57.00,100
2b,20,bbh_boolean_expressions,answerable,valid_correct,0.00,100
2b,20,bbh_boolean_expressions,answerable,in_system,0.00,100
2b,20,bbh_boolean_expressions,answerable,valid_wrong,0.00,100
2b,20,bbh_causal_judgement,all,has_proof,100.00,100
2b,20,bbh_causal_judgement,all,grammatical,20.00,100
2b,20,bbh_causal_judgement,all,valid,1.00,100
2b,20,bbh_causal_judgement,all,grounded,9.00,100
2b,20,bbh_causal_judgement,all,correct,38.00,100
2b,20,bbh_causal_judgement,all,valid_correct,1.00,100
2b,20,bbh_causal_judgement,all,in_system,1.00,100
2b,20,bbh_causal_judgement,all,valid_wrong,0.00,100
2b,20,bbh_causal_judgement,answerable,has_proof,100.00,100
2b,20,bbh_causal_judgement,answerable,grammatical,20.00,100
2b,20,bbh_causal_judgement,answerable,valid,1.00,100
2b,20,bbh_causal_judgement,answerable,grounded,9.00,100
2b,20,bbh_causal_judgement,answerable,correct,38.00,100
2b,20,bbh_causal_judgement,answerable,valid_correct,1.00,100
2b,20,bbh_causal_judgement,answerable,in_system,1.00,100
2b,20,bbh_causal_judgement,answerable,valid_wrong,0.00,100
2b,20,bbh_date_understanding,all,has_proof,1.00,100
2b,20,bbh_date_understanding,all,grammatical,0.00,100
2b,20,bbh_date_understanding,all,valid,0.00,100
2b,20,bbh_date_understanding,all,grounded,0.00,100
2b,20,bbh_date_understanding,all,correct,26.00,100
2b,20,bbh_date_understanding,all,valid_correct,0.00,100
2b,20,bbh_date_understanding,all,in_system,0.00,100
2b,20,bbh_date_understanding,all,valid_wrong,0.00,100
2b,20,bbh_disambiguation_qa,all,has_proof,0.00,100
2b,20,bbh_disambiguation_qa,all,grammatical,0.00,100
2b,20,bbh_disambiguation_qa,all,valid,0.00,100
2b,20,bbh_disambiguation_qa,all,grounded,0.00,100
2b,20,bbh_disambiguation_qa,all,correct,0.00,100
2b,20,bbh_disambiguation_qa,all,valid_correct,0.00,100
2b,20,bbh_disambiguation_qa,all,in_system,0.00,100
2b,20,bbh_disambiguation_qa,all,valid_wrong,0.00,100
2b,20,bbh_dyck_languages,all,has_proof,25.00,100
2b,20,bbh_dyck_languages,all,grammatical,0.00,100
2b,20,bbh_dyck_languages,all,valid,0.00,100
2b,20,bbh_dyck_languages,all,grounded,0.00,100
2b,20,bbh_dyck_languages,all,correct,3.00,100
2b,20,bbh_dyck_languages,all,valid_correct,0.00,100
2b,20,bbh_dyck_languages,all,in_system,0.00,100
2b,20,bbh_dyck_languages,all,valid_wrong,0.00,100
2b,20,bbh_formal_fallacies,all,has_proof,100.00,100
2b,20,bbh_formal_fallacies,all,grammatical,28.00,100
2b,20,bbh_formal_fallacies,all,valid,1.00,100
2b,20,bbh_formal_fallacies,all,grounded,20.00,100
2b,20,bbh_formal_fallacies,all,correct,30.00,100
2b,20,bbh_formal_fallacies,all,valid_correct,0.00,100
2b,20,bbh_formal_fallacies,all,in_system,0.00,100
2b,20,bbh_formal_fallacies,all,valid_wrong,1.00,100
2b,20,bbh_formal_fallacies,answerable,has_proof,100.00,100
2b,20,bbh_formal_fallacies,answerable,grammatical,28.00,100
2b,20,bbh_formal_fallacies,answerable,valid,1.00,100
2b,20,bbh_formal_fallacies,answerable,grounded,20.00,100
2b,20,bbh_formal_fallacies,answerable,correct,30.00,100
2b,20,bbh_formal_fallacies,answerable,valid_correct,0.00,100
2b,20,bbh_formal_fallacies,answerable,in_system,0.00,100
2b,20,bbh_formal_fallacies,answerable,valid_wrong,1.00,100
2b,20,bbh_geometric_shapes,all,has_proof,0.00,100
2b,20,bbh_geometric_shapes,all,grammatical,0.00,100
2b,20,bbh_geometric_shapes,all,valid,0.00,100
2b,20,bbh_geometric_shapes,all,grounded,0.00,100
2b,20,bbh_geometric_shapes,all,correct,25.00,100
2b,20,bbh_geometric_shapes,all,valid_correct,0.00,100
2b,20,bbh_geometric_shapes,all,in_system,0.00,100
2b,20,bbh_geometric_shapes,all,valid_wrong,0.00,100
2b,20,bbh_hyperbaton,all,has_proof,0.00,100
2b,20,bbh_hyperbaton,all,grammatical,0.00,100
2b,20,bbh_hyperbaton,all,valid,0.00,100
2b,20,bbh_hyperbaton,all,grounded,0.00,100
2b,20,bbh_hyperbaton,all,correct,0.00,100
2b,20,bbh_hyperbaton,all,valid_correct,0.00,100
2b,20,bbh_hyperbaton,all,in_system,0.00,100
2b,20,bbh_hyperbaton,all,valid_wrong,0.00,100
2b,20,bbh_logical_deduction_five_objects,all,has_proof,13.00,100
2b,20,bbh_logical_deduction_five_objects,all,grammatical,3.00,100
2b,20,bbh_logical_deduction_five_objects,all,valid,0.00,100
2b,20,bbh_logical_deduction_five_objects,all,grounded,2.00,100
2b,20,bbh_logical_deduction_five_objects,all,correct,18.00,100
2b,20,bbh_logical_deduction_five_objects,all,valid_correct,0.00,100
2b,20,bbh_logical_deduction_five_objects,all,in_system,0.00,100
2b,20,bbh_logical_deduction_five_objects,all,valid_wrong,0.00,100
2b,20,bbh_logical_deduction_seven_objects,all,has_proof,18.00,100
2b,20,bbh_logical_deduction_seven_objects,all,grammatical,2.00,100
2b,20,bbh_logical_deduction_seven_objects,all,valid,0.00,100
2b,20,bbh_logical_deduction_seven_objects,all,grounded,1.00,100
2b,20,bbh_logical_deduction_seven_objects,all,correct,32.00,100
2b,20,bbh_logical_deduction_seven_objects,all,valid_correct,0.00,100
2b,20,bbh_logical_deduction_seven_objects,all,in_system,0.00,100
2b,20,bbh_logical_deduction_seven_objects,all,valid_wrong,0.00,100
2b,20,bbh_logical_deduction_three_objects,all,has_proof,0.00,100
2b,20,bbh_logical_deduction_three_objects,all,grammatical,0.00,100
2b,20,bbh_logical_deduction_three_objects,all,valid,0.00,100
2b,20,bbh_logical_deduction_three_objects,all,grounded,0.00,100
2b,20,bbh_logical_deduction_three_objects,all,correct,0.00,100
2b,20,bbh_logical_deduction_three_objects,all,valid_correct,0.00,100
2b,20,bbh_logical_deduction_three_objects,all,in_system,0.00,100
2b,20,bbh_logical_deduction_three_objects,all,valid_wrong,0.00,100
2b,20,bbh_movie_recommendation,all,has_proof,0.00,100
2b,20,bbh_movie_recommendation,all,grammatical,0.00,100
2b,20,bbh_movie_recommendation,all,valid,0.00,100
2b,20,bbh_movie_recommendation,all,grounded,0.00,100
2b,20,bbh_movie_recommendation,all,correct,0.00,100
2b,20,bbh_movie_recommendation,all,valid_correct,0.00,100
2b,20,bbh_movie_recommendation,all,in_system,0.00,100
2b,20,bbh_movie_recommendation,all,valid_wrong,0.00,100
2b,20,bbh_multistep_arithmetic_two,all,has_proof,100.00,100
2b,20,bbh_multistep_arithmetic_two,all,grammatical,1.00,100
2b,20,bbh_multistep_arithmetic_two,all,valid,0.00,100
2b,20,bbh_multistep_arithmetic_two,all,grounded,0.00,100
2b,20,bbh_multistep_arithmetic_two,all,correct,12.00,100
2b,20,bbh_multistep_arithmetic_two,all,valid_correct,0.00,100
2b,20,bbh_multistep_arithmetic_two,all,in_system,0.00,100
2b,20,bbh_multistep_arithmetic_two,all,valid_wrong,0.00,100
2b,20,bbh_multistep_arithmetic_two,answerable,has_proof,100.00,100
2b,20,bbh_multistep_arithmetic_two,answerable,grammatical,1.00,100
2b,20,bbh_multistep_arithmetic_two,answerable,valid,0.00,100
2b,20,bbh_multistep_arithmetic_two,answerable,grounded,0.00,100
2b,20,bbh_multistep_arithmetic_two,answerable,correct,12.00,100
2b,20,bbh_multistep_arithmetic_two,answerable,valid_correct,0.00,100
2b,20,bbh_multistep_arithmetic_two,answerable,in_system,0.00,100
2b,20,bbh_multistep_arithmetic_two,answerable,valid_wrong,0.00,100
2b,20,bbh_navigate,all,has_proof,100.00,100
2b,20,bbh_navigate,all,grammatical,10.00,100
2b,20,bbh_navigate,all,valid,1.00,100
2b,20,bbh_navigate,all,grounded,7.00,100
2b,20,bbh_navigate,all,correct,33.00,100
2b,20,bbh_navigate,all,valid_correct,0.00,100
2b,20,bbh_navigate,all,in_system,0.00,100
2b,20,bbh_navigate,all,valid_wrong,1.00,100
2b,20,bbh_navigate,answerable,has_proof,100.00,100
2b,20,bbh_navigate,answerable,grammatical,10.00,100
2b,20,bbh_navigate,answerable,valid,1.00,100
2b,20,bbh_navigate,answerable,grounded,7.00,100
2b,20,bbh_navigate,answerable,correct,33.00,100
2b,20,bbh_navigate,answerable,valid_correct,0.00,100
2b,20,bbh_navigate,answerable,in_system,0.00,100
2b,20,bbh_navigate,answerable,valid_wrong,1.00,100
2b,20,bbh_object_counting,all,has_proof,100.00,100
2b,20,bbh_object_counting,all,grammatical,11.00,100
2b,20,bbh_object_counting,all,valid,0.00,100
2b,20,bbh_object_counting,all,grounded,3.00,100
2b,20,bbh_object_counting,all,correct,34.00,100
2b,20,bbh_object_counting,all,valid_correct,0.00,100
2b,20,bbh_object_counting,all,in_system,0.00,100
2b,20,bbh_object_counting,all,valid_wrong,0.00,100
2b,20,bbh_object_counting,answerable,has_proof,100.00,100
2b,20,bbh_object_counting,answerable,grammatical,11.00,100
2b,20,bbh_object_counting,answerable,valid,0.00,100
2b,20,bbh_object_counting,answerable,grounded,3.00,100
2b,20,bbh_object_counting,answerable,correct,34.00,100
2b,20,bbh_object_counting,answerable,valid_correct,0.00,100
2b,20,bbh_object_counting,answerable,in_system,0.00,100
2b,20,bbh_object_counting,answerable,valid_wrong,0.00,100
2b,20,bbh_penguins_in_a_table,all,has_proof,0.00,100
2b,20,bbh_penguins_in_a_table,all,grammatical,0.00,100
2b,20,bbh_penguins_in_a_table,all,valid,0.00,100
2b,20,bbh_penguins_in_a_table,all,grounded,0.00,100
2b,20,bbh_penguins_in_a_table,all,correct,32.00,100
2b,20,bbh_penguins_in_a_table,all,valid_correct,0.00,100
2b,20,bbh_penguins_in_a_table,all,in_system,0.00,100
2b,20,bbh_penguins_in_a_table,all,valid_wrong,0.00,100
2b,20,bbh_reasoning_about_colored_objects,all,has_proof,0.00,100
2b,20,bbh_reasoning_about_colored_objects,all,grammatical,0.00,100
2b,20,bbh_reasoning_about_colored_objects,all,valid,0.00,100
2b,20,bbh_reasoning_about_colored_objects,all,grounded,0.00,100
2b,20,bbh_reasoning_about_colored_objects,all,correct,57.00,100
2b,20,bbh_reasoning_about_colored_objects,all,valid_correct,0.00,100
2b,20,bbh_reasoning_about_colored_objects,all,in_system,0.00,100
2b,20,bbh_reasoning_about_colored_objects,all,valid_wrong,0.00,100
2b,20,bbh_ruin_names,all,has_proof,0.00,100
2b,20,bbh_ruin_names,all,grammatical,0.00,100
2b,20,bbh_ruin_names,all,valid,0.00,100
2b,20,bbh_ruin_names,all,grounded,0.00,100
2b,20,bbh_ruin_names,all,correct,0.00,100
2b,20,bbh_ruin_names,all,valid_correct,0.00,100
2b,20,bbh_ruin_names,all,in_system,0.00,100
2b,20,bbh_ruin_names,all,valid_wrong,0.00,100
2b,20,bbh_salient_translation_error_detection,all,has_proof,0.00,100
2b,20,bbh_salient_translation_error_detection,all,grammatical,0.00,100
2b,20,bbh_salient_translation_error_detection,all,valid,0.00,100
2b,20,bbh_salient_translation_error_detection,all,grounded,0.00,100
2b,20,bbh_salient_translation_error_detection,all,correct,1.00,100
2b,20,bbh_salient_translation_error_detection,all,valid_correct,0.00,100
2b,20,bbh_salient_translation_error_detection,all,in_system,0.00,100
2b,20,bbh_salient_translation_error_detection,all,valid_wrong,0.00,100
2b,20,bbh_snarks,all,has_proof,0.00,100
2b,20,bbh_snarks,all,grammatical,0.00,100
2b,20,bbh_snarks,all,valid,0.00,100
2b,20,bbh_snarks,all,grounded,0.00,100
2b,20,bbh_snarks,all,correct,0.00,100
2b,20,bbh_snarks,all,valid_correct,0.00,100
2b,20,bbh_snarks,all,in_system,0.00,100
2b,20,bbh_snarks,all,valid_wrong,0.00,100
2b,20,bbh_sports_understanding,all,has_proof,100.00,100
2b,20,bbh_sports_understanding,all,grammatical,18.00,100
2b,20,bbh_sports_understanding,all,valid,3.00,100
2b,20,bbh_sports_understanding,all,grounded,10.00,100
2b,20,bbh_sports_understanding,all,correct,41.00,100
2b,20,bbh_sports_understanding,all,valid_correct,1.00,100
2b,20,bbh_sports_understanding,all,in_system,1.00,100
2b,20,bbh_sports_understanding,all,valid_wrong,2.00,100
2b,20,bbh_sports_understanding,answerable,has_proof,100.00,100
2b,20,bbh_sports_understanding,answerable,grammatical,18.00,100
2b,20,bbh_sports_understanding,answerable,valid,3.00,100
2b,20,bbh_sports_understanding,answerable,grounded,10.00,100
2b,20,bbh_sports_understanding,answerable,correct,41.00,100
2b,20,bbh_sports_understanding,answerable,valid_correct,1.00,100
2b,20,bbh_sports_understanding,answerable,in_system,1.00,100
2b,20,bbh_sports_understanding,answerable,valid_wrong,2.00,100
2b,20,bbh_temporal_sequences,all,has_proof,0.00,100
2b,20,bbh_temporal_sequences,all,grammatical,0.00,100
2b,20,bbh_temporal_sequences,all,valid,0.00,100
2b,20,bbh_temporal_sequences,all,grounded,0.00,100
2b,20,bbh_temporal_sequences,all,correct,10.00,100
2b,20,bbh_temporal_sequences,all,valid_correct,0.00,100
2b,20,bbh_temporal_sequences,all,in_system,0.00,100
2b,20,bbh_temporal_sequences,all,valid_wrong,0.00,100
2b,20,bbh_tracking_shuffled_objects_five_objects,all,has_proof,0.00,100
2b,20,bbh_tracking_shuffled_objects_five_objects,all,grammatical,0.00,100
2b,20,bbh_tracking_shuffled_objects_five_objects,all,valid,0.00,100
2b,20,bbh_tracking_shuffled_objects_five_objects,all,grounded,0.00,100
2b,20,bbh_tracking_shuffled_objects_five_objects,all,correct,62.00,100
2b,20,bbh_tracking_shuffled_objects_five_objects,all,valid_correct,0.00,100
2b,20,bbh_tracking_shuffled_objects_five_objects,all,in_system,0.00,100
2b,20,bbh_tracking_shuffled_objects_five_objects,all,valid_wrong,0.00,100
2b,20,bbh_tracking_shuffled_objects_seven_objects,all,has_proof,0.00,100
2b,20,bbh_tracking_shuffled_objects_seven_objects,all,grammatical,0.00,100
2b,20,bbh_tracking_shuffled_objects_seven_objects,all,valid,0.00,100
2b,20,bbh_tracking_shuffled_objects_seven_objects,all,grounded,0.00,100
2b,20,bbh_tracking_shuffled_objects_seven_objects,all,correct,56.00,100
2b,20,bbh_tracking_shuffled_objects_seven_objects,all,valid_correct,0.00,100
2b,20,bbh_tracking_shuffled_objects_seven_objects,all,in_system,0.00,100
2b,20,bbh_tracking_shuffled_objects_seven_objects,all,valid_wrong,0.00,100
2b,20,bbh_tracking_shuffled_objects_three_objects,all,has_proof,0.00,100
2b,20,bbh_tracking_shuffled_objects_three_objects,all,grammatical,0.00,100
2b,20,bbh_tracking_shuffled_objects_three_objects,all,valid,0.00,100
2b,20,bbh_tracking_shuffled_objects_three_objects,all,grounded,0.00,100
2b,20,bbh_tracking_shuffled_objects_three_objects,all,correct,1.00,100
2b,20,bbh_tracking_shuffled_objects_three_objects,all,valid_correct,0.00,100
2b,20,bbh_tracking_shuffled_objects_three_objects,all,in_system,0.00,100
2b,20,bbh_tracking_shuffled_objects_three_objects,all,valid_wrong,0.00,100
2b,20,bbh_web_of_lies,all,has_proof,100.00,100
2b,20,bbh_web_of_lies,all,grammatical,62.00,100
2b,20,bbh_web_of_lies,all,valid,5.00,100
2b,20,bbh_web_of_lies,all,grounded,57.00,100
2b,20,bbh_web_of_lies,all,correct,50.00,100
2b,20,bbh_web_of_lies,all,valid_correct,4.00,100
2b,20,bbh_web_of_lies,all,in_system,4.00,100
2b,20,bbh_web_of_lies,all,valid_wrong,1.00,100
2b,20,bbh_web_of_lies,answerable,has_proof,100.00,100
2b,20,bbh_web_of_lies,answerable,grammatical,62.00,100
2b,20,bbh_web_of_lies,answerable,valid,5.00,100
2b,20,bbh_web_of_lies,answerable,grounded,57.00,100
2b,20,bbh_web_of_lies,answerable,correct,50.00,100
2b,20,bbh_web_of_lies,answerable,valid_correct,4.00,100
2b,20,bbh_web_of_lies,answerable,in_system,4.00,100
2b,20,bbh_web_of_lies,answerable,valid_wrong,1.00,100
2b,20,bbh_word_sorting,all,has_proof,100.00,100
2b,20,bbh_word_sorting,all,grammatical,1.00,100
2b,20,bbh_word_sorting,all,valid,0.00,100
2b,20,bbh_word_sorting,all,grounded,0.00,100
2b,20,bbh_word_sorting,all,correct,16.00,100
2b,20,bbh_word_sorting,all,valid_correct,0.00,100
2b,20,bbh_word_sorting,all,in_system,0.00,100
2b,20,bbh_word_sorting,all,valid_wrong,0.00,100
2b,20,folio,all,has_proof,99.51,203
2b,20,folio,all,grammatical,34.48,203
2b,20,folio,all,valid,1.97,203
2b,20,folio,all,grounded,20.69,203
2b,20,folio,all,correct,45.81,203
2b,20,folio,all,valid_correct,1.48,203
2b,20,folio,all,in_system,1.48,203
2b,20,folio,all,valid_wrong,0.49,203
2b,20,folio,answerable,has_proof,100.00,134
2b,20,folio,answerable,grammatical,32.09,134
2b,20,folio,answerable,valid,2.24,134
2b,20,folio,answerable,grounded,19.40,134
2b,20,folio,answerable,correct,69.40,134
2b,20,folio,answerable,valid_correct,2.24,134
2b,20,folio,answerable,in_system,2.24,134
2b,20,folio,answerable,valid_wrong,0.00,134
2b,20,gpqa_diamond,all,has_proof,0.51,198
2b,20,gpqa_diamond,all,grammatical,0.00,198
2b,20,gpqa_diamond,all,valid,0.00,198
2b,20,gpqa_diamond,all,grounded,0.00,198
2b,20,gpqa_diamond,all,correct,32.32,198
2b,20,gpqa_diamond,all,valid_correct,0.00,198
2b,20,gpqa_diamond,all,in_system,0.00,198
2b,20,gpqa_diamond,all,valid_wrong,0.00,198
2b,20,gpqa_quant,all,has_proof,0.00,73
2b,20,gpqa_quant,all,grammatical,0.00,73
2b,20,gpqa_quant,all,valid,0.00,73
2b,20,gpqa_quant,all,grounded,0.00,73
2b,20,gpqa_quant,all,correct,32.88,73
2b,20,gpqa_quant,all,valid_correct,0.00,73
2b,20,gpqa_quant,all,in_system,0.00,73
2b,20,gpqa_quant,all,valid_wrong,0.00,73
2b,20,gpqa_rest,all,has_proof,0.80,125
2b,20,gpqa_rest,all,grammatical,0.00,125
2b,20,gpqa_rest,all,valid,0.00,125
2b,20,gpqa_rest,all,grounded,0.00,125
2b,20,gpqa_rest,all,correct,32.00,125
2b,20,gpqa_rest,all,valid_correct,0.00,125
2b,20,gpqa_rest,all,in_system,0.00,125
2b,20,gpqa_rest,all,valid_wrong,0.00,125
2b,20,gsm8k,all,has_proof,98.80,500
2b,20,gsm8k,all,grammatical,34.00,500
2b,20,gsm8k,all,valid,4.80,500
2b,20,gsm8k,all,grounded,21.80,500
2b,20,gsm8k,all,correct,34.00,500
2b,20,gsm8k,all,valid_correct,4.00,500
2b,20,gsm8k,all,in_system,4.00,500
2b,20,gsm8k,all,valid_wrong,0.80,500
2b,20,gsm8k,answerable,has_proof,98.80,500
2b,20,gsm8k,answerable,grammatical,34.00,500
2b,20,gsm8k,answerable,valid,4.80,500
2b,20,gsm8k,answerable,grounded,21.80,500
2b,20,gsm8k,answerable,correct,34.00,500
2b,20,gsm8k,answerable,valid_correct,4.00,500
2b,20,gsm8k,answerable,in_system,4.00,500
2b,20,gsm8k,answerable,valid_wrong,0.80,500
2b,20,hotpotqa,all,has_proof,0.00,200
2b,20,hotpotqa,all,grammatical,0.00,200
2b,20,hotpotqa,all,valid,0.00,200
2b,20,hotpotqa,all,grounded,0.00,200
2b,20,hotpotqa,all,correct,0.00,200
2b,20,hotpotqa,all,valid_correct,0.00,200
2b,20,hotpotqa,all,in_system,0.00,200
2b,20,hotpotqa,all,valid_wrong,0.00,200
2b,20,hotpotqa,all,f1,0.00,200
2b,20,logiqa,all,has_proof,0.61,651
2b,20,logiqa,all,grammatical,0.00,651
2b,20,logiqa,all,valid,0.00,651
2b,20,logiqa,all,grounded,0.00,651
2b,20,logiqa,all,correct,38.71,651
2b,20,logiqa,all,valid_correct,0.00,651
2b,20,logiqa,all,in_system,0.00,651
2b,20,logiqa,all,valid_wrong,0.00,651
2b,20,mmlu,all,has_proof,5.50,1000
2b,20,mmlu,all,grammatical,0.50,1000
2b,20,mmlu,all,valid,0.00,1000
2b,20,mmlu,all,grounded,0.20,1000
2b,20,mmlu,all,correct,26.20,1000
2b,20,mmlu,all,valid_correct,0.00,1000
2b,20,mmlu,all,in_system,0.00,1000
2b,20,mmlu,all,valid_wrong,0.00,1000
2b,20,musique,all,has_proof,0.00,200
2b,20,musique,all,grammatical,0.00,200
2b,20,musique,all,valid,0.00,200
2b,20,musique,all,grounded,0.00,200
2b,20,musique,all,correct,0.00,200
2b,20,musique,all,valid_correct,0.00,200
2b,20,musique,all,in_system,0.00,200
2b,20,musique,all,valid_wrong,0.00,200
2b,20,musique,all,f1,0.11,200
2b,20,pw_all,all,has_proof,100.00,2500
2b,20,pw_all,all,grammatical,54.44,2500
2b,20,pw_all,all,valid,11.80,2500
2b,20,pw_all,all,grounded,34.60,2500
2b,20,pw_all,all,correct,39.16,2500
2b,20,pw_all,all,valid_correct,9.72,2500
2b,20,pw_all,all,in_system,9.72,2500
2b,20,pw_all,all,valid_wrong,2.08,2500
2b,20,pw_all,answerable,has_proof,100.00,1753
2b,20,pw_all,answerable,grammatical,55.16,1753
2b,20,pw_all,answerable,valid,14.60,1753
2b,20,pw_all,answerable,grounded,36.51,1753
2b,20,pw_all,answerable,correct,55.85,1753
2b,20,pw_all,answerable,valid_correct,13.86,1753
2b,20,pw_all,answerable,in_system,13.86,1753
2b,20,pw_all,answerable,valid_wrong,0.74,1753
2b,20,pw_d0,all,has_proof,100.00,500
2b,20,pw_d0,all,grammatical,58.80,500
2b,20,pw_d0,all,valid,15.60,500
2b,20,pw_d0,all,grounded,37.00,500
2b,20,pw_d0,all,correct,30.80,500
2b,20,pw_d0,all,valid_correct,13.00,500
2b,20,pw_d0,all,in_system,13.00,500
2b,20,pw_d0,all,valid_wrong,2.60,500
2b,20,pw_d0,answerable,has_proof,100.00,226
2b,20,pw_d0,answerable,grammatical,65.93,226
2b,20,pw_d0,answerable,valid,30.09,226
2b,20,pw_d0,answerable,grounded,46.02,226
2b,20,pw_d0,answerable,correct,68.14,226
2b,20,pw_d0,answerable,valid_correct,28.76,226
2b,20,pw_d0,answerable,in_system,28.76,226
2b,20,pw_d0,answerable,valid_wrong,1.33,226
2b,20,pw_d1,all,has_proof,100.00,500
2b,20,pw_d1,all,grammatical,57.20,500
2b,20,pw_d1,all,valid,14.40,500
2b,20,pw_d1,all,grounded,37.60,500
2b,20,pw_d1,all,correct,31.60,500
2b,20,pw_d1,all,valid_correct,11.40,500
2b,20,pw_d1,all,in_system,11.40,500
2b,20,pw_d1,all,valid_wrong,3.00,500
2b,20,pw_d1,answerable,has_proof,100.00,255
2b,20,pw_d1,answerable,grammatical,61.96,255
2b,20,pw_d1,answerable,valid,23.53,255
2b,20,pw_d1,answerable,grounded,46.67,255
2b,20,pw_d1,answerable,correct,61.96,255
2b,20,pw_d1,answerable,valid_correct,22.35,255
2b,20,pw_d1,answerable,in_system,22.35,255
2b,20,pw_d1,answerable,valid_wrong,1.18,255
2b,20,pw_d2,all,has_proof,100.00,500
2b,20,pw_d2,all,grammatical,55.80,500
2b,20,pw_d2,all,valid,12.40,500
2b,20,pw_d2,all,grounded,37.60,500
2b,20,pw_d2,all,correct,43.40,500
2b,20,pw_d2,all,valid_correct,10.80,500
2b,20,pw_d2,all,in_system,10.80,500
2b,20,pw_d2,all,valid_wrong,1.60,500
2b,20,pw_d2,answerable,has_proof,100.00,382
2b,20,pw_d2,answerable,grammatical,57.59,382
2b,20,pw_d2,answerable,valid,14.92,382
2b,20,pw_d2,answerable,grounded,40.31,382
2b,20,pw_d2,answerable,correct,56.81,382
2b,20,pw_d2,answerable,valid_correct,14.14,382
2b,20,pw_d2,answerable,in_system,14.14,382
2b,20,pw_d2,answerable,valid_wrong,0.79,382
2b,20,pw_d3,all,has_proof,100.00,500
2b,20,pw_d3,all,grammatical,53.00,500
2b,20,pw_d3,all,valid,10.20,500
2b,20,pw_d3,all,grounded,34.80,500
2b,20,pw_d3,all,correct,45.20,500
2b,20,pw_d3,all,valid_correct,8.00,500
2b,20,pw_d3,all,in_system,8.00,500
2b,20,pw_d3,all,valid_wrong,2.20,500
2b,20,pw_d3,answerable,has_proof,100.00,413
2b,20,pw_d3,answerable,grammatical,52.78,413
2b,20,pw_d3,answerable,valid,9.93,413
2b,20,pw_d3,answerable,grounded,34.87,413
2b,20,pw_d3,answerable,correct,54.72,413
2b,20,pw_d3,answerable,valid_correct,9.69,413
2b,20,pw_d3,answerable,in_system,9.69,413
2b,20,pw_d3,answerable,valid_wrong,0.24,413
2b,20,pw_d5,all,has_proof,100.00,500
2b,20,pw_d5,all,grammatical,47.40,500
2b,20,pw_d5,all,valid,6.40,500
2b,20,pw_d5,all,grounded,26.00,500
2b,20,pw_d5,all,correct,44.80,500
2b,20,pw_d5,all,valid_correct,5.40,500
2b,20,pw_d5,all,in_system,5.40,500
2b,20,pw_d5,all,valid_wrong,1.00,500
2b,20,pw_d5,answerable,has_proof,100.00,477
2b,20,pw_d5,answerable,grammatical,46.54,477
2b,20,pw_d5,answerable,valid,6.29,477
2b,20,pw_d5,answerable,grounded,24.95,477
2b,20,pw_d5,answerable,correct,46.96,477
2b,20,pw_d5,answerable,valid_correct,5.66,477
2b,20,pw_d5,answerable,in_system,5.66,477
2b,20,pw_d5,answerable,valid_wrong,0.63,477
2b,25,overall,all,has_proof,44.16,9524
2b,25,overall,all,grammatical,19.40,9524
2b,25,overall,all,valid,3.52,9524
2b,25,overall,all,grounded,12.25,9524
2b,25,overall,all,correct,29.98,9524
2b,25,overall,all,valid_correct,2.81,9524
2b,25,overall,all,in_system,2.81,9524
2b,25,overall,all,valid_wrong,0.70,9524
2b,25,overall,all,f1,0.17,9524
2b,25,overall,answerable,has_proof,99.84,3187
2b,25,overall,answerable,grammatical,43.68,3187
2b,25,overall,answerable,valid,9.19,3187
2b,25,overall,answerable,grounded,28.96,3187
2b,25,overall,answerable,correct,49.89,3187
2b,25,overall,answerable,valid_correct,8.41,3187
2b,25,overall,answerable,in_system,8.41,3187
2b,25,overall,answerable,valid_wrong,0.78,3187
2b,25,bbh,all,has_proof,34.44,2700
2b,25,bbh,all,grammatical,5.89,2700
2b,25,bbh,all,valid,0.26,2700
2b,25,bbh,all,grounded,3.48,2700
2b,25,bbh,all,correct,27.56,2700
2b,25,bbh,all,valid_correct,0.19,2700
2b,25,bbh,all,in_system,0.19,2700
2b,25,bbh,all,valid_wrong,0.07,2700
2b,25,bbh,answerable,has_proof,99.88,800
2b,25,bbh,answerable,grammatical,19.88,800
2b,25,bbh,answerable,valid,0.88,800
2b,25,bbh,answerable,grounded,11.75,800
2b,25,bbh,answerable,correct,41.12,800
2b,25,bbh,answerable,valid_correct,0.62,800
2b,25,bbh,answerable,in_system,0.62,800
2b,25,bbh,answerable,valid_wrong,0.25,800
2b,25,deduction,all,has_proof,99.96,2703
2b,25,deduction,all,grammatical,54.90,2703
2b,25,deduction,all,valid,11.25,2703
2b,25,deduction,all,grounded,35.22,2703
2b,25,deduction,all,correct,39.77,2703
2b,25,deduction,all,valid_correct,9.03,2703
2b,25,deduction,all,in_system,9.03,2703
2b,25,deduction,all,valid_wrong,2.22,2703
2b,25,deduction,answerable,has_proof,100.00,1887
2b,25,deduction,answerable,grammatical,55.06,1887
2b,25,deduction,answerable,valid,13.88,1887
2b,25,deduction,answerable,grounded,37.57,1887
2b,25,deduction,answerable,correct,56.97,1887
2b,25,deduction,answerable,valid_correct,12.93,1887
2b,25,deduction,answerable,in_system,12.93,1887
2b,25,deduction,answerable,valid_wrong,0.95,1887
2b,25,gpqa,all,has_proof,0.51,198
2b,25,gpqa,all,grammatical,0.00,198
2b,25,gpqa,all,valid,0.00,198
2b,25,gpqa,all,grounded,0.00,198
2b,25,gpqa,all,correct,32.32,198
2b,25,gpqa,all,valid_correct,0.00,198
2b,25,gpqa,all,in_system,0.00,198
2b,25,gpqa,all,valid_wrong,0.00,198
2b,25,multihop,all,has_proof,0.00,600
2b,25,multihop,all,grammatical,0.00,600
2b,25,multihop,all,valid,0.00,600
2b,25,multihop,all,grounded,0.00,600
2b,25,multihop,all,correct,0.17,600
2b,25,multihop,all,valid_correct,0.00,600
2b,25,multihop,all,in_system,0.00,600
2b,25,multihop,all,valid_wrong,0.00,600
2b,25,multihop,all,f1,0.17,600
2b,25,standard,all,has_proof,17.24,3323
2b,25,standard,all,grammatical,6.17,3323
2b,25,standard,all,valid,0.72,3323
2b,25,standard,all,grounded,3.64,3323
2b,25,standard,all,correct,29.22,3323
2b,25,standard,all,valid_correct,0.57,3323
2b,25,standard,all,in_system,0.57,3323
2b,25,standard,all,valid_wrong,0.15,3323
2b,25,standard,answerable,has_proof,99.20,500
2b,25,standard,answerable,grammatical,38.80,500
2b,25,standard,answerable,valid,4.80,500
2b,25,standard,answerable,grounded,24.00,500
2b,25,standard,answerable,correct,37.20,500
2b,25,standard,answerable,valid_correct,3.80,500
2b,25,standard,answerable,in_system,3.80,500
2b,25,standard,answerable,valid_wrong,1.00,500
2b,25,2wikimqa,all,has_proof,0.00,200
2b,25,2wikimqa,all,grammatical,0.00,200
2b,25,2wikimqa,all,valid,0.00,200
2b,25,2wikimqa,all,grounded,0.00,200
2b,25,2wikimqa,all,correct,0.00,200
2b,25,2wikimqa,all,valid_correct,0.00,200
2b,25,2wikimqa,all,in_system,0.00,200
2b,25,2wikimqa,all,valid_wrong,0.00,200
2b,25,2wikimqa,all,f1,0.00,200
2b,25,arc_challenge,all,has_proof,2.47,1172
2b,25,arc_challenge,all,grammatical,0.34,1172
2b,25,arc_challenge,all,valid,0.00,1172
2b,25,arc_challenge,all,grounded,0.09,1172
2b,25,arc_challenge,all,correct,19.71,1172
2b,25,arc_challenge,all,valid_correct,0.00,1172
2b,25,arc_challenge,all,in_system,0.00,1172
2b,25,arc_challenge,all,valid_wrong,0.00,1172
2b,25,bbh_boolean_expressions,all,has_proof,100.00,100
2b,25,bbh_boolean_expressions,all,grammatical,17.00,100
2b,25,bbh_boolean_expressions,all,valid,0.00,100
2b,25,bbh_boolean_expressions,all,grounded,0.00,100
2b,25,bbh_boolean_expressions,all,correct,55.00,100
2b,25,bbh_boolean_expressions,all,valid_correct,0.00,100
2b,25,bbh_boolean_expressions,all,in_system,0.00,100
2b,25,bbh_boolean_expressions,all,valid_wrong,0.00,100
2b,25,bbh_boolean_expressions,answerable,has_proof,100.00,100
2b,25,bbh_boolean_expressions,answerable,grammatical,17.00,100
2b,25,bbh_boolean_expressions,answerable,valid,0.00,100
2b,25,bbh_boolean_expressions,answerable,grounded,0.00,100
2b,25,bbh_boolean_expressions,answerable,correct,55.00,100
2b,25,bbh_boolean_expressions,answerable,valid_correct,0.00,100
2b,25,bbh_boolean_expressions,answerable,in_system,0.00,100
2b,25,bbh_boolean_expressions,answerable,valid_wrong,0.00,100
2b,25,bbh_causal_judgement,all,has_proof,100.00,100
2b,25,bbh_causal_judgement,all,grammatical,9.00,100
2b,25,bbh_causal_judgement,all,valid,0.00,100
2b,25,bbh_causal_judgement,all,grounded,0.00,100
2b,25,bbh_causal_judgement,all,correct,42.00,100
2b,25,bbh_causal_judgement,all,valid_correct,0.00,100
2b,25,bbh_causal_judgement,all,in_system,0.00,100
2b,25,bbh_causal_judgement,all,valid_wrong,0.00,100
2b,25,bbh_causal_judgement,answerable,has_proof,100.00,100
2b,25,bbh_causal_judgement,answerable,grammatical,9.00,100
2b,25,bbh_causal_judgement,answerable,valid,0.00,100
2b,25,bbh_causal_judgement,answerable,grounded,0.00,100
2b,25,bbh_causal_judgement,answerable,correct,42.00,100
2b,25,bbh_causal_judgement,answerable,valid_correct,0.00,100
2b,25,bbh_causal_judgement,answerable,in_system,0.00,100
2b,25,bbh_causal_judgement,answerable,valid_wrong,0.00,100
2b,25,bbh_date_understanding,all,has_proof,0.00,100
2b,25,bbh_date_understanding,all,grammatical,0.00,100
2b,25,bbh_date_understanding,all,valid,0.00,100
2b,25,bbh_date_understanding,all,grounded,0.00,100
2b,25,bbh_date_understanding,all,correct,49.00,100
2b,25,bbh_date_understanding,all,valid_correct,0.00,100
2b,25,bbh_date_understanding,all,in_system,0.00,100
2b,25,bbh_date_understanding,all,valid_wrong,0.00,100
2b,25,bbh_disambiguation_qa,all,has_proof,0.00,100
2b,25,bbh_disambiguation_qa,all,grammatical,0.00,100
2b,25,bbh_disambiguation_qa,all,valid,0.00,100
2b,25,bbh_disambiguation_qa,all,grounded,0.00,100
2b,25,bbh_disambiguation_qa,all,correct,0.00,100
2b,25,bbh_disambiguation_qa,all,valid_correct,0.00,100
2b,25,bbh_disambiguation_qa,all,in_system,0.00,100
2b,25,bbh_disambiguation_qa,all,valid_wrong,0.00,100
2b,25,bbh_dyck_languages,all,has_proof,29.00,100
2b,25,bbh_dyck_languages,all,grammatical,0.00,100
2b,25,bbh_dyck_languages,all,valid,0.00,100
2b,25,bbh_dyck_languages,all,grounded,0.00,100
2b,25,bbh_dyck_languages,all,correct,3.00,100
2b,25,bbh_dyck_languages,all,valid_correct,0.00,100
2b,25,bbh_dyck_languages,all,in_system,0.00,100
2b,25,bbh_dyck_languages,all,valid_wrong,0.00,100
2b,25,bbh_formal_fallacies,all,has_proof,99.00,100
2b,25,bbh_formal_fallacies,all,grammatical,29.00,100
2b,25,bbh_formal_fallacies,all,valid,0.00,100
2b,25,bbh_formal_fallacies,all,grounded,16.00,100
2b,25,bbh_formal_fallacies,all,correct,34.00,100
2b,25,bbh_formal_fallacies,all,valid_correct,0.00,100
2b,25,bbh_formal_fallacies,all,in_system,0.00,100
2b,25,bbh_formal_fallacies,all,valid_wrong,0.00,100
2b,25,bbh_formal_fallacies,answerable,has_proof,99.00,100
2b,25,bbh_formal_fallacies,answerable,grammatical,29.00,100
2b,25,bbh_formal_fallacies,answerable,valid,0.00,100
2b,25,bbh_formal_fallacies,answerable,grounded,16.00,100
2b,25,bbh_formal_fallacies,answerable,correct,34.00,100
2b,25,bbh_formal_fallacies,answerable,valid_correct,0.00,100
2b,25,bbh_formal_fallacies,answerable,in_system,0.00,100
2b,25,bbh_formal_fallacies,answerable,valid_wrong,0.00,100
2b,25,bbh_geometric_shapes,all,has_proof,0.00,100
2b,25,bbh_geometric_shapes,all,grammatical,0.00,100
2b,25,bbh_geometric_shapes,all,valid,0.00,100
2b,25,bbh_geometric_shapes,all,grounded,0.00,100
2b,25,bbh_geometric_shapes,all,correct,25.00,100
2b,25,bbh_geometric_shapes,all,valid_correct,0.00,100
2b,25,bbh_geometric_shapes,all,in_system,0.00,100
2b,25,bbh_geometric_shapes,all,valid_wrong,0.00,100
2b,25,bbh_hyperbaton,all,has_proof,0.00,100
2b,25,bbh_hyperbaton,all,grammatical,0.00,100
2b,25,bbh_hyperbaton,all,valid,0.00,100
2b,25,bbh_hyperbaton,all,grounded,0.00,100
2b,25,bbh_hyperbaton,all,correct,0.00,100
2b,25,bbh_hyperbaton,all,valid_correct,0.00,100
2b,25,bbh_hyperbaton,all,in_system,0.00,100
2b,25,bbh_hyperbaton,all,valid_wrong,0.00,100
2b,25,bbh_logical_deduction_five_objects,all,has_proof,2.00,100
2b,25,bbh_logical_deduction_five_objects,all,grammatical,0.00,100
2b,25,bbh_logical_deduction_five_objects,all,valid,0.00,100
2b,25,bbh_logical_deduction_five_objects,all,grounded,0.00,100
2b,25,bbh_logical_deduction_five_objects,all,correct,38.00,100
2b,25,bbh_logical_deduction_five_objects,all,valid_correct,0.00,100
2b,25,bbh_logical_deduction_five_objects,all,in_system,0.00,100
2b,25,bbh_logical_deduction_five_objects,all,valid_wrong,0.00,100
2b,25,bbh_logical_deduction_seven_objects,all,has_proof,0.00,100
2b,25,bbh_logical_deduction_seven_objects,all,grammatical,0.00,100
2b,25,bbh_logical_deduction_seven_objects,all,valid,0.00,100
2b,25,bbh_logical_deduction_seven_objects,all,grounded,0.00,100
2b,25,bbh_logical_deduction_seven_objects,all,correct,35.00,100
2b,25,bbh_logical_deduction_seven_objects,all,valid_correct,0.00,100
2b,25,bbh_logical_deduction_seven_objects,all,in_system,0.00,100
2b,25,bbh_logical_deduction_seven_objects,all,valid_wrong,0.00,100
2b,25,bbh_logical_deduction_three_objects,all,has_proof,0.00,100
2b,25,bbh_logical_deduction_three_objects,all,grammatical,0.00,100
2b,25,bbh_logical_deduction_three_objects,all,valid,0.00,100
2b,25,bbh_logical_deduction_three_objects,all,grounded,0.00,100
2b,25,bbh_logical_deduction_three_objects,all,correct,1.00,100
2b,25,bbh_logical_deduction_three_objects,all,valid_correct,0.00,100
2b,25,bbh_logical_deduction_three_objects,all,in_system,0.00,100
2b,25,bbh_logical_deduction_three_objects,all,valid_wrong,0.00,100
2b,25,bbh_movie_recommendation,all,has_proof,0.00,100
2b,25,bbh_movie_recommendation,all,grammatical,0.00,100
2b,25,bbh_movie_recommendation,all,valid,0.00,100
2b,25,bbh_movie_recommendation,all,grounded,0.00,100
2b,25,bbh_movie_recommendation,all,correct,0.00,100
2b,25,bbh_movie_recommendation,all,valid_correct,0.00,100
2b,25,bbh_movie_recommendation,all,in_system,0.00,100
2b,25,bbh_movie_recommendation,all,valid_wrong,0.00,100
2b,25,bbh_multistep_arithmetic_two,all,has_proof,100.00,100
2b,25,bbh_multistep_arithmetic_two,all,grammatical,1.00,100
2b,25,bbh_multistep_arithmetic_two,all,valid,0.00,100
2b,25,bbh_multistep_arithmetic_two,all,grounded,0.00,100
2b,25,bbh_multistep_arithmetic_two,all,correct,11.00,100
2b,25,bbh_multistep_arithmetic_two,all,valid_correct,0.00,100
2b,25,bbh_multistep_arithmetic_two,all,in_system,0.00,100
2b,25,bbh_multistep_arithmetic_two,all,valid_wrong,0.00,100
2b,25,bbh_multistep_arithmetic_two,answerable,has_proof,100.00,100
2b,25,bbh_multistep_arithmetic_two,answerable,grammatical,1.00,100
2b,25,bbh_multistep_arithmetic_two,answerable,valid,0.00,100
2b,25,bbh_multistep_arithmetic_two,answerable,grounded,0.00,100
2b,25,bbh_multistep_arithmetic_two,answerable,correct,11.00,100
2b,25,bbh_multistep_arithmetic_two,answerable,valid_correct,0.00,100
2b,25,bbh_multistep_arithmetic_two,answerable,in_system,0.00,100
2b,25,bbh_multistep_arithmetic_two,answerable,valid_wrong,0.00,100
2b,25,bbh_navigate,all,has_proof,100.00,100
2b,25,bbh_navigate,all,grammatical,12.00,100
2b,25,bbh_navigate,all,valid,0.00,100
2b,25,bbh_navigate,all,grounded,7.00,100
2b,25,bbh_navigate,all,correct,45.00,100
2b,25,bbh_navigate,all,valid_correct,0.00,100
2b,25,bbh_navigate,all,in_system,0.00,100
2b,25,bbh_navigate,all,valid_wrong,0.00,100
2b,25,bbh_navigate,answerable,has_proof,100.00,100
2b,25,bbh_navigate,answerable,grammatical,12.00,100
2b,25,bbh_navigate,answerable,valid,0.00,100
2b,25,bbh_navigate,answerable,grounded,7.00,100
2b,25,bbh_navigate,answerable,correct,45.00,100
2b,25,bbh_navigate,answerable,valid_correct,0.00,100
2b,25,bbh_navigate,answerable,in_system,0.00,100
2b,25,bbh_navigate,answerable,valid_wrong,0.00,100
2b,25,bbh_object_counting,all,has_proof,100.00,100
2b,25,bbh_object_counting,all,grammatical,12.00,100
2b,25,bbh_object_counting,all,valid,0.00,100
2b,25,bbh_object_counting,all,grounded,4.00,100
2b,25,bbh_object_counting,all,correct,42.00,100
2b,25,bbh_object_counting,all,valid_correct,0.00,100
2b,25,bbh_object_counting,all,in_system,0.00,100
2b,25,bbh_object_counting,all,valid_wrong,0.00,100
2b,25,bbh_object_counting,answerable,has_proof,100.00,100
2b,25,bbh_object_counting,answerable,grammatical,12.00,100
2b,25,bbh_object_counting,answerable,valid,0.00,100
2b,25,bbh_object_counting,answerable,grounded,4.00,100
2b,25,bbh_object_counting,answerable,correct,42.00,100
2b,25,bbh_object_counting,answerable,valid_correct,0.00,100
2b,25,bbh_object_counting,answerable,in_system,0.00,100
2b,25,bbh_object_counting,answerable,valid_wrong,0.00,100
2b,25,bbh_penguins_in_a_table,all,has_proof,0.00,100
2b,25,bbh_penguins_in_a_table,all,grammatical,0.00,100
2b,25,bbh_penguins_in_a_table,all,valid,0.00,100
2b,25,bbh_penguins_in_a_table,all,grounded,0.00,100
2b,25,bbh_penguins_in_a_table,all,correct,37.00,100
2b,25,bbh_penguins_in_a_table,all,valid_correct,0.00,100
2b,25,bbh_penguins_in_a_table,all,in_system,0.00,100
2b,25,bbh_penguins_in_a_table,all,valid_wrong,0.00,100
2b,25,bbh_reasoning_about_colored_objects,all,has_proof,0.00,100
2b,25,bbh_reasoning_about_colored_objects,all,grammatical,0.00,100
2b,25,bbh_reasoning_about_colored_objects,all,valid,0.00,100
2b,25,bbh_reasoning_about_colored_objects,all,grounded,0.00,100
2b,25,bbh_reasoning_about_colored_objects,all,correct,55.00,100
2b,25,bbh_reasoning_about_colored_objects,all,valid_correct,0.00,100
2b,25,bbh_reasoning_about_colored_objects,all,in_system,0.00,100
2b,25,bbh_reasoning_about_colored_objects,all,valid_wrong,0.00,100
2b,25,bbh_ruin_names,all,has_proof,0.00,100
2b,25,bbh_ruin_names,all,grammatical,0.00,100
2b,25,bbh_ruin_names,all,valid,0.00,100
2b,25,bbh_ruin_names,all,grounded,0.00,100
2b,25,bbh_ruin_names,all,correct,2.00,100
2b,25,bbh_ruin_names,all,valid_correct,0.00,100
2b,25,bbh_ruin_names,all,in_system,0.00,100
2b,25,bbh_ruin_names,all,valid_wrong,0.00,100
2b,25,bbh_salient_translation_error_detection,all,has_proof,0.00,100
2b,25,bbh_salient_translation_error_detection,all,grammatical,0.00,100
2b,25,bbh_salient_translation_error_detection,all,valid,0.00,100
2b,25,bbh_salient_translation_error_detection,all,grounded,0.00,100
2b,25,bbh_salient_translation_error_detection,all,correct,2.00,100
2b,25,bbh_salient_translation_error_detection,all,valid_correct,0.00,100
2b,25,bbh_salient_translation_error_detection,all,in_system,0.00,100
2b,25,bbh_salient_translation_error_detection,all,valid_wrong,0.00,100
2b,25,bbh_snarks,all,has_proof,0.00,100
2b,25,bbh_snarks,all,grammatical,0.00,100
2b,25,bbh_snarks,all,valid,0.00,100
2b,25,bbh_snarks,all,grounded,0.00,100
2b,25,bbh_snarks,all,correct,0.00,100
2b,25,bbh_snarks,all,valid_correct,0.00,100
2b,25,bbh_snarks,all,in_system,0.00,100
2b,25,bbh_snarks,all,valid_wrong,0.00,100
2b,25,bbh_sports_understanding,all,has_proof,100.00,100
2b,25,bbh_sports_understanding,all,grammatical,7.00,100
2b,25,bbh_sports_understanding,all,valid,0.00,100
2b,25,bbh_sports_understanding,all,grounded,3.00,100
2b,25,bbh_sports_understanding,all,correct,45.00,100
2b,25,bbh_sports_understanding,all,valid_correct,0.00,100
2b,25,bbh_sports_understanding,all,in_system,0.00,100
2b,25,bbh_sports_understanding,all,valid_wrong,0.00,100
2b,25,bbh_sports_understanding,answerable,has_proof,100.00,100
2b,25,bbh_sports_understanding,answerable,grammatical,7.00,100
2b,25,bbh_sports_understanding,answerable,valid,0.00,100
2b,25,bbh_sports_understanding,answerable,grounded,3.00,100
2b,25,bbh_sports_understanding,answerable,correct,45.00,100
2b,25,bbh_sports_understanding,answerable,valid_correct,0.00,100
2b,25,bbh_sports_understanding,answerable,in_system,0.00,100
2b,25,bbh_sports_understanding,answerable,valid_wrong,0.00,100
2b,25,bbh_temporal_sequences,all,has_proof,0.00,100
2b,25,bbh_temporal_sequences,all,grammatical,0.00,100
2b,25,bbh_temporal_sequences,all,valid,0.00,100
2b,25,bbh_temporal_sequences,all,grounded,0.00,100
2b,25,bbh_temporal_sequences,all,correct,25.00,100
2b,25,bbh_temporal_sequences,all,valid_correct,0.00,100
2b,25,bbh_temporal_sequences,all,in_system,0.00,100
2b,25,bbh_temporal_sequences,all,valid_wrong,0.00,100
2b,25,bbh_tracking_shuffled_objects_five_objects,all,has_proof,0.00,100
2b,25,bbh_tracking_shuffled_objects_five_objects,all,grammatical,0.00,100
2b,25,bbh_tracking_shuffled_objects_five_objects,all,valid,0.00,100
2b,25,bbh_tracking_shuffled_objects_five_objects,all,grounded,0.00,100
2b,25,bbh_tracking_shuffled_objects_five_objects,all,correct,67.00,100
2b,25,bbh_tracking_shuffled_objects_five_objects,all,valid_correct,0.00,100
2b,25,bbh_tracking_shuffled_objects_five_objects,all,in_system,0.00,100
2b,25,bbh_tracking_shuffled_objects_five_objects,all,valid_wrong,0.00,100
2b,25,bbh_tracking_shuffled_objects_seven_objects,all,has_proof,0.00,100
2b,25,bbh_tracking_shuffled_objects_seven_objects,all,grammatical,0.00,100
2b,25,bbh_tracking_shuffled_objects_seven_objects,all,valid,0.00,100
2b,25,bbh_tracking_shuffled_objects_seven_objects,all,grounded,0.00,100
2b,25,bbh_tracking_shuffled_objects_seven_objects,all,correct,57.00,100
2b,25,bbh_tracking_shuffled_objects_seven_objects,all,valid_correct,0.00,100
2b,25,bbh_tracking_shuffled_objects_seven_objects,all,in_system,0.00,100
2b,25,bbh_tracking_shuffled_objects_seven_objects,all,valid_wrong,0.00,100
2b,25,bbh_tracking_shuffled_objects_three_objects,all,has_proof,0.00,100
2b,25,bbh_tracking_shuffled_objects_three_objects,all,grammatical,0.00,100
2b,25,bbh_tracking_shuffled_objects_three_objects,all,valid,0.00,100
2b,25,bbh_tracking_shuffled_objects_three_objects,all,grounded,0.00,100
2b,25,bbh_tracking_shuffled_objects_three_objects,all,correct,6.00,100
2b,25,bbh_tracking_shuffled_objects_three_objects,all,valid_correct,0.00,100
2b,25,bbh_tracking_shuffled_objects_three_objects,all,in_system,0.00,100
2b,25,bbh_tracking_shuffled_objects_three_objects,all,valid_wrong,0.00,100
2b,25,bbh_web_of_lies,all,has_proof,100.00,100
2b,25,bbh_web_of_lies,all,grammatical,72.00,100
2b,25,bbh_web_of_lies,all,valid,7.00,100
2b,25,bbh_web_of_lies,all,grounded,64.00,100
2b,25,bbh_web_of_lies,all,correct,55.00,100
2b,25,bbh_web_of_lies,all,valid_correct,5.00,100
2b,25,bbh_web_of_lies,all,in_system,5.00,100
2b,25,bbh_web_of_lies,all,valid_wrong,2.00,100
2b,25,bbh_web_of_lies,answerable,has_proof,100.00,100
2b,25,bbh_web_of_lies,answerable,grammatical,72.00,100
2b,25,bbh_web_of_lies,answerable,valid,7.00,100
2b,25,bbh_web_of_lies,answerable,grounded,64.00,100
2b,25,bbh_web_of_lies,answerable,correct,55.00,100
2b,25,bbh_web_of_lies,answerable,valid_correct,5.00,100
2b,25,bbh_web_of_lies,answerable,in_system,5.00,100
2b,25,bbh_web_of_lies,answerable,valid_wrong,2.00,100
2b,25,bbh_word_sorting,all,has_proof,100.00,100
2b,25,bbh_word_sorting,all,grammatical,0.00,100
2b,25,bbh_word_sorting,all,valid,0.00,100
2b,25,bbh_word_sorting,all,grounded,0.00,100
2b,25,bbh_word_sorting,all,correct,13.00,100
2b,25,bbh_word_sorting,all,valid_correct,0.00,100
2b,25,bbh_word_sorting,all,in_system,0.00,100
2b,25,bbh_word_sorting,all,valid_wrong,0.00,100
2b,25,folio,all,has_proof,99.51,203
2b,25,folio,all,grammatical,43.35,203
2b,25,folio,all,valid,2.46,203
2b,25,folio,all,grounded,30.54,203
2b,25,folio,all,correct,41.87,203
2b,25,folio,all,valid_correct,1.48,203
2b,25,folio,all,in_system,1.48,203
2b,25,folio,all,valid_wrong,0.99,203
2b,25,folio,answerable,has_proof,100.00,134
2b,25,folio,answerable,grammatical,37.31,134
2b,25,folio,answerable,valid,2.24,134
2b,25,folio,answerable,grounded,27.61,134
2b,25,folio,answerable,correct,63.43,134
2b,25,folio,answerable,valid_correct,2.24,134
2b,25,folio,answerable,in_system,2.24,134
2b,25,folio,answerable,valid_wrong,0.00,134
2b,25,gpqa_diamond,all,has_proof,0.51,198
2b,25,gpqa_diamond,all,grammatical,0.00,198
2b,25,gpqa_diamond,all,valid,0.00,198
2b,25,gpqa_diamond,all,grounded,0.00,198
2b,25,gpqa_diamond,all,correct,32.32,198
2b,25,gpqa_diamond,all,valid_correct,0.00,198
2b,25,gpqa_diamond,all,in_system,0.00,198
2b,25,gpqa_diamond,all,valid_wrong,0.00,198
2b,25,gpqa_quant,all,has_proof,0.00,73
2b,25,gpqa_quant,all,grammatical,0.00,73
2b,25,gpqa_quant,all,valid,0.00,73
2b,25,gpqa_quant,all,grounded,0.00,73
2b,25,gpqa_quant,all,correct,32.88,73
2b,25,gpqa_quant,all,valid_correct,0.00,73
2b,25,gpqa_quant,all,in_system,0.00,73
2b,25,gpqa_quant,all,valid_wrong,0.00,73
2b,25,gpqa_rest,all,has_proof,0.80,125
2b,25,gpqa_rest,all,grammatical,0.00,125
2b,25,gpqa_rest,all,valid,0.00,125
2b,25,gpqa_rest,all,grounded,0.00,125
2b,25,gpqa_rest,all,correct,32.00,125
2b,25,gpqa_rest,all,valid_correct,0.00,125
2b,25,gpqa_rest,all,in_system,0.00,125
2b,25,gpqa_rest,all,valid_wrong,0.00,125
2b,25,gsm8k,all,has_proof,99.20,500
2b,25,gsm8k,all,grammatical,38.80,500
2b,25,gsm8k,all,valid,4.80,500
2b,25,gsm8k,all,grounded,24.00,500
2b,25,gsm8k,all,correct,37.20,500
2b,25,gsm8k,all,valid_correct,3.80,500
2b,25,gsm8k,all,in_system,3.80,500
2b,25,gsm8k,all,valid_wrong,1.00,500
2b,25,gsm8k,answerable,has_proof,99.20,500
2b,25,gsm8k,answerable,grammatical,38.80,500
2b,25,gsm8k,answerable,valid,4.80,500
2b,25,gsm8k,answerable,grounded,24.00,500
2b,25,gsm8k,answerable,correct,37.20,500
2b,25,gsm8k,answerable,valid_correct,3.80,500
2b,25,gsm8k,answerable,in_system,3.80,500
2b,25,gsm8k,answerable,valid_wrong,1.00,500
2b,25,hotpotqa,all,has_proof,0.00,200
2b,25,hotpotqa,all,grammatical,0.00,200
2b,25,hotpotqa,all,valid,0.00,200
2b,25,hotpotqa,all,grounded,0.00,200
2b,25,hotpotqa,all,correct,0.50,200
2b,25,hotpotqa,all,valid_correct,0.00,200
2b,25,hotpotqa,all,in_system,0.00,200
2b,25,hotpotqa,all,valid_wrong,0.00,200
2b,25,hotpotqa,all,f1,0.40,200
2b,25,logiqa,all,has_proof,0.46,651
2b,25,logiqa,all,grammatical,0.00,651
2b,25,logiqa,all,valid,0.00,651
2b,25,logiqa,all,grounded,0.00,651
2b,25,logiqa,all,correct,40.25,651
2b,25,logiqa,all,valid_correct,0.00,651
2b,25,logiqa,all,in_system,0.00,651
2b,25,logiqa,all,valid_wrong,0.00,651
2b,25,mmlu,all,has_proof,4.50,1000
2b,25,mmlu,all,grammatical,0.70,1000
2b,25,mmlu,all,valid,0.00,1000
2b,25,mmlu,all,grounded,0.00,1000
2b,25,mmlu,all,correct,29.20,1000
2b,25,mmlu,all,valid_correct,0.00,1000
2b,25,mmlu,all,in_system,0.00,1000
2b,25,mmlu,all,valid_wrong,0.00,1000
2b,25,musique,all,has_proof,0.00,200
2b,25,musique,all,grammatical,0.00,200
2b,25,musique,all,valid,0.00,200
2b,25,musique,all,grounded,0.00,200
2b,25,musique,all,correct,0.00,200
2b,25,musique,all,valid_correct,0.00,200
2b,25,musique,all,in_system,0.00,200
2b,25,musique,all,valid_wrong,0.00,200
2b,25,musique,all,f1,0.11,200
2b,25,pw_all,all,has_proof,100.00,2500
2b,25,pw_all,all,grammatical,55.84,2500
2b,25,pw_all,all,valid,11.96,2500
2b,25,pw_all,all,grounded,35.60,2500
2b,25,pw_all,all,correct,39.60,2500
2b,25,pw_all,all,valid_correct,9.64,2500
2b,25,pw_all,all,in_system,9.64,2500
2b,25,pw_all,all,valid_wrong,2.32,2500
2b,25,pw_all,answerable,has_proof,100.00,1753
2b,25,pw_all,answerable,grammatical,56.42,1753
2b,25,pw_all,answerable,valid,14.77,1753
2b,25,pw_all,answerable,grounded,38.33,1753
2b,25,pw_all,answerable,correct,56.47,1753
2b,25,pw_all,answerable,valid_correct,13.75,1753
2b,25,pw_all,answerable,in_system,13.75,1753
2b,25,pw_all,answerable,valid_wrong,1.03,1753
2b,25,pw_d0,all,has_proof,100.00,500
2b,25,pw_d0,all,grammatical,57.20,500
2b,25,pw_d0,all,valid,16.80,500
2b,25,pw_d0,all,grounded,36.80,500
2b,25,pw_d0,all,correct,30.80,500
2b,25,pw_d0,all,valid_correct,13.00,500
2b,25,pw_d0,all,in_system,13.00,500
2b,25,pw_d0,all,valid_wrong,3.80,500
2b,25,pw_d0,answerable,has_proof,100.00,226
2b,25,pw_d0,answerable,grammatical,64.60,226
2b,25,pw_d0,answerable,valid,31.86,226
2b,25,pw_d0,answerable,grounded,49.56,226
2b,25,pw_d0,answerable,correct,68.14,226
2b,25,pw_d0,answerable,valid_correct,28.76,226
2b,25,pw_d0,answerable,in_system,28.76,226
2b,25,pw_d0,answerable,valid_wrong,3.10,226
2b,25,pw_d1,all,has_proof,100.00,500
2b,25,pw_d1,all,grammatical,61.20,500
2b,25,pw_d1,all,valid,14.40,500
2b,25,pw_d1,all,grounded,40.20,500
2b,25,pw_d1,all,correct,31.60,500
2b,25,pw_d1,all,valid_correct,11.00,500
2b,25,pw_d1,all,in_system,11.00,500
2b,25,pw_d1,all,valid_wrong,3.40,500
2b,25,pw_d1,answerable,has_proof,100.00,255
2b,25,pw_d1,answerable,grammatical,67.06,255
2b,25,pw_d1,answerable,valid,22.35,255
2b,25,pw_d1,answerable,grounded,49.80,255
2b,25,pw_d1,answerable,correct,61.96,255
2b,25,pw_d1,answerable,valid_correct,21.57,255
2b,25,pw_d1,answerable,in_system,21.57,255
2b,25,pw_d1,answerable,valid_wrong,0.78,255
2b,25,pw_d2,all,has_proof,100.00,500
2b,25,pw_d2,all,grammatical,58.20,500
2b,25,pw_d2,all,valid,11.80,500
2b,25,pw_d2,all,grounded,37.80,500
2b,25,pw_d2,all,correct,42.80,500
2b,25,pw_d2,all,valid_correct,10.60,500
2b,25,pw_d2,all,in_system,10.60,500
2b,25,pw_d2,all,valid_wrong,1.20,500
2b,25,pw_d2,answerable,has_proof,100.00,382
2b,25,pw_d2,answerable,grammatical,57.33,382
2b,25,pw_d2,answerable,valid,13.87,382
2b,25,pw_d2,answerable,grounded,39.27,382
2b,25,pw_d2,answerable,correct,56.02,382
2b,25,pw_d2,answerable,valid_correct,13.87,382
2b,25,pw_d2,answerable,in_system,13.87,382
2b,25,pw_d2,answerable,valid_wrong,0.00,382
2b,25,pw_d3,all,has_proof,100.00,500
2b,25,pw_d3,all,grammatical,52.40,500
2b,25,pw_d3,all,valid,10.20,500
2b,25,pw_d3,all,grounded,34.20,500
2b,25,pw_d3,all,correct,44.00,500
2b,25,pw_d3,all,valid_correct,8.80,500
2b,25,pw_d3,all,in_system,8.80,500
2b,25,pw_d3,all,valid_wrong,1.40,500
2b,25,pw_d3,answerable,has_proof,100.00,413
2b,25,pw_d3,answerable,grammatical,51.82,413
2b,25,pw_d3,answerable,valid,11.14,413
2b,25,pw_d3,answerable,grounded,35.11,413
2b,25,pw_d3,answerable,correct,53.27,413
2b,25,pw_d3,answerable,valid_correct,10.65,413
2b,25,pw_d3,answerable,in_system,10.65,413
2b,25,pw_d3,answerable,valid_wrong,0.48,413
2b,25,pw_d5,all,has_proof,100.00,500
2b,25,pw_d5,all,grammatical,50.20,500
2b,25,pw_d5,all,valid,6.60,500
2b,25,pw_d5,all,grounded,29.00,500
2b,25,pw_d5,all,correct,48.80,500
2b,25,pw_d5,all,valid_correct,4.80,500
2b,25,pw_d5,all,in_system,4.80,500
2b,25,pw_d5,all,valid_wrong,1.80,500
2b,25,pw_d5,answerable,has_proof,100.00,477
2b,25,pw_d5,answerable,grammatical,50.10,477
2b,25,pw_d5,answerable,valid,6.50,477
2b,25,pw_d5,answerable,grounded,28.93,477
2b,25,pw_d5,answerable,correct,51.15,477
2b,25,pw_d5,answerable,valid_correct,5.03,477
2b,25,pw_d5,answerable,in_system,5.03,477
2b,25,pw_d5,answerable,valid_wrong,1.47,477
2b,30,overall,all,has_proof,44.39,9524
2b,30,overall,all,grammatical,20.89,9524
2b,30,overall,all,valid,4.05,9524
2b,30,overall,all,grounded,12.93,9524
2b,30,overall,all,correct,29.97,9524
2b,30,overall,all,valid_correct,3.12,9524
2b,30,overall,all,in_system,3.12,9524
2b,30,overall,all,valid_wrong,0.93,9524
2b,30,overall,all,f1,0.04,9524
2b,30,overall,answerable,has_proof,99.91,3187
2b,30,overall,answerable,grammatical,47.57,3187
2b,30,overall,answerable,valid,10.51,3187
2b,30,overall,answerable,grounded,30.15,3187
2b,30,overall,answerable,correct,48.89,3187
2b,30,overall,answerable,valid_correct,9.32,3187
2b,30,overall,answerable,in_system,9.32,3187
2b,30,overall,answerable,valid_wrong,1.19,3187
2b,30,bbh,all,has_proof,34.74,2700
2b,30,bbh,all,grammatical,6.96,2700
2b,30,bbh,all,valid,0.41,2700
2b,30,bbh,all,grounded,4.04,2700
2b,30,bbh,all,correct,26.59,2700
2b,30,bbh,all,valid_correct,0.26,2700
2b,30,bbh,all,in_system,0.26,2700
2b,30,bbh,all,valid_wrong,0.15,2700
2b,30,bbh,answerable,has_proof,100.00,800
2b,30,bbh,answerable,grammatical,23.38,800
2b,30,bbh,answerable,valid,1.38,800
2b,30,bbh,answerable,grounded,13.63,800
2b,30,bbh,answerable,correct,37.50,800
2b,30,bbh,answerable,valid_correct,0.88,800
2b,30,bbh,answerable,in_system,0.88,800
2b,30,bbh,answerable,valid_wrong,0.50,800
2b,30,deduction,all,has_proof,99.96,2703
2b,30,deduction,all,grammatical,58.79,2703
2b,30,deduction,all,valid,12.99,2703
2b,30,deduction,all,grounded,36.55,2703
2b,30,deduction,all,correct,39.99,2703
2b,30,deduction,all,valid_correct,10.14,2703
2b,30,deduction,all,in_system,10.14,2703
2b,30,deduction,all,valid_wrong,2.85,2703
2b,30,deduction,answerable,has_proof,100.00,1887
2b,30,deduction,answerable,grammatical,59.88,1887
2b,30,deduction,answerable,valid,15.90,1887
2b,30,deduction,answerable,grounded,38.31,1887
2b,30,deduction,answerable,correct,57.29,1887
2b,30,deduction,answerable,valid_correct,14.52,1887
2b,30,deduction,answerable,in_system,14.52,1887
2b,30,deduction,answerable,valid_wrong,1.38,1887
2b,30,gpqa,all,has_proof,0.00,198
2b,30,gpqa,all,grammatical,0.00,198
2b,30,gpqa,all,valid,0.00,198
2b,30,gpqa,all,grounded,0.00,198
2b,30,gpqa,all,correct,32.32,198
2b,30,gpqa,all,valid_correct,0.00,198
2b,30,gpqa,all,in_system,0.00,198
2b,30,gpqa,all,valid_wrong,0.00,198
2b,30,multihop,all,has_proof,0.00,600
2b,30,multihop,all,grammatical,0.00,600
2b,30,multihop,all,valid,0.00,600
2b,30,multihop,all,grounded,0.00,600
2b,30,multihop,all,correct,0.00,600
2b,30,multihop,all,valid_correct,0.00,600
2b,30,multihop,all,in_system,0.00,600
2b,30,multihop,all,valid_wrong,0.00,600
2b,30,multihop,all,f1,0.04,600
2b,30,standard,all,has_proof,17.69,3323
2b,30,standard,all,grammatical,6.41,3323
2b,30,standard,all,valid,0.72,3323
2b,30,standard,all,grounded,4.03,3323
2b,30,standard,all,correct,29.82,3323
2b,30,standard,all,valid_correct,0.48,3323
2b,30,standard,all,in_system,0.48,3323
2b,30,standard,all,valid_wrong,0.24,3323
2b,30,standard,answerable,has_proof,99.40,500
2b,30,standard,answerable,grammatical,39.80,500
2b,30,standard,answerable,valid,4.80,500
2b,30,standard,answerable,grounded,25.80,500
2b,30,standard,answerable,correct,35.40,500
2b,30,standard,answerable,valid_correct,3.20,500
2b,30,standard,answerable,in_system,3.20,500
2b,30,standard,answerable,valid_wrong,1.60,500
2b,30,2wikimqa,all,has_proof,0.00,200
2b,30,2wikimqa,all,grammatical,0.00,200
2b,30,2wikimqa,all,valid,0.00,200
2b,30,2wikimqa,all,grounded,0.00,200
2b,30,2wikimqa,all,correct,0.00,200
2b,30,2wikimqa,all,valid_correct,0.00,200
2b,30,2wikimqa,all,in_system,0.00,200
2b,30,2wikimqa,all,valid_wrong,0.00,200
2b,30,2wikimqa,all,f1,0.00,200
2b,30,arc_challenge,all,has_proof,2.05,1172
2b,30,arc_challenge,all,grammatical,0.51,1172
2b,30,arc_challenge,all,valid,0.00,1172
2b,30,arc_challenge,all,grounded,0.17,1172
2b,30,arc_challenge,all,correct,22.70,1172
2b,30,arc_challenge,all,valid_correct,0.00,1172
2b,30,arc_challenge,all,in_system,0.00,1172
2b,30,arc_challenge,all,valid_wrong,0.00,1172
2b,30,bbh_boolean_expressions,all,has_proof,100.00,100
2b,30,bbh_boolean_expressions,all,grammatical,21.00,100
2b,30,bbh_boolean_expressions,all,valid,0.00,100
2b,30,bbh_boolean_expressions,all,grounded,0.00,100
2b,30,bbh_boolean_expressions,all,correct,56.00,100
2b,30,bbh_boolean_expressions,all,valid_correct,0.00,100
2b,30,bbh_boolean_expressions,all,in_system,0.00,100
2b,30,bbh_boolean_expressions,all,valid_wrong,0.00,100
2b,30,bbh_boolean_expressions,answerable,has_proof,100.00,100
2b,30,bbh_boolean_expressions,answerable,grammatical,21.00,100
2b,30,bbh_boolean_expressions,answerable,valid,0.00,100
2b,30,bbh_boolean_expressions,answerable,grounded,0.00,100
2b,30,bbh_boolean_expressions,answerable,correct,56.00,100
2b,30,bbh_boolean_expressions,answerable,valid_correct,0.00,100
2b,30,bbh_boolean_expressions,answerable,in_system,0.00,100
2b,30,bbh_boolean_expressions,answerable,valid_wrong,0.00,100
2b,30,bbh_causal_judgement,all,has_proof,100.00,100
2b,30,bbh_causal_judgement,all,grammatical,14.00,100
2b,30,bbh_causal_judgement,all,valid,1.00,100
2b,30,bbh_causal_judgement,all,grounded,5.00,100
2b,30,bbh_causal_judgement,all,correct,36.00,100
2b,30,bbh_causal_judgement,all,valid_correct,0.00,100
2b,30,bbh_causal_judgement,all,in_system,0.00,100
2b,30,bbh_causal_judgement,all,valid_wrong,1.00,100
2b,30,bbh_causal_judgement,answerable,has_proof,100.00,100
2b,30,bbh_causal_judgement,answerable,grammatical,14.00,100
2b,30,bbh_causal_judgement,answerable,valid,1.00,100
2b,30,bbh_causal_judgement,answerable,grounded,5.00,100
2b,30,bbh_causal_judgement,answerable,correct,36.00,100
2b,30,bbh_causal_judgement,answerable,valid_correct,0.00,100
2b,30,bbh_causal_judgement,answerable,in_system,0.00,100
2b,30,bbh_causal_judgement,answerable,valid_wrong,1.00,100
2b,30,bbh_date_understanding,all,has_proof,0.00,100
2b,30,bbh_date_understanding,all,grammatical,0.00,100
2b,30,bbh_date_understanding,all,valid,0.00,100
2b,30,bbh_date_understanding,all,grounded,0.00,100
2b,30,bbh_date_understanding,all,correct,41.00,100
2b,30,bbh_date_understanding,all,valid_correct,0.00,100
2b,30,bbh_date_understanding,all,in_system,0.00,100
2b,30,bbh_date_understanding,all,valid_wrong,0.00,100
2b,30,bbh_disambiguation_qa,all,has_proof,0.00,100
2b,30,bbh_disambiguation_qa,all,grammatical,0.00,100
2b,30,bbh_disambiguation_qa,all,valid,0.00,100
2b,30,bbh_disambiguation_qa,all,grounded,0.00,100
2b,30,bbh_disambiguation_qa,all,correct,0.00,100
2b,30,bbh_disambiguation_qa,all,valid_correct,0.00,100
2b,30,bbh_disambiguation_qa,all,in_system,0.00,100
2b,30,bbh_disambiguation_qa,all,valid_wrong,0.00,100
2b,30,bbh_dyck_languages,all,has_proof,30.00,100
2b,30,bbh_dyck_languages,all,grammatical,1.00,100
2b,30,bbh_dyck_languages,all,valid,0.00,100
2b,30,bbh_dyck_languages,all,grounded,0.00,100
2b,30,bbh_dyck_languages,all,correct,7.00,100
2b,30,bbh_dyck_languages,all,valid_correct,0.00,100
2b,30,bbh_dyck_languages,all,in_system,0.00,100
2b,30,bbh_dyck_languages,all,valid_wrong,0.00,100
2b,30,bbh_formal_fallacies,all,has_proof,100.00,100
2b,30,bbh_formal_fallacies,all,grammatical,41.00,100
2b,30,bbh_formal_fallacies,all,valid,0.00,100
2b,30,bbh_formal_fallacies,all,grounded,27.00,100
2b,30,bbh_formal_fallacies,all,correct,33.00,100
2b,30,bbh_formal_fallacies,all,valid_correct,0.00,100
2b,30,bbh_formal_fallacies,all,in_system,0.00,100
2b,30,bbh_formal_fallacies,all,valid_wrong,0.00,100
2b,30,bbh_formal_fallacies,answerable,has_proof,100.00,100
2b,30,bbh_formal_fallacies,answerable,grammatical,41.00,100
2b,30,bbh_formal_fallacies,answerable,valid,0.00,100
2b,30,bbh_formal_fallacies,answerable,grounded,27.00,100
2b,30,bbh_formal_fallacies,answerable,correct,33.00,100
2b,30,bbh_formal_fallacies,answerable,valid_correct,0.00,100
2b,30,bbh_formal_fallacies,answerable,in_system,0.00,100
2b,30,bbh_formal_fallacies,answerable,valid_wrong,0.00,100
2b,30,bbh_geometric_shapes,all,has_proof,0.00,100
2b,30,bbh_geometric_shapes,all,grammatical,0.00,100
2b,30,bbh_geometric_shapes,all,valid,0.00,100
2b,30,bbh_geometric_shapes,all,grounded,0.00,100
2b,30,bbh_geometric_shapes,all,correct,31.00,100
2b,30,bbh_geometric_shapes,all,valid_correct,0.00,100
2b,30,bbh_geometric_shapes,all,in_system,0.00,100
2b,30,bbh_geometric_shapes,all,valid_wrong,0.00,100
2b,30,bbh_hyperbaton,all,has_proof,0.00,100
2b,30,bbh_hyperbaton,all,grammatical,0.00,100
2b,30,bbh_hyperbaton,all,valid,0.00,100
2b,30,bbh_hyperbaton,all,grounded,0.00,100
2b,30,bbh_hyperbaton,all,correct,0.00,100
2b,30,bbh_hyperbaton,all,valid_correct,0.00,100
2b,30,bbh_hyperbaton,all,in_system,0.00,100
2b,30,bbh_hyperbaton,all,valid_wrong,0.00,100
2b,30,bbh_logical_deduction_five_objects,all,has_proof,4.00,100
2b,30,bbh_logical_deduction_five_objects,all,grammatical,0.00,100
2b,30,bbh_logical_deduction_five_objects,all,valid,0.00,100
2b,30,bbh_logical_deduction_five_objects,all,grounded,0.00,100
2b,30,bbh_logical_deduction_five_objects,all,correct,32.00,100
2b,30,bbh_logical_deduction_five_objects,all,valid_correct,0.00,100
2b,30,bbh_logical_deduction_five_objects,all,in_system,0.00,100
2b,30,bbh_logical_deduction_five_objects,all,valid_wrong,0.00,100
2b,30,bbh_logical_deduction_seven_objects,all,has_proof,4.00,100
2b,30,bbh_logical_deduction_seven_objects,all,grammatical,0.00,100
2b,30,bbh_logical_deduction_seven_objects,all,valid,0.00,100
2b,30,bbh_logical_deduction_seven_objects,all,grounded,0.00,100
2b,30,bbh_logical_deduction_seven_objects,all,correct,32.00,100
2b,30,bbh_logical_deduction_seven_objects,all,valid_correct,0.00,100
2b,30,bbh_logical_deduction_seven_objects,all,in_system,0.00,100
2b,30,bbh_logical_deduction_seven_objects,all,valid_wrong,0.00,100
2b,30,bbh_logical_deduction_three_objects,all,has_proof,0.00,100
2b,30,bbh_logical_deduction_three_objects,all,grammatical,0.00,100
2b,30,bbh_logical_deduction_three_objects,all,valid,0.00,100
2b,30,bbh_logical_deduction_three_objects,all,grounded,0.00,100
2b,30,bbh_logical_deduction_three_objects,all,correct,0.00,100
2b,30,bbh_logical_deduction_three_objects,all,valid_correct,0.00,100
2b,30,bbh_logical_deduction_three_objects,all,in_system,0.00,100
2b,30,bbh_logical_deduction_three_objects,all,valid_wrong,0.00,100
2b,30,bbh_movie_recommendation,all,has_proof,0.00,100
2b,30,bbh_movie_recommendation,all,grammatical,0.00,100
2b,30,bbh_movie_recommendation,all,valid,0.00,100
2b,30,bbh_movie_recommendation,all,grounded,0.00,100
2b,30,bbh_movie_recommendation,all,correct,0.00,100
2b,30,bbh_movie_recommendation,all,valid_correct,0.00,100
2b,30,bbh_movie_recommendation,all,in_system,0.00,100
2b,30,bbh_movie_recommendation,all,valid_wrong,0.00,100
2b,30,bbh_multistep_arithmetic_two,all,has_proof,100.00,100
2b,30,bbh_multistep_arithmetic_two,all,grammatical,4.00,100
2b,30,bbh_multistep_arithmetic_two,all,valid,0.00,100
2b,30,bbh_multistep_arithmetic_two,all,grounded,0.00,100
2b,30,bbh_multistep_arithmetic_two,all,correct,17.00,100
2b,30,bbh_multistep_arithmetic_two,all,valid_correct,0.00,100
2b,30,bbh_multistep_arithmetic_two,all,in_system,0.00,100
2b,30,bbh_multistep_arithmetic_two,all,valid_wrong,0.00,100
2b,30,bbh_multistep_arithmetic_two,answerable,has_proof,100.00,100
2b,30,bbh_multistep_arithmetic_two,answerable,grammatical,4.00,100
2b,30,bbh_multistep_arithmetic_two,answerable,valid,0.00,100
2b,30,bbh_multistep_arithmetic_two,answerable,grounded,0.00,100
2b,30,bbh_multistep_arithmetic_two,answerable,correct,17.00,100
2b,30,bbh_multistep_arithmetic_two,answerable,valid_correct,0.00,100
2b,30,bbh_multistep_arithmetic_two,answerable,in_system,0.00,100
2b,30,bbh_multistep_arithmetic_two,answerable,valid_wrong,0.00,100
2b,30,bbh_navigate,all,has_proof,100.00,100
2b,30,bbh_navigate,all,grammatical,13.00,100
2b,30,bbh_navigate,all,valid,0.00,100
2b,30,bbh_navigate,all,grounded,5.00,100
2b,30,bbh_navigate,all,correct,27.00,100
2b,30,bbh_navigate,all,valid_correct,0.00,100
2b,30,bbh_navigate,all,in_system,0.00,100
2b,30,bbh_navigate,all,valid_wrong,0.00,100
2b,30,bbh_navigate,answerable,has_proof,100.00,100
2b,30,bbh_navigate,answerable,grammatical,13.00,100
2b,30,bbh_navigate,answerable,valid,0.00,100
2b,30,bbh_navigate,answerable,grounded,5.00,100
2b,30,bbh_navigate,answerable,correct,27.00,100
2b,30,bbh_navigate,answerable,valid_correct,0.00,100
2b,30,bbh_navigate,answerable,in_system,0.00,100
2b,30,bbh_navigate,answerable,valid_wrong,0.00,100
2b,30,bbh_object_counting,all,has_proof,100.00,100
2b,30,bbh_object_counting,all,grammatical,13.00,100
2b,30,bbh_object_counting,all,valid,0.00,100
2b,30,bbh_object_counting,all,grounded,5.00,100
2b,30,bbh_object_counting,all,correct,36.00,100
2b,30,bbh_object_counting,all,valid_correct,0.00,100
2b,30,bbh_object_counting,all,in_system,0.00,100
2b,30,bbh_object_counting,all,valid_wrong,0.00,100
2b,30,bbh_object_counting,answerable,has_proof,100.00,100
2b,30,bbh_object_counting,answerable,grammatical,13.00,100
2b,30,bbh_object_counting,answerable,valid,0.00,100
2b,30,bbh_object_counting,answerable,grounded,5.00,100
2b,30,bbh_object_counting,answerable,correct,36.00,100
2b,30,bbh_object_counting,answerable,valid_correct,0.00,100
2b,30,bbh_object_counting,answerable,in_system,0.00,100
2b,30,bbh_object_counting,answerable,valid_wrong,0.00,100
2b,30,bbh_penguins_in_a_table,all,has_proof,0.00,100
2b,30,bbh_penguins_in_a_table,all,grammatical,0.00,100
2b,30,bbh_penguins_in_a_table,all,valid,0.00,100
2b,30,bbh_penguins_in_a_table,all,grounded,0.00,100
2b,30,bbh_penguins_in_a_table,all,correct,43.00,100
2b,30,bbh_penguins_in_a_table,all,valid_correct,0.00,100
2b,30,bbh_penguins_in_a_table,all,in_system,0.00,100
2b,30,bbh_penguins_in_a_table,all,valid_wrong,0.00,100
2b,30,bbh_reasoning_about_colored_objects,all,has_proof,0.00,100
2b,30,bbh_reasoning_about_colored_objects,all,grammatical,0.00,100
2b,30,bbh_reasoning_about_colored_objects,all,valid,0.00,100
2b,30,bbh_reasoning_about_colored_objects,all,grounded,0.00,100
2b,30,bbh_reasoning_about_colored_objects,all,correct,56.00,100
2b,30,bbh_reasoning_about_colored_objects,all,valid_correct,0.00,100
2b,30,bbh_reasoning_about_colored_objects,all,in_system,0.00,100
2b,30,bbh_reasoning_about_colored_objects,all,valid_wrong,0.00,100
2b,30,bbh_ruin_names,all,has_proof,0.00,100
2b,30,bbh_ruin_names,all,grammatical,0.00,100
2b,30,bbh_ruin_names,all,valid,0.00,100
2b,30,bbh_ruin_names,all,grounded,0.00,100
2b,30,bbh_ruin_names,all,correct,2.00,100
2b,30,bbh_ruin_names,all,valid_correct,0.00,100
2b,30,bbh_ruin_names,all,in_system,0.00,100
2b,30,bbh_ruin_names,all,valid_wrong,0.00,100
2b,30,bbh_salient_translation_error_detection,all,has_proof,0.00,100
2b,30,bbh_salient_translation_error_detection,all,grammatical,0.00,100
2b,30,bbh_salient_translation_error_detection,all,valid,0.00,100
2b,30,bbh_salient_translation_error_detection,all,grounded,0.00,100
2b,30,bbh_salient_translation_error_detection,all,correct,5.00,100
2b,30,bbh_salient_translation_error_detection,all,valid_correct,0.00,100
2b,30,bbh_salient_translation_error_detection,all,in_system,0.00,100
2b,30,bbh_salient_translation_error_detection,all,valid_wrong,0.00,100
2b,30,bbh_snarks,all,has_proof,0.00,100
2b,30,bbh_snarks,all,grammatical,0.00,100
2b,30,bbh_snarks,all,valid,0.00,100
2b,30,bbh_snarks,all,grounded,0.00,100
2b,30,bbh_snarks,all,correct,0.00,100
2b,30,bbh_snarks,all,valid_correct,0.00,100
2b,30,bbh_snarks,all,in_system,0.00,100
2b,30,bbh_snarks,all,valid_wrong,0.00,100
2b,30,bbh_sports_understanding,all,has_proof,100.00,100
2b,30,bbh_sports_understanding,all,grammatical,11.00,100
2b,30,bbh_sports_understanding,all,valid,2.00,100
2b,30,bbh_sports_understanding,all,grounded,5.00,100
2b,30,bbh_sports_understanding,all,correct,42.00,100
2b,30,bbh_sports_understanding,all,valid_correct,1.00,100
2b,30,bbh_sports_understanding,all,in_system,1.00,100
2b,30,bbh_sports_understanding,all,valid_wrong,1.00,100
2b,30,bbh_sports_understanding,answerable,has_proof,100.00,100
2b,30,bbh_sports_understanding,answerable,grammatical,11.00,100
2b,30,bbh_sports_understanding,answerable,valid,2.00,100
2b,30,bbh_sports_understanding,answerable,grounded,5.00,100
2b,30,bbh_sports_understanding,answerable,correct,42.00,100
2b,30,bbh_sports_understanding,answerable,valid_correct,1.00,100
2b,30,bbh_sports_understanding,answerable,in_system,1.00,100
2b,30,bbh_sports_understanding,answerable,valid_wrong,1.00,100
2b,30,bbh_temporal_sequences,all,has_proof,0.00,100
2b,30,bbh_temporal_sequences,all,grammatical,0.00,100
2b,30,bbh_temporal_sequences,all,valid,0.00,100
2b,30,bbh_temporal_sequences,all,grounded,0.00,100
2b,30,bbh_temporal_sequences,all,correct,27.00,100
2b,30,bbh_temporal_sequences,all,valid_correct,0.00,100
2b,30,bbh_temporal_sequences,all,in_system,0.00,100
2b,30,bbh_temporal_sequences,all,valid_wrong,0.00,100
2b,30,bbh_tracking_shuffled_objects_five_objects,all,has_proof,0.00,100
2b,30,bbh_tracking_shuffled_objects_five_objects,all,grammatical,0.00,100
2b,30,bbh_tracking_shuffled_objects_five_objects,all,valid,0.00,100
2b,30,bbh_tracking_shuffled_objects_five_objects,all,grounded,0.00,100
2b,30,bbh_tracking_shuffled_objects_five_objects,all,correct,66.00,100
2b,30,bbh_tracking_shuffled_objects_five_objects,all,valid_correct,0.00,100
2b,30,bbh_tracking_shuffled_objects_five_objects,all,in_system,0.00,100
2b,30,bbh_tracking_shuffled_objects_five_objects,all,valid_wrong,0.00,100
2b,30,bbh_tracking_shuffled_objects_seven_objects,all,has_proof,0.00,100
2b,30,bbh_tracking_shuffled_objects_seven_objects,all,grammatical,0.00,100
2b,30,bbh_tracking_shuffled_objects_seven_objects,all,valid,0.00,100
2b,30,bbh_tracking_shuffled_objects_seven_objects,all,grounded,0.00,100
2b,30,bbh_tracking_shuffled_objects_seven_objects,all,correct,57.00,100
2b,30,bbh_tracking_shuffled_objects_seven_objects,all,valid_correct,0.00,100
2b,30,bbh_tracking_shuffled_objects_seven_objects,all,in_system,0.00,100
2b,30,bbh_tracking_shuffled_objects_seven_objects,all,valid_wrong,0.00,100
2b,30,bbh_tracking_shuffled_objects_three_objects,all,has_proof,0.00,100
2b,30,bbh_tracking_shuffled_objects_three_objects,all,grammatical,0.00,100
2b,30,bbh_tracking_shuffled_objects_three_objects,all,valid,0.00,100
2b,30,bbh_tracking_shuffled_objects_three_objects,all,grounded,0.00,100
2b,30,bbh_tracking_shuffled_objects_three_objects,all,correct,4.00,100
2b,30,bbh_tracking_shuffled_objects_three_objects,all,valid_correct,0.00,100
2b,30,bbh_tracking_shuffled_objects_three_objects,all,in_system,0.00,100
2b,30,bbh_tracking_shuffled_objects_three_objects,all,valid_wrong,0.00,100
2b,30,bbh_web_of_lies,all,has_proof,100.00,100
2b,30,bbh_web_of_lies,all,grammatical,70.00,100
2b,30,bbh_web_of_lies,all,valid,8.00,100
2b,30,bbh_web_of_lies,all,grounded,62.00,100
2b,30,bbh_web_of_lies,all,correct,53.00,100
2b,30,bbh_web_of_lies,all,valid_correct,6.00,100
2b,30,bbh_web_of_lies,all,in_system,6.00,100
2b,30,bbh_web_of_lies,all,valid_wrong,2.00,100
2b,30,bbh_web_of_lies,answerable,has_proof,100.00,100
2b,30,bbh_web_of_lies,answerable,grammatical,70.00,100
2b,30,bbh_web_of_lies,answerable,valid,8.00,100
2b,30,bbh_web_of_lies,answerable,grounded,62.00,100
2b,30,bbh_web_of_lies,answerable,correct,53.00,100
2b,30,bbh_web_of_lies,answerable,valid_correct,6.00,100
2b,30,bbh_web_of_lies,answerable,in_system,6.00,100
2b,30,bbh_web_of_lies,answerable,valid_wrong,2.00,100
2b,30,bbh_word_sorting,all,has_proof,100.00,100
2b,30,bbh_word_sorting,all,grammatical,0.00,100
2b,30,bbh_word_sorting,all,valid,0.00,100
2b,30,bbh_word_sorting,all,grounded,0.00,100
2b,30,bbh_word_sorting,all,correct,15.00,100
2b,30,bbh_word_sorting,all,valid_correct,0.00,100
2b,30,bbh_word_sorting,all,in_system,0.00,100
2b,30,bbh_word_sorting,all,valid_wrong,0.00,100
2b,30,folio,all,has_proof,99.51,203
2b,30,folio,all,grammatical,36.95,203
2b,30,folio,all,valid,3.94,203
2b,30,folio,all,grounded,23.15,203
2b,30,folio,all,correct,39.90,203
2b,30,folio,all,valid_correct,1.97,203
2b,30,folio,all,in_system,1.97,203
2b,30,folio,all,valid_wrong,1.97,203
2b,30,folio,answerable,has_proof,100.00,134
2b,30,folio,answerable,grammatical,30.60,134
2b,30,folio,answerable,valid,3.73,134
2b,30,folio,answerable,grounded,16.42,134
2b,30,folio,answerable,correct,60.45,134
2b,30,folio,answerable,valid_correct,2.99,134
2b,30,folio,answerable,in_system,2.99,134
2b,30,folio,answerable,valid_wrong,0.75,134
2b,30,gpqa_diamond,all,has_proof,0.00,198
2b,30,gpqa_diamond,all,grammatical,0.00,198
2b,30,gpqa_diamond,all,valid,0.00,198
2b,30,gpqa_diamond,all,grounded,0.00,198
2b,30,gpqa_diamond,all,correct,32.32,198
2b,30,gpqa_diamond,all,valid_correct,0.00,198
2b,30,gpqa_diamond,all,in_system,0.00,198
2b,30,gpqa_diamond,all,valid_wrong,0.00,198
2b,30,gpqa_quant,all,has_proof,0.00,73
2b,30,gpqa_quant,all,grammatical,0.00,73
2b,30,gpqa_quant,all,valid,0.00,73
2b,30,gpqa_quant,all,grounded,0.00,73
2b,30,gpqa_quant,all,correct,30.14,73
2b,30,gpqa_quant,all,valid_correct,0.00,73
2b,30,gpqa_quant,all,in_system,0.00,73
2b,30,gpqa_quant,all,valid_wrong,0.00,73
2b,30,gpqa_rest,all,has_proof,0.00,125
2b,30,gpqa_rest,all,grammatical,0.00,125
2b,30,gpqa_rest,all,valid,0.00,125
2b,30,gpqa_rest,all,grounded,0.00,125
2b,30,gpqa_rest,all,correct,33.60,125
2b,30,gpqa_rest,all,valid_correct,0.00,125
2b,30,gpqa_rest,all,in_system,0.00,125
2b,30,gpqa_rest,all,valid_wrong,0.00,125
2b,30,gsm8k,all,has_proof,99.40,500
2b,30,gsm8k,all,grammatical,39.80,500
2b,30,gsm8k,all,valid,4.80,500
2b,30,gsm8k,all,grounded,25.80,500
2b,30,gsm8k,all,correct,35.40,500
2b,30,gsm8k,all,valid_correct,3.20,500
2b,30,gsm8k,all,in_system,3.20,500
2b,30,gsm8k,all,valid_wrong,1.60,500
2b,30,gsm8k,answerable,has_proof,99.40,500
2b,30,gsm8k,answerable,grammatical,39.80,500
2b,30,gsm8k,answerable,valid,4.80,500
2b,30,gsm8k,answerable,grounded,25.80,500
2b,30,gsm8k,answerable,correct,35.40,500
2b,30,gsm8k,answerable,valid_correct,3.20,500
2b,30,gsm8k,answerable,in_system,3.20,500
2b,30,gsm8k,answerable,valid_wrong,1.60,500
2b,30,hotpotqa,all,has_proof,0.00,200
2b,30,hotpotqa,all,grammatical,0.00,200
2b,30,hotpotqa,all,valid,0.00,200
2b,30,hotpotqa,all,grounded,0.00,200
2b,30,hotpotqa,all,correct,0.00,200
2b,30,hotpotqa,all,valid_correct,0.00,200
2b,30,hotpotqa,all,in_system,0.00,200
2b,30,hotpotqa,all,valid_wrong,0.00,200
2b,30,hotpotqa,all,f1,0.00,200
2b,30,logiqa,all,has_proof,0.77,651
2b,30,logiqa,all,grammatical,0.15,651
2b,30,logiqa,all,valid,0.00,651
2b,30,logiqa,all,grounded,0.00,651
2b,30,logiqa,all,correct,40.71,651
2b,30,logiqa,all,valid_correct,0.00,651
2b,30,logiqa,all,in_system,0.00,651
2b,30,logiqa,all,valid_wrong,0.00,651
2b,30,mmlu,all,has_proof,6.20,1000
2b,30,mmlu,all,grammatical,0.70,1000
2b,30,mmlu,all,valid,0.00,1000
2b,30,mmlu,all,grounded,0.30,1000
2b,30,mmlu,all,correct,28.30,1000
2b,30,mmlu,all,valid_correct,0.00,1000
2b,30,mmlu,all,in_system,0.00,1000
2b,30,mmlu,all,valid_wrong,0.00,1000
2b,30,musique,all,has_proof,0.00,200
2b,30,musique,all,grammatical,0.00,200
2b,30,musique,all,valid,0.00,200
2b,30,musique,all,grounded,0.00,200
2b,30,musique,all,correct,0.00,200
2b,30,musique,all,valid_correct,0.00,200
2b,30,musique,all,in_system,0.00,200
2b,30,musique,all,valid_wrong,0.00,200
2b,30,musique,all,f1,0.11,200
2b,30,pw_all,all,has_proof,100.00,2500
2b,30,pw_all,all,grammatical,60.56,2500
2b,30,pw_all,all,valid,13.72,2500
2b,30,pw_all,all,grounded,37.64,2500
2b,30,pw_all,all,correct,40.00,2500
2b,30,pw_all,all,valid_correct,10.80,2500
2b,30,pw_all,all,in_system,10.80,2500
2b,30,pw_all,all,valid_wrong,2.92,2500
2b,30,pw_all,answerable,has_proof,100.00,1753
2b,30,pw_all,answerable,grammatical,62.12,1753
2b,30,pw_all,answerable,valid,16.83,1753
2b,30,pw_all,answerable,grounded,39.99,1753
2b,30,pw_all,answerable,correct,57.05,1753
2b,30,pw_all,answerable,valid_correct,15.40,1753
2b,30,pw_all,answerable,in_system,15.40,1753
2b,30,pw_all,answerable,valid_wrong,1.43,1753
2b,30,pw_d0,all,has_proof,100.00,500
2b,30,pw_d0,all,grammatical,61.60,500
2b,30,pw_d0,all,valid,16.80,500
2b,30,pw_d0,all,grounded,37.80,500
2b,30,pw_d0,all,correct,30.60,500
2b,30,pw_d0,all,valid_correct,13.40,500
2b,30,pw_d0,all,in_system,13.40,500
2b,30,pw_d0,all,valid_wrong,3.40,500
2b,30,pw_d0,answerable,has_proof,100.00,226
2b,30,pw_d0,answerable,grammatical,69.47,226
2b,30,pw_d0,answerable,valid,31.42,226
2b,30,pw_d0,answerable,grounded,49.12,226
2b,30,pw_d0,answerable,correct,67.70,226
2b,30,pw_d0,answerable,valid_correct,29.65,226
2b,30,pw_d0,answerable,in_system,29.65,226
2b,30,pw_d0,answerable,valid_wrong,1.77,226
2b,30,pw_d1,all,has_proof,100.00,500
2b,30,pw_d1,all,grammatical,64.60,500
2b,30,pw_d1,all,valid,18.00,500
2b,30,pw_d1,all,grounded,42.80,500
2b,30,pw_d1,all,correct,32.60,500
2b,30,pw_d1,all,valid_correct,13.20,500
2b,30,pw_d1,all,in_system,13.20,500
2b,30,pw_d1,all,valid_wrong,4.80,500
2b,30,pw_d1,answerable,has_proof,100.00,255
2b,30,pw_d1,answerable,grammatical,69.80,255
2b,30,pw_d1,answerable,valid,28.24,255
2b,30,pw_d1,answerable,grounded,53.73,255
2b,30,pw_d1,answerable,correct,63.92,255
2b,30,pw_d1,answerable,valid_correct,25.88,255
2b,30,pw_d1,answerable,in_system,25.88,255
2b,30,pw_d1,answerable,valid_wrong,2.35,255
2b,30,pw_d2,all,has_proof,100.00,500
2b,30,pw_d2,all,grammatical,61.00,500
2b,30,pw_d2,all,valid,14.00,500
2b,30,pw_d2,all,grounded,39.40,500
2b,30,pw_d2,all,correct,45.20,500
2b,30,pw_d2,all,valid_correct,12.80,500
2b,30,pw_d2,all,in_system,12.80,500
2b,30,pw_d2,all,valid_wrong,1.20,500
2b,30,pw_d2,answerable,has_proof,100.00,382
2b,30,pw_d2,answerable,grammatical,65.45,382
2b,30,pw_d2,answerable,valid,17.28,382
2b,30,pw_d2,answerable,grounded,43.19,382
2b,30,pw_d2,answerable,correct,59.16,382
2b,30,pw_d2,answerable,valid_correct,16.75,382
2b,30,pw_d2,answerable,in_system,16.75,382
2b,30,pw_d2,answerable,valid_wrong,0.52,382
2b,30,pw_d3,all,has_proof,100.00,500
2b,30,pw_d3,all,grammatical,61.40,500
2b,30,pw_d3,all,valid,12.60,500
2b,30,pw_d3,all,grounded,38.40,500
2b,30,pw_d3,all,correct,44.60,500
2b,30,pw_d3,all,valid_correct,9.00,500
2b,30,pw_d3,all,in_system,9.00,500
2b,30,pw_d3,all,valid_wrong,3.60,500
2b,30,pw_d3,answerable,has_proof,100.00,413
2b,30,pw_d3,answerable,grammatical,60.77,413
2b,30,pw_d3,answerable,valid,12.83,413
2b,30,pw_d3,answerable,grounded,37.05,413
2b,30,pw_d3,answerable,correct,54.00,413
2b,30,pw_d3,answerable,valid_correct,10.90,413
2b,30,pw_d3,answerable,in_system,10.90,413
2b,30,pw_d3,answerable,valid_wrong,1.94,413
2b,30,pw_d5,all,has_proof,100.00,500
2b,30,pw_d5,all,grammatical,54.20,500
2b,30,pw_d5,all,valid,7.20,500
2b,30,pw_d5,all,grounded,29.80,500
2b,30,pw_d5,all,correct,47.00,500
2b,30,pw_d5,all,valid_correct,5.60,500
2b,30,pw_d5,all,in_system,5.60,500
2b,30,pw_d5,all,valid_wrong,1.60,500
2b,30,pw_d5,answerable,has_proof,100.00,477
2b,30,pw_d5,answerable,grammatical,53.04,477
2b,30,pw_d5,answerable,valid,6.92,477
2b,30,pw_d5,answerable,grounded,28.30,477
2b,30,pw_d5,answerable,correct,49.27,477
2b,30,pw_d5,answerable,valid_correct,5.87,477
2b,30,pw_d5,answerable,in_system,5.87,477
2b,30,pw_d5,answerable,valid_wrong,1.05,477
2b,35,overall,all,has_proof,45.03,9524
2b,35,overall,all,grammatical,20.19,9524
2b,35,overall,all,valid,3.98,9524
2b,35,overall,all,grounded,12.86,9524
2b,35,overall,all,correct,31.26,9524
2b,35,overall,all,valid_correct,3.03,9524
2b,35,overall,all,in_system,3.03,9524
2b,35,overall,all,valid_wrong,0.94,9524
2b,35,overall,all,f1,0.04,9524
2b,35,overall,answerable,has_proof,99.84,3187
2b,35,overall,answerable,grammatical,45.37,3187
2b,35,overall,answerable,valid,10.26,3187
2b,35,overall,answerable,grounded,29.59,3187
2b,35,overall,answerable,correct,50.89,3187
2b,35,overall,answerable,valid_correct,9.07,3187
2b,35,overall,answerable,in_system,9.07,3187
2b,35,overall,answerable,valid_wrong,1.19,3187
2b,35,bbh,all,has_proof,34.59,2700
2b,35,bbh,all,grammatical,6.26,2700
2b,35,bbh,all,valid,0.37,2700
2b,35,bbh,all,grounded,3.67,2700
2b,35,bbh,all,correct,27.59,2700
2b,35,bbh,all,valid_correct,0.26,2700
2b,35,bbh,all,in_system,0.26,2700
2b,35,bbh,all,valid_wrong,0.11,2700
2b,35,bbh,answerable,has_proof,99.62,800
2b,35,bbh,answerable,grammatical,21.12,800
2b,35,bbh,answerable,valid,1.25,800
2b,35,bbh,answerable,grounded,12.38,800
2b,35,bbh,answerable,correct,38.88,800
2b,35,bbh,answerable,valid_correct,0.88,800
2b,35,bbh,answerable,in_system,0.88,800
2b,35,bbh,answerable,valid_wrong,0.38,800
2b,35,deduction,all,has_proof,99.96,2703
2b,35,deduction,all,grammatical,57.64,2703
2b,35,deduction,all,valid,12.73,2703
2b,35,deduction,all,grounded,36.85,2703
2b,35,deduction,all,correct,41.81,2703
2b,35,deduction,all,valid_correct,9.84,2703
2b,35,deduction,all,in_system,9.84,2703
2b,35,deduction,all,valid_wrong,2.89,2703
2b,35,deduction,answerable,has_proof,100.00,1887
2b,35,deduction,answerable,grammatical,58.13,1887
2b,35,deduction,answerable,valid,15.47,1887
2b,35,deduction,answerable,grounded,38.10,1887
2b,35,deduction,answerable,correct,59.88,1887
2b,35,deduction,answerable,valid_correct,14.10,1887
2b,35,deduction,answerable,in_system,14.10,1887
2b,35,deduction,answerable,valid_wrong,1.38,1887
2b,35,gpqa,all,has_proof,1.01,198
2b,35,gpqa,all,grammatical,0.00,198
2b,35,gpqa,all,valid,0.00,198
2b,35,gpqa,all,grounded,0.00,198
2b,35,gpqa,all,correct,28.79,198
2b,35,gpqa,all,valid_correct,0.00,198
2b,35,gpqa,all,in_system,0.00,198
2b,35,gpqa,all,valid_wrong,0.00,198
2b,35,multihop,all,has_proof,0.00,600
2b,35,multihop,all,grammatical,0.00,600
2b,35,multihop,all,valid,0.00,600
2b,35,multihop,all,grounded,0.00,600
2b,35,multihop,all,correct,0.00,600
2b,35,multihop,all,valid_correct,0.00,600
2b,35,multihop,all,in_system,0.00,600
2b,35,multihop,all,valid_wrong,0.00,600
2b,35,multihop,all,f1,0.04,600
2b,35,standard,all,has_proof,19.59,3323
2b,35,standard,all,grammatical,5.90,3323
2b,35,standard,all,valid,0.75,3323
2b,35,standard,all,grounded,3.91,3323
2b,35,standard,all,correct,31.45,3323
2b,35,standard,all,valid_correct,0.48,3323
2b,35,standard,all,in_system,0.48,3323
2b,35,standard,all,valid_wrong,0.27,3323
2b,35,standard,answerable,has_proof,99.60,500
2b,35,standard,answerable,grammatical,36.00,500
2b,35,standard,answerable,valid,5.00,500
2b,35,standard,answerable,grounded,25.00,500
2b,35,standard,answerable,correct,36.20,500
2b,35,standard,answerable,valid_correct,3.20,500
2b,35,standard,answerable,in_system,3.20,500
2b,35,standard,answerable,valid_wrong,1.80,500
2b,35,2wikimqa,all,has_proof,0.00,200
2b,35,2wikimqa,all,grammatical,0.00,200
2b,35,2wikimqa,all,valid,0.00,200
2b,35,2wikimqa,all,grounded,0.00,200
2b,35,2wikimqa,all,correct,0.00,200
2b,35,2wikimqa,all,valid_correct,0.00,200
2b,35,2wikimqa,all,in_system,0.00,200
2b,35,2wikimqa,all,valid_wrong,0.00,200
2b,35,2wikimqa,all,f1,0.00,200
2b,35,arc_challenge,all,has_proof,4.44,1172
2b,35,arc_challenge,all,grammatical,0.51,1172
2b,35,arc_challenge,all,valid,0.00,1172
2b,35,arc_challenge,all,grounded,0.17,1172
2b,35,arc_challenge,all,correct,25.09,1172
2b,35,arc_challenge,all,valid_correct,0.00,1172
2b,35,arc_challenge,all,in_system,0.00,1172
2b,35,arc_challenge,all,valid_wrong,0.00,1172
2b,35,bbh_boolean_expressions,all,has_proof,100.00,100
2b,35,bbh_boolean_expressions,all,grammatical,22.00,100
2b,35,bbh_boolean_expressions,all,valid,0.00,100
2b,35,bbh_boolean_expressions,all,grounded,1.00,100
2b,35,bbh_boolean_expressions,all,correct,61.00,100
2b,35,bbh_boolean_expressions,all,valid_correct,0.00,100
2b,35,bbh_boolean_expressions,all,in_system,0.00,100
2b,35,bbh_boolean_expressions,all,valid_wrong,0.00,100
2b,35,bbh_boolean_expressions,answerable,has_proof,100.00,100
2b,35,bbh_boolean_expressions,answerable,grammatical,22.00,100
2b,35,bbh_boolean_expressions,answerable,valid,0.00,100
2b,35,bbh_boolean_expressions,answerable,grounded,1.00,100
2b,35,bbh_boolean_expressions,answerable,correct,61.00,100
2b,35,bbh_boolean_expressions,answerable,valid_correct,0.00,100
2b,35,bbh_boolean_expressions,answerable,in_system,0.00,100
2b,35,bbh_boolean_expressions,answerable,valid_wrong,0.00,100
2b,35,bbh_causal_judgement,all,has_proof,100.00,100
2b,35,bbh_causal_judgement,all,grammatical,16.00,100
2b,35,bbh_causal_judgement,all,valid,0.00,100
2b,35,bbh_causal_judgement,all,grounded,7.00,100
2b,35,bbh_causal_judgement,all,correct,40.00,100
2b,35,bbh_causal_judgement,all,valid_correct,0.00,100
2b,35,bbh_causal_judgement,all,in_system,0.00,100
2b,35,bbh_causal_judgement,all,valid_wrong,0.00,100
2b,35,bbh_causal_judgement,answerable,has_proof,100.00,100
2b,35,bbh_causal_judgement,answerable,grammatical,16.00,100
2b,35,bbh_causal_judgement,answerable,valid,0.00,100
2b,35,bbh_causal_judgement,answerable,grounded,7.00,100
2b,35,bbh_causal_judgement,answerable,correct,40.00,100
2b,35,bbh_causal_judgement,answerable,valid_correct,0.00,100
2b,35,bbh_causal_judgement,answerable,in_system,0.00,100
2b,35,bbh_causal_judgement,answerable,valid_wrong,0.00,100
2b,35,bbh_date_understanding,all,has_proof,0.00,100
2b,35,bbh_date_understanding,all,grammatical,0.00,100
2b,35,bbh_date_understanding,all,valid,0.00,100
2b,35,bbh_date_understanding,all,grounded,0.00,100
2b,35,bbh_date_understanding,all,correct,59.00,100
2b,35,bbh_date_understanding,all,valid_correct,0.00,100
2b,35,bbh_date_understanding,all,in_system,0.00,100
2b,35,bbh_date_understanding,all,valid_wrong,0.00,100
2b,35,bbh_disambiguation_qa,all,has_proof,0.00,100
2b,35,bbh_disambiguation_qa,all,grammatical,0.00,100
2b,35,bbh_disambiguation_qa,all,valid,0.00,100
2b,35,bbh_disambiguation_qa,all,grounded,0.00,100
2b,35,bbh_disambiguation_qa,all,correct,0.00,100
2b,35,bbh_disambiguation_qa,all,valid_correct,0.00,100
2b,35,bbh_disambiguation_qa,all,in_system,0.00,100
2b,35,bbh_disambiguation_qa,all,valid_wrong,0.00,100
2b,35,bbh_dyck_languages,all,has_proof,31.00,100
2b,35,bbh_dyck_languages,all,grammatical,0.00,100
2b,35,bbh_dyck_languages,all,valid,0.00,100
2b,35,bbh_dyck_languages,all,grounded,0.00,100
2b,35,bbh_dyck_languages,all,correct,3.00,100
2b,35,bbh_dyck_languages,all,valid_correct,0.00,100
2b,35,bbh_dyck_languages,all,in_system,0.00,100
2b,35,bbh_dyck_languages,all,valid_wrong,0.00,100
2b,35,bbh_formal_fallacies,all,has_proof,97.00,100
2b,35,bbh_formal_fallacies,all,grammatical,33.00,100
2b,35,bbh_formal_fallacies,all,valid,0.00,100
2b,35,bbh_formal_fallacies,all,grounded,21.00,100
2b,35,bbh_formal_fallacies,all,correct,33.00,100
2b,35,bbh_formal_fallacies,all,valid_correct,0.00,100
2b,35,bbh_formal_fallacies,all,in_system,0.00,100
2b,35,bbh_formal_fallacies,all,valid_wrong,0.00,100
2b,35,bbh_formal_fallacies,answerable,has_proof,97.00,100
2b,35,bbh_formal_fallacies,answerable,grammatical,33.00,100
2b,35,bbh_formal_fallacies,answerable,valid,0.00,100
2b,35,bbh_formal_fallacies,answerable,grounded,21.00,100
2b,35,bbh_formal_fallacies,answerable,correct,33.00,100
2b,35,bbh_formal_fallacies,answerable,valid_correct,0.00,100
2b,35,bbh_formal_fallacies,answerable,in_system,0.00,100
2b,35,bbh_formal_fallacies,answerable,valid_wrong,0.00,100
2b,35,bbh_geometric_shapes,all,has_proof,0.00,100
2b,35,bbh_geometric_shapes,all,grammatical,0.00,100
2b,35,bbh_geometric_shapes,all,valid,0.00,100
2b,35,bbh_geometric_shapes,all,grounded,0.00,100
2b,35,bbh_geometric_shapes,all,correct,28.00,100
2b,35,bbh_geometric_shapes,all,valid_correct,0.00,100
2b,35,bbh_geometric_shapes,all,in_system,0.00,100
2b,35,bbh_geometric_shapes,all,valid_wrong,0.00,100
2b,35,bbh_hyperbaton,all,has_proof,0.00,100
2b,35,bbh_hyperbaton,all,grammatical,0.00,100
2b,35,bbh_hyperbaton,all,valid,0.00,100
2b,35,bbh_hyperbaton,all,grounded,0.00,100
2b,35,bbh_hyperbaton,all,correct,0.00,100
2b,35,bbh_hyperbaton,all,valid_correct,0.00,100
2b,35,bbh_hyperbaton,all,in_system,0.00,100
2b,35,bbh_hyperbaton,all,valid_wrong,0.00,100
2b,35,bbh_logical_deduction_five_objects,all,has_proof,4.00,100
2b,35,bbh_logical_deduction_five_objects,all,grammatical,0.00,100
2b,35,bbh_logical_deduction_five_objects,all,valid,0.00,100
2b,35,bbh_logical_deduction_five_objects,all,grounded,0.00,100
2b,35,bbh_logical_deduction_five_objects,all,correct,41.00,100
2b,35,bbh_logical_deduction_five_objects,all,valid_correct,0.00,100
2b,35,bbh_logical_deduction_five_objects,all,in_system,0.00,100
2b,35,bbh_logical_deduction_five_objects,all,valid_wrong,0.00,100
2b,35,bbh_logical_deduction_seven_objects,all,has_proof,2.00,100
2b,35,bbh_logical_deduction_seven_objects,all,grammatical,0.00,100
2b,35,bbh_logical_deduction_seven_objects,all,valid,0.00,100
2b,35,bbh_logical_deduction_seven_objects,all,grounded,0.00,100
2b,35,bbh_logical_deduction_seven_objects,all,correct,34.00,100
2b,35,bbh_logical_deduction_seven_objects,all,valid_correct,0.00,100
2b,35,bbh_logical_deduction_seven_objects,all,in_system,0.00,100
2b,35,bbh_logical_deduction_seven_objects,all,valid_wrong,0.00,100
2b,35,bbh_logical_deduction_three_objects,all,has_proof,0.00,100
2b,35,bbh_logical_deduction_three_objects,all,grammatical,0.00,100
2b,35,bbh_logical_deduction_three_objects,all,valid,0.00,100
2b,35,bbh_logical_deduction_three_objects,all,grounded,0.00,100
2b,35,bbh_logical_deduction_three_objects,all,correct,0.00,100
2b,35,bbh_logical_deduction_three_objects,all,valid_correct,0.00,100
2b,35,bbh_logical_deduction_three_objects,all,in_system,0.00,100
2b,35,bbh_logical_deduction_three_objects,all,valid_wrong,0.00,100
2b,35,bbh_movie_recommendation,all,has_proof,0.00,100
2b,35,bbh_movie_recommendation,all,grammatical,0.00,100
2b,35,bbh_movie_recommendation,all,valid,0.00,100
2b,35,bbh_movie_recommendation,all,grounded,0.00,100
2b,35,bbh_movie_recommendation,all,correct,0.00,100
2b,35,bbh_movie_recommendation,all,valid_correct,0.00,100
2b,35,bbh_movie_recommendation,all,in_system,0.00,100
2b,35,bbh_movie_recommendation,all,valid_wrong,0.00,100
2b,35,bbh_multistep_arithmetic_two,all,has_proof,100.00,100
2b,35,bbh_multistep_arithmetic_two,all,grammatical,0.00,100
2b,35,bbh_multistep_arithmetic_two,all,valid,0.00,100
2b,35,bbh_multistep_arithmetic_two,all,grounded,0.00,100
2b,35,bbh_multistep_arithmetic_two,all,correct,20.00,100
2b,35,bbh_multistep_arithmetic_two,all,valid_correct,0.00,100
2b,35,bbh_multistep_arithmetic_two,all,in_system,0.00,100
2b,35,bbh_multistep_arithmetic_two,all,valid_wrong,0.00,100
2b,35,bbh_multistep_arithmetic_two,answerable,has_proof,100.00,100
2b,35,bbh_multistep_arithmetic_two,answerable,grammatical,0.00,100
2b,35,bbh_multistep_arithmetic_two,answerable,valid,0.00,100
2b,35,bbh_multistep_arithmetic_two,answerable,grounded,0.00,100
2b,35,bbh_multistep_arithmetic_two,answerable,correct,20.00,100
2b,35,bbh_multistep_arithmetic_two,answerable,valid_correct,0.00,100
2b,35,bbh_multistep_arithmetic_two,answerable,in_system,0.00,100
2b,35,bbh_multistep_arithmetic_two,answerable,valid_wrong,0.00,100
2b,35,bbh_navigate,all,has_proof,100.00,100
2b,35,bbh_navigate,all,grammatical,9.00,100
2b,35,bbh_navigate,all,valid,1.00,100
2b,35,bbh_navigate,all,grounded,2.00,100
2b,35,bbh_navigate,all,correct,25.00,100
2b,35,bbh_navigate,all,valid_correct,0.00,100
2b,35,bbh_navigate,all,in_system,0.00,100
2b,35,bbh_navigate,all,valid_wrong,1.00,100
2b,35,bbh_navigate,answerable,has_proof,100.00,100
2b,35,bbh_navigate,answerable,grammatical,9.00,100
2b,35,bbh_navigate,answerable,valid,1.00,100
2b,35,bbh_navigate,answerable,grounded,2.00,100
2b,35,bbh_navigate,answerable,correct,25.00,100
2b,35,bbh_navigate,answerable,valid_correct,0.00,100
2b,35,bbh_navigate,answerable,in_system,0.00,100
2b,35,bbh_navigate,answerable,valid_wrong,1.00,100
2b,35,bbh_object_counting,all,has_proof,100.00,100
2b,35,bbh_object_counting,all,grammatical,18.00,100
2b,35,bbh_object_counting,all,valid,0.00,100
2b,35,bbh_object_counting,all,grounded,7.00,100
2b,35,bbh_object_counting,all,correct,37.00,100
2b,35,bbh_object_counting,all,valid_correct,0.00,100
2b,35,bbh_object_counting,all,in_system,0.00,100
2b,35,bbh_object_counting,all,valid_wrong,0.00,100
2b,35,bbh_object_counting,answerable,has_proof,100.00,100
2b,35,bbh_object_counting,answerable,grammatical,18.00,100
2b,35,bbh_object_counting,answerable,valid,0.00,100
2b,35,bbh_object_counting,answerable,grounded,7.00,100
2b,35,bbh_object_counting,answerable,correct,37.00,100
2b,35,bbh_object_counting,answerable,valid_correct,0.00,100
2b,35,bbh_object_counting,answerable,in_system,0.00,100
2b,35,bbh_object_counting,answerable,valid_wrong,0.00,100
2b,35,bbh_penguins_in_a_table,all,has_proof,0.00,100
2b,35,bbh_penguins_in_a_table,all,grammatical,0.00,100
2b,35,bbh_penguins_in_a_table,all,valid,0.00,100
2b,35,bbh_penguins_in_a_table,all,grounded,0.00,100
2b,35,bbh_penguins_in_a_table,all,correct,40.00,100
2b,35,bbh_penguins_in_a_table,all,valid_correct,0.00,100
2b,35,bbh_penguins_in_a_table,all,in_system,0.00,100
2b,35,bbh_penguins_in_a_table,all,valid_wrong,0.00,100
2b,35,bbh_reasoning_about_colored_objects,all,has_proof,0.00,100
2b,35,bbh_reasoning_about_colored_objects,all,grammatical,0.00,100
2b,35,bbh_reasoning_about_colored_objects,all,valid,0.00,100
2b,35,bbh_reasoning_about_colored_objects,all,grounded,0.00,100
2b,35,bbh_reasoning_about_colored_objects,all,correct,58.00,100
2b,35,bbh_reasoning_about_colored_objects,all,valid_correct,0.00,100
2b,35,bbh_reasoning_about_colored_objects,all,in_system,0.00,100
2b,35,bbh_reasoning_about_colored_objects,all,valid_wrong,0.00,100
2b,35,bbh_ruin_names,all,has_proof,0.00,100
2b,35,bbh_ruin_names,all,grammatical,0.00,100
2b,35,bbh_ruin_names,all,valid,0.00,100
2b,35,bbh_ruin_names,all,grounded,0.00,100
2b,35,bbh_ruin_names,all,correct,3.00,100
2b,35,bbh_ruin_names,all,valid_correct,0.00,100
2b,35,bbh_ruin_names,all,in_system,0.00,100
2b,35,bbh_ruin_names,all,valid_wrong,0.00,100
2b,35,bbh_salient_translation_error_detection,all,has_proof,0.00,100
2b,35,bbh_salient_translation_error_detection,all,grammatical,0.00,100
2b,35,bbh_salient_translation_error_detection,all,valid,0.00,100
2b,35,bbh_salient_translation_error_detection,all,grounded,0.00,100
2b,35,bbh_salient_translation_error_detection,all,correct,1.00,100
2b,35,bbh_salient_translation_error_detection,all,valid_correct,0.00,100
2b,35,bbh_salient_translation_error_detection,all,in_system,0.00,100
2b,35,bbh_salient_translation_error_detection,all,valid_wrong,0.00,100
2b,35,bbh_snarks,all,has_proof,0.00,100
2b,35,bbh_snarks,all,grammatical,0.00,100
2b,35,bbh_snarks,all,valid,0.00,100
2b,35,bbh_snarks,all,grounded,0.00,100
2b,35,bbh_snarks,all,correct,0.00,100
2b,35,bbh_snarks,all,valid_correct,0.00,100
2b,35,bbh_snarks,all,in_system,0.00,100
2b,35,bbh_snarks,all,valid_wrong,0.00,100
2b,35,bbh_sports_understanding,all,has_proof,100.00,100
2b,35,bbh_sports_understanding,all,grammatical,7.00,100
2b,35,bbh_sports_understanding,all,valid,1.00,100
2b,35,bbh_sports_understanding,all,grounded,2.00,100
2b,35,bbh_sports_understanding,all,correct,47.00,100
2b,35,bbh_sports_understanding,all,valid_correct,1.00,100
2b,35,bbh_sports_understanding,all,in_system,1.00,100
2b,35,bbh_sports_understanding,all,valid_wrong,0.00,100
2b,35,bbh_sports_understanding,answerable,has_proof,100.00,100
2b,35,bbh_sports_understanding,answerable,grammatical,7.00,100
2b,35,bbh_sports_understanding,answerable,valid,1.00,100
2b,35,bbh_sports_understanding,answerable,grounded,2.00,100
2b,35,bbh_sports_understanding,answerable,correct,47.00,100
2b,35,bbh_sports_understanding,answerable,valid_correct,1.00,100
2b,35,bbh_sports_understanding,answerable,in_system,1.00,100
2b,35,bbh_sports_understanding,answerable,valid_wrong,0.00,100
2b,35,bbh_temporal_sequences,all,has_proof,0.00,100
2b,35,bbh_temporal_sequences,all,grammatical,0.00,100
2b,35,bbh_temporal_sequences,all,valid,0.00,100
2b,35,bbh_temporal_sequences,all,grounded,0.00,100
2b,35,bbh_temporal_sequences,all,correct,29.00,100
2b,35,bbh_temporal_sequences,all,valid_correct,0.00,100
2b,35,bbh_temporal_sequences,all,in_system,0.00,100
2b,35,bbh_temporal_sequences,all,valid_wrong,0.00,100
2b,35,bbh_tracking_shuffled_objects_five_objects,all,has_proof,0.00,100
2b,35,bbh_tracking_shuffled_objects_five_objects,all,grammatical,0.00,100
2b,35,bbh_tracking_shuffled_objects_five_objects,all,valid,0.00,100
2b,35,bbh_tracking_shuffled_objects_five_objects,all,grounded,0.00,100
2b,35,bbh_tracking_shuffled_objects_five_objects,all,correct,68.00,100
2b,35,bbh_tracking_shuffled_objects_five_objects,all,valid_correct,0.00,100
2b,35,bbh_tracking_shuffled_objects_five_objects,all,in_system,0.00,100
2b,35,bbh_tracking_shuffled_objects_five_objects,all,valid_wrong,0.00,100
2b,35,bbh_tracking_shuffled_objects_seven_objects,all,has_proof,0.00,100
2b,35,bbh_tracking_shuffled_objects_seven_objects,all,grammatical,0.00,100
2b,35,bbh_tracking_shuffled_objects_seven_objects,all,valid,0.00,100
2b,35,bbh_tracking_shuffled_objects_seven_objects,all,grounded,0.00,100
2b,35,bbh_tracking_shuffled_objects_seven_objects,all,correct,56.00,100
2b,35,bbh_tracking_shuffled_objects_seven_objects,all,valid_correct,0.00,100
2b,35,bbh_tracking_shuffled_objects_seven_objects,all,in_system,0.00,100
2b,35,bbh_tracking_shuffled_objects_seven_objects,all,valid_wrong,0.00,100
2b,35,bbh_tracking_shuffled_objects_three_objects,all,has_proof,0.00,100
2b,35,bbh_tracking_shuffled_objects_three_objects,all,grammatical,0.00,100
2b,35,bbh_tracking_shuffled_objects_three_objects,all,valid,0.00,100
2b,35,bbh_tracking_shuffled_objects_three_objects,all,grounded,0.00,100
2b,35,bbh_tracking_shuffled_objects_three_objects,all,correct,2.00,100
2b,35,bbh_tracking_shuffled_objects_three_objects,all,valid_correct,0.00,100
2b,35,bbh_tracking_shuffled_objects_three_objects,all,in_system,0.00,100
2b,35,bbh_tracking_shuffled_objects_three_objects,all,valid_wrong,0.00,100
2b,35,bbh_web_of_lies,all,has_proof,100.00,100
2b,35,bbh_web_of_lies,all,grammatical,64.00,100
2b,35,bbh_web_of_lies,all,valid,8.00,100
2b,35,bbh_web_of_lies,all,grounded,59.00,100
2b,35,bbh_web_of_lies,all,correct,48.00,100
2b,35,bbh_web_of_lies,all,valid_correct,6.00,100
2b,35,bbh_web_of_lies,all,in_system,6.00,100
2b,35,bbh_web_of_lies,all,valid_wrong,2.00,100
2b,35,bbh_web_of_lies,answerable,has_proof,100.00,100
2b,35,bbh_web_of_lies,answerable,grammatical,64.00,100
2b,35,bbh_web_of_lies,answerable,valid,8.00,100
2b,35,bbh_web_of_lies,answerable,grounded,59.00,100
2b,35,bbh_web_of_lies,answerable,correct,48.00,100
2b,35,bbh_web_of_lies,answerable,valid_correct,6.00,100
2b,35,bbh_web_of_lies,answerable,in_system,6.00,100
2b,35,bbh_web_of_lies,answerable,valid_wrong,2.00,100
2b,35,bbh_word_sorting,all,has_proof,100.00,100
2b,35,bbh_word_sorting,all,grammatical,0.00,100
2b,35,bbh_word_sorting,all,valid,0.00,100
2b,35,bbh_word_sorting,all,grounded,0.00,100
2b,35,bbh_word_sorting,all,correct,12.00,100
2b,35,bbh_word_sorting,all,valid_correct,0.00,100
2b,35,bbh_word_sorting,all,in_system,0.00,100
2b,35,bbh_word_sorting,all,valid_wrong,0.00,100
2b,35,folio,all,has_proof,99.51,203
2b,35,folio,all,grammatical,42.36,203
2b,35,folio,all,valid,2.46,203
2b,35,folio,all,grounded,25.62,203
2b,35,folio,all,correct,42.36,203
2b,35,folio,all,valid_correct,1.48,203
2b,35,folio,all,in_system,1.48,203
2b,35,folio,all,valid_wrong,0.99,203
2b,35,folio,answerable,has_proof,100.00,134
2b,35,folio,answerable,grammatical,38.81,134
2b,35,folio,answerable,valid,2.99,134
2b,35,folio,answerable,grounded,22.39,134
2b,35,folio,answerable,correct,64.18,134
2b,35,folio,answerable,valid_correct,2.24,134
2b,35,folio,answerable,in_system,2.24,134
2b,35,folio,answerable,valid_wrong,0.75,134
2b,35,gpqa_diamond,all,has_proof,1.01,198
2b,35,gpqa_diamond,all,grammatical,0.00,198
2b,35,gpqa_diamond,all,valid,0.00,198
2b,35,gpqa_diamond,all,grounded,0.00,198
2b,35,gpqa_diamond,all,correct,28.79,198
2b,35,gpqa_diamond,all,valid_correct,0.00,198
2b,35,gpqa_diamond,all,in_system,0.00,198
2b,35,gpqa_diamond,all,valid_wrong,0.00,198
2b,35,gpqa_quant,all,has_proof,0.00,73
2b,35,gpqa_quant,all,grammatical,0.00,73
2b,35,gpqa_quant,all,valid,0.00,73
2b,35,gpqa_quant,all,grounded,0.00,73
2b,35,gpqa_quant,all,correct,28.77,73
2b,35,gpqa_quant,all,valid_correct,0.00,73
2b,35,gpqa_quant,all,in_system,0.00,73
2b,35,gpqa_quant,all,valid_wrong,0.00,73
2b,35,gpqa_rest,all,has_proof,1.60,125
2b,35,gpqa_rest,all,grammatical,0.00,125
2b,35,gpqa_rest,all,valid,0.00,125
2b,35,gpqa_rest,all,grounded,0.00,125
2b,35,gpqa_rest,all,correct,28.80,125
2b,35,gpqa_rest,all,valid_correct,0.00,125
2b,35,gpqa_rest,all,in_system,0.00,125
2b,35,gpqa_rest,all,valid_wrong,0.00,125
2b,35,gsm8k,all,has_proof,99.60,500
2b,35,gsm8k,all,grammatical,36.00,500
2b,35,gsm8k,all,valid,5.00,500
2b,35,gsm8k,all,grounded,25.00,500
2b,35,gsm8k,all,correct,36.20,500
2b,35,gsm8k,all,valid_correct,3.20,500
2b,35,gsm8k,all,in_system,3.20,500
2b,35,gsm8k,all,valid_wrong,1.80,500
2b,35,gsm8k,answerable,has_proof,99.60,500
2b,35,gsm8k,answerable,grammatical,36.00,500
2b,35,gsm8k,answerable,valid,5.00,500
2b,35,gsm8k,answerable,grounded,25.00,500
2b,35,gsm8k,answerable,correct,36.20,500
2b,35,gsm8k,answerable,valid_correct,3.20,500
2b,35,gsm8k,answerable,in_system,3.20,500
2b,35,gsm8k,answerable,valid_wrong,1.80,500
2b,35,hotpotqa,all,has_proof,0.00,200
2b,35,hotpotqa,all,grammatical,0.00,200
2b,35,hotpotqa,all,valid,0.00,200
2b,35,hotpotqa,all,grounded,0.00,200
2b,35,hotpotqa,all,correct,0.00,200
2b,35,hotpotqa,all,valid_correct,0.00,200
2b,35,hotpotqa,all,in_system,0.00,200
2b,35,hotpotqa,all,valid_wrong,0.00,200
2b,35,hotpotqa,all,f1,0.00,200
2b,35,logiqa,all,has_proof,0.46,651
2b,35,logiqa,all,grammatical,0.00,651
2b,35,logiqa,all,valid,0.00,651
2b,35,logiqa,all,grounded,0.00,651
2b,35,logiqa,all,correct,41.17,651
2b,35,logiqa,all,valid_correct,0.00,651
2b,35,logiqa,all,in_system,0.00,651
2b,35,logiqa,all,valid_wrong,0.00,651
2b,35,mmlu,all,has_proof,9.80,1000
2b,35,mmlu,all,grammatical,1.00,1000
2b,35,mmlu,all,valid,0.00,1000
2b,35,mmlu,all,grounded,0.30,1000
2b,35,mmlu,all,correct,30.20,1000
2b,35,mmlu,all,valid_correct,0.00,1000
2b,35,mmlu,all,in_system,0.00,1000
2b,35,mmlu,all,valid_wrong,0.00,1000
2b,35,musique,all,has_proof,0.00,200
2b,35,musique,all,grammatical,0.00,200
2b,35,musique,all,valid,0.00,200
2b,35,musique,all,grounded,0.00,200
2b,35,musique,all,correct,0.00,200
2b,35,musique,all,valid_correct,0.00,200
2b,35,musique,all,in_system,0.00,200
2b,35,musique,all,valid_wrong,0.00,200
2b,35,musique,all,f1,0.11,200
2b,35,pw_all,all,has_proof,100.00,2500
2b,35,pw_all,all,grammatical,58.88,2500
2b,35,pw_all,all,valid,13.56,2500
2b,35,pw_all,all,grounded,37.76,2500
2b,35,pw_all,all,correct,41.76,2500
2b,35,pw_all,all,valid_correct,10.52,2500
2b,35,pw_all,all,in_system,10.52,2500
2b,35,pw_all,all,valid_wrong,3.04,2500
2b,35,pw_all,answerable,has_proof,100.00,1753
2b,35,pw_all,answerable,grammatical,59.61,1753
2b,35,pw_all,answerable,valid,16.43,1753
2b,35,pw_all,answerable,grounded,39.30,1753
2b,35,pw_all,answerable,correct,59.56,1753
2b,35,pw_all,answerable,valid_correct,15.00,1753
2b,35,pw_all,answerable,in_system,15.00,1753
2b,35,pw_all,answerable,valid_wrong,1.43,1753
2b,35,pw_d0,all,has_proof,100.00,500
2b,35,pw_d0,all,grammatical,64.40,500
2b,35,pw_d0,all,valid,19.40,500
2b,35,pw_d0,all,grounded,38.00,500
2b,35,pw_d0,all,correct,32.20,500
2b,35,pw_d0,all,valid_correct,13.80,500
2b,35,pw_d0,all,in_system,13.80,500
2b,35,pw_d0,all,valid_wrong,5.60,500
2b,35,pw_d0,answerable,has_proof,100.00,226
2b,35,pw_d0,answerable,grammatical,71.68,226
2b,35,pw_d0,answerable,valid,32.74,226
2b,35,pw_d0,answerable,grounded,47.35,226
2b,35,pw_d0,answerable,correct,71.24,226
2b,35,pw_d0,answerable,valid_correct,30.53,226
2b,35,pw_d0,answerable,in_system,30.53,226
2b,35,pw_d0,answerable,valid_wrong,2.21,226
2b,35,pw_d1,all,has_proof,100.00,500
2b,35,pw_d1,all,grammatical,61.00,500
2b,35,pw_d1,all,valid,15.20,500
2b,35,pw_d1,all,grounded,42.40,500
2b,35,pw_d1,all,correct,33.20,500
2b,35,pw_d1,all,valid_correct,12.00,500
2b,35,pw_d1,all,in_system,12.00,500
2b,35,pw_d1,all,valid_wrong,3.20,500
2b,35,pw_d1,answerable,has_proof,100.00,255
2b,35,pw_d1,answerable,grammatical,65.88,255
2b,35,pw_d1,answerable,valid,24.31,255
2b,35,pw_d1,answerable,grounded,50.20,255
2b,35,pw_d1,answerable,correct,65.10,255
2b,35,pw_d1,answerable,valid_correct,23.53,255
2b,35,pw_d1,answerable,in_system,23.53,255
2b,35,pw_d1,answerable,valid_wrong,0.78,255
2b,35,pw_d2,all,has_proof,100.00,500
2b,35,pw_d2,all,grammatical,59.80,500
2b,35,pw_d2,all,valid,15.60,500
2b,35,pw_d2,all,grounded,40.80,500
2b,35,pw_d2,all,correct,47.80,500
2b,35,pw_d2,all,valid_correct,12.40,500
2b,35,pw_d2,all,in_system,12.40,500
2b,35,pw_d2,all,valid_wrong,3.20,500
2b,35,pw_d2,answerable,has_proof,100.00,382
2b,35,pw_d2,answerable,grammatical,61.52,382
2b,35,pw_d2,answerable,valid,18.59,382
2b,35,pw_d2,answerable,grounded,42.93,382
2b,35,pw_d2,answerable,correct,62.57,382
2b,35,pw_d2,answerable,valid_correct,16.23,382
2b,35,pw_d2,answerable,in_system,16.23,382
2b,35,pw_d2,answerable,valid_wrong,2.36,382
2b,35,pw_d3,all,has_proof,100.00,500
2b,35,pw_d3,all,grammatical,58.20,500
2b,35,pw_d3,all,valid,9.40,500
2b,35,pw_d3,all,grounded,39.60,500
2b,35,pw_d3,all,correct,48.80,500
2b,35,pw_d3,all,valid_correct,8.00,500
2b,35,pw_d3,all,in_system,8.00,500
2b,35,pw_d3,all,valid_wrong,1.40,500
2b,35,pw_d3,answerable,has_proof,100.00,413
2b,35,pw_d3,answerable,grammatical,57.14,413
2b,35,pw_d3,answerable,valid,10.17,413
2b,35,pw_d3,answerable,grounded,38.26,413
2b,35,pw_d3,answerable,correct,59.08,413
2b,35,pw_d3,answerable,valid_correct,9.69,413
2b,35,pw_d3,answerable,in_system,9.69,413
2b,35,pw_d3,answerable,valid_wrong,0.48,413
2b,35,pw_d5,all,has_proof,100.00,500
2b,35,pw_d5,all,grammatical,51.00,500
2b,35,pw_d5,all,valid,8.20,500
2b,35,pw_d5,all,grounded,28.00,500
2b,35,pw_d5,all,correct,46.80,500
2b,35,pw_d5,all,valid_correct,6.40,500
2b,35,pw_d5,all,in_system,6.40,500
2b,35,pw_d5,all,valid_wrong,1.80,500
2b,35,pw_d5,answerable,has_proof,100.00,477
2b,35,pw_d5,answerable,grammatical,51.15,477
2b,35,pw_d5,answerable,valid,8.18,477
2b,35,pw_d5,answerable,grounded,27.67,477
2b,35,pw_d5,answerable,correct,49.06,477
2b,35,pw_d5,answerable,valid_correct,6.71,477
2b,35,pw_d5,answerable,in_system,6.71,477
2b,35,pw_d5,answerable,valid_wrong,1.47,477
2b,40,overall,all,has_proof,44.38,9524
2b,40,overall,all,grammatical,21.55,9524
2b,40,overall,all,valid,4.44,9524
2b,40,overall,all,grounded,13.67,9524
2b,40,overall,all,correct,31.42,9524
2b,40,overall,all,valid_correct,3.29,9524
2b,40,overall,all,in_system,3.29,9524
2b,40,overall,all,valid_wrong,1.15,9524
2b,40,overall,all,f1,0.04,9524
2b,40,overall,answerable,has_proof,99.81,3187
2b,40,overall,answerable,grammatical,48.10,3187
2b,40,overall,answerable,valid,11.20,3187
2b,40,overall,answerable,grounded,31.75,3187
2b,40,overall,answerable,correct,50.96,3187
2b,40,overall,answerable,valid_correct,9.82,3187
2b,40,overall,answerable,in_system,9.82,3187
2b,40,overall,answerable,valid_wrong,1.38,3187
2b,40,bbh,all,has_proof,35.11,2700
2b,40,bbh,all,grammatical,6.67,2700
2b,40,bbh,all,valid,0.37,2700
2b,40,bbh,all,grounded,3.56,2700
2b,40,bbh,all,correct,27.11,2700
2b,40,bbh,all,valid_correct,0.26,2700
2b,40,bbh,all,in_system,0.26,2700
2b,40,bbh,all,valid_wrong,0.11,2700
2b,40,bbh,answerable,has_proof,99.50,800
2b,40,bbh,answerable,grammatical,22.50,800
2b,40,bbh,answerable,valid,1.25,800
2b,40,bbh,answerable,grounded,12.00,800
2b,40,bbh,answerable,correct,40.38,800
2b,40,bbh,answerable,valid_correct,0.88,800
2b,40,bbh,answerable,in_system,0.88,800
2b,40,bbh,answerable,valid_wrong,0.38,800
2b,40,deduction,all,has_proof,99.93,2703
2b,40,deduction,all,grammatical,60.93,2703
2b,40,deduction,all,valid,14.58,2703
2b,40,deduction,all,grounded,39.29,2703
2b,40,deduction,all,correct,41.10,2703
2b,40,deduction,all,valid_correct,10.80,2703
2b,40,deduction,all,in_system,10.80,2703
2b,40,deduction,all,valid_wrong,3.77,2703
2b,40,deduction,answerable,has_proof,100.00,1887
2b,40,deduction,answerable,grammatical,60.10,1887
2b,40,deduction,answerable,valid,17.38,1887
2b,40,deduction,answerable,grounded,41.07,1887
2b,40,deduction,answerable,correct,58.88,1887
2b,40,deduction,answerable,valid_correct,15.47,1887
2b,40,deduction,answerable,in_system,15.47,1887
2b,40,deduction,answerable,valid_wrong,1.91,1887
2b,40,gpqa,all,has_proof,0.00,198
2b,40,gpqa,all,grammatical,0.00,198
2b,40,gpqa,all,valid,0.00,198
2b,40,gpqa,all,grounded,0.00,198
2b,40,gpqa,all,correct,32.83,198
2b,40,gpqa,all,valid_correct,0.00,198
2b,40,gpqa,all,in_system,0.00,198
2b,40,gpqa,all,valid_wrong,0.00,198
2b,40,multihop,all,has_proof,0.00,600
2b,40,multihop,all,grammatical,0.00,600
2b,40,multihop,all,valid,0.00,600
2b,40,multihop,all,grounded,0.00,600
2b,40,multihop,all,correct,0.00,600
2b,40,multihop,all,valid_correct,0.00,600
2b,40,multihop,all,in_system,0.00,600
2b,40,multihop,all,valid_wrong,0.00,600
2b,40,multihop,all,f1,0.04,600
2b,40,standard,all,has_proof,17.39,3323
2b,40,standard,all,grammatical,6.77,3323
2b,40,standard,all,valid,0.57,3323
2b,40,standard,all,grounded,4.33,3323
2b,40,standard,all,correct,32.62,3323
2b,40,standard,all,valid_correct,0.42,3323
2b,40,standard,all,in_system,0.42,3323
2b,40,standard,all,valid_wrong,0.15,3323
2b,40,standard,answerable,has_proof,99.60,500
2b,40,standard,answerable,grammatical,43.80,500
2b,40,standard,answerable,valid,3.80,500
2b,40,standard,answerable,grounded,28.20,500
2b,40,standard,answerable,correct,38.00,500
2b,40,standard,answerable,valid_correct,2.80,500
2b,40,standard,answerable,in_system,2.80,500
2b,40,standard,answerable,valid_wrong,1.00,500
2b,40,2wikimqa,all,has_proof,0.00,200
2b,40,2wikimqa,all,grammatical,0.00,200
2b,40,2wikimqa,all,valid,0.00,200
2b,40,2wikimqa,all,grounded,0.00,200
2b,40,2wikimqa,all,correct,0.00,200
2b,40,2wikimqa,all,valid_correct,0.00,200
2b,40,2wikimqa,all,in_system,0.00,200
2b,40,2wikimqa,all,valid_wrong,0.00,200
2b,40,2wikimqa,all,f1,0.00,200
2b,40,arc_challenge,all,has_proof,2.22,1172
2b,40,arc_challenge,all,grammatical,0.17,1172
2b,40,arc_challenge,all,valid,0.00,1172
2b,40,arc_challenge,all,grounded,0.09,1172
2b,40,arc_challenge,all,correct,25.34,1172
2b,40,arc_challenge,all,valid_correct,0.00,1172
2b,40,arc_challenge,all,in_system,0.00,1172
2b,40,arc_challenge,all,valid_wrong,0.00,1172
2b,40,bbh_boolean_expressions,all,has_proof,100.00,100
2b,40,bbh_boolean_expressions,all,grammatical,28.00,100
2b,40,bbh_boolean_expressions,all,valid,0.00,100
2b,40,bbh_boolean_expressions,all,grounded,1.00,100
2b,40,bbh_boolean_expressions,all,correct,63.00,100
2b,40,bbh_boolean_expressions,all,valid_correct,0.00,100
2b,40,bbh_boolean_expressions,all,in_system,0.00,100
2b,40,bbh_boolean_expressions,all,valid_wrong,0.00,100
2b,40,bbh_boolean_expressions,answerable,has_proof,100.00,100
2b,40,bbh_boolean_expressions,answerable,grammatical,28.00,100
2b,40,bbh_boolean_expressions,answerable,valid,0.00,100
2b,40,bbh_boolean_expressions,answerable,grounded,1.00,100
2b,40,bbh_boolean_expressions,answerable,correct,63.00,100
2b,40,bbh_boolean_expressions,answerable,valid_correct,0.00,100
2b,40,bbh_boolean_expressions,answerable,in_system,0.00,100
2b,40,bbh_boolean_expressions,answerable,valid_wrong,0.00,100
2b,40,bbh_causal_judgement,all,has_proof,100.00,100
2b,40,bbh_causal_judgement,all,grammatical,14.00,100
2b,40,bbh_causal_judgement,all,valid,0.00,100
2b,40,bbh_causal_judgement,all,grounded,4.00,100
2b,40,bbh_causal_judgement,all,correct,47.00,100
2b,40,bbh_causal_judgement,all,valid_correct,0.00,100
2b,40,bbh_causal_judgement,all,in_system,0.00,100
2b,40,bbh_causal_judgement,all,valid_wrong,0.00,100
2b,40,bbh_causal_judgement,answerable,has_proof,100.00,100
2b,40,bbh_causal_judgement,answerable,grammatical,14.00,100
2b,40,bbh_causal_judgement,answerable,valid,0.00,100
2b,40,bbh_causal_judgement,answerable,grounded,4.00,100
2b,40,bbh_causal_judgement,answerable,correct,47.00,100
2b,40,bbh_causal_judgement,answerable,valid_correct,0.00,100
2b,40,bbh_causal_judgement,answerable,in_system,0.00,100
2b,40,bbh_causal_judgement,answerable,valid_wrong,0.00,100
2b,40,bbh_date_understanding,all,has_proof,0.00,100
2b,40,bbh_date_understanding,all,grammatical,0.00,100
2b,40,bbh_date_understanding,all,valid,0.00,100
2b,40,bbh_date_understanding,all,grounded,0.00,100
2b,40,bbh_date_understanding,all,correct,57.00,100
2b,40,bbh_date_understanding,all,valid_correct,0.00,100
2b,40,bbh_date_understanding,all,in_system,0.00,100
2b,40,bbh_date_understanding,all,valid_wrong,0.00,100
2b,40,bbh_disambiguation_qa,all,has_proof,0.00,100
2b,40,bbh_disambiguation_qa,all,grammatical,0.00,100
2b,40,bbh_disambiguation_qa,all,valid,0.00,100
2b,40,bbh_disambiguation_qa,all,grounded,0.00,100
2b,40,bbh_disambiguation_qa,all,correct,0.00,100
2b,40,bbh_disambiguation_qa,all,valid_correct,0.00,100
2b,40,bbh_disambiguation_qa,all,in_system,0.00,100
2b,40,bbh_disambiguation_qa,all,valid_wrong,0.00,100
2b,40,bbh_dyck_languages,all,has_proof,36.00,100
2b,40,bbh_dyck_languages,all,grammatical,0.00,100
2b,40,bbh_dyck_languages,all,valid,0.00,100
2b,40,bbh_dyck_languages,all,grounded,0.00,100
2b,40,bbh_dyck_languages,all,correct,4.00,100
2b,40,bbh_dyck_languages,all,valid_correct,0.00,100
2b,40,bbh_dyck_languages,all,in_system,0.00,100
2b,40,bbh_dyck_languages,all,valid_wrong,0.00,100
2b,40,bbh_formal_fallacies,all,has_proof,96.00,100
2b,40,bbh_formal_fallacies,all,grammatical,33.00,100
2b,40,bbh_formal_fallacies,all,valid,0.00,100
2b,40,bbh_formal_fallacies,all,grounded,18.00,100
2b,40,bbh_formal_fallacies,all,correct,30.00,100
2b,40,bbh_formal_fallacies,all,valid_correct,0.00,100
2b,40,bbh_formal_fallacies,all,in_system,0.00,100
2b,40,bbh_formal_fallacies,all,valid_wrong,0.00,100
2b,40,bbh_formal_fallacies,answerable,has_proof,96.00,100
2b,40,bbh_formal_fallacies,answerable,grammatical,33.00,100
2b,40,bbh_formal_fallacies,answerable,valid,0.00,100
2b,40,bbh_formal_fallacies,answerable,grounded,18.00,100
2b,40,bbh_formal_fallacies,answerable,correct,30.00,100
2b,40,bbh_formal_fallacies,answerable,valid_correct,0.00,100
2b,40,bbh_formal_fallacies,answerable,in_system,0.00,100
2b,40,bbh_formal_fallacies,answerable,valid_wrong,0.00,100
2b,40,bbh_geometric_shapes,all,has_proof,0.00,100
2b,40,bbh_geometric_shapes,all,grammatical,0.00,100
2b,40,bbh_geometric_shapes,all,valid,0.00,100
2b,40,bbh_geometric_shapes,all,grounded,0.00,100
2b,40,bbh_geometric_shapes,all,correct,26.00,100
2b,40,bbh_geometric_shapes,all,valid_correct,0.00,100
2b,40,bbh_geometric_shapes,all,in_system,0.00,100
2b,40,bbh_geometric_shapes,all,valid_wrong,0.00,100
2b,40,bbh_hyperbaton,all,has_proof,0.00,100
2b,40,bbh_hyperbaton,all,grammatical,0.00,100
2b,40,bbh_hyperbaton,all,valid,0.00,100
2b,40,bbh_hyperbaton,all,grounded,0.00,100
2b,40,bbh_hyperbaton,all,correct,0.00,100
2b,40,bbh_hyperbaton,all,valid_correct,0.00,100
2b,40,bbh_hyperbaton,all,in_system,0.00,100
2b,40,bbh_hyperbaton,all,valid_wrong,0.00,100
2b,40,bbh_logical_deduction_five_objects,all,has_proof,3.00,100
2b,40,bbh_logical_deduction_five_objects,all,grammatical,0.00,100
2b,40,bbh_logical_deduction_five_objects,all,valid,0.00,100
2b,40,bbh_logical_deduction_five_objects,all,grounded,0.00,100
2b,40,bbh_logical_deduction_five_objects,all,correct,37.00,100
2b,40,bbh_logical_deduction_five_objects,all,valid_correct,0.00,100
2b,40,bbh_logical_deduction_five_objects,all,in_system,0.00,100
2b,40,bbh_logical_deduction_five_objects,all,valid_wrong,0.00,100
2b,40,bbh_logical_deduction_seven_objects,all,has_proof,13.00,100
2b,40,bbh_logical_deduction_seven_objects,all,grammatical,0.00,100
2b,40,bbh_logical_deduction_seven_objects,all,valid,0.00,100
2b,40,bbh_logical_deduction_seven_objects,all,grounded,0.00,100
2b,40,bbh_logical_deduction_seven_objects,all,correct,29.00,100
2b,40,bbh_logical_deduction_seven_objects,all,valid_correct,0.00,100
2b,40,bbh_logical_deduction_seven_objects,all,in_system,0.00,100
2b,40,bbh_logical_deduction_seven_objects,all,valid_wrong,0.00,100
2b,40,bbh_logical_deduction_three_objects,all,has_proof,0.00,100
2b,40,bbh_logical_deduction_three_objects,all,grammatical,0.00,100
2b,40,bbh_logical_deduction_three_objects,all,valid,0.00,100
2b,40,bbh_logical_deduction_three_objects,all,grounded,0.00,100
2b,40,bbh_logical_deduction_three_objects,all,correct,0.00,100
2b,40,bbh_logical_deduction_three_objects,all,valid_correct,0.00,100
2b,40,bbh_logical_deduction_three_objects,all,in_system,0.00,100
2b,40,bbh_logical_deduction_three_objects,all,valid_wrong,0.00,100
2b,40,bbh_movie_recommendation,all,has_proof,0.00,100
2b,40,bbh_movie_recommendation,all,grammatical,0.00,100
2b,40,bbh_movie_recommendation,all,valid,0.00,100
2b,40,bbh_movie_recommendation,all,grounded,0.00,100
2b,40,bbh_movie_recommendation,all,correct,1.00,100
2b,40,bbh_movie_recommendation,all,valid_correct,0.00,100
2b,40,bbh_movie_recommendation,all,in_system,0.00,100
2b,40,bbh_movie_recommendation,all,valid_wrong,0.00,100
2b,40,bbh_multistep_arithmetic_two,all,has_proof,100.00,100
2b,40,bbh_multistep_arithmetic_two,all,grammatical,4.00,100
2b,40,bbh_multistep_arithmetic_two,all,valid,0.00,100
2b,40,bbh_multistep_arithmetic_two,all,grounded,0.00,100
2b,40,bbh_multistep_arithmetic_two,all,correct,10.00,100
2b,40,bbh_multistep_arithmetic_two,all,valid_correct,0.00,100
2b,40,bbh_multistep_arithmetic_two,all,in_system,0.00,100
2b,40,bbh_multistep_arithmetic_two,all,valid_wrong,0.00,100
2b,40,bbh_multistep_arithmetic_two,answerable,has_proof,100.00,100
2b,40,bbh_multistep_arithmetic_two,answerable,grammatical,4.00,100
2b,40,bbh_multistep_arithmetic_two,answerable,valid,0.00,100
2b,40,bbh_multistep_arithmetic_two,answerable,grounded,0.00,100
2b,40,bbh_multistep_arithmetic_two,answerable,correct,10.00,100
2b,40,bbh_multistep_arithmetic_two,answerable,valid_correct,0.00,100
2b,40,bbh_multistep_arithmetic_two,answerable,in_system,0.00,100
2b,40,bbh_multistep_arithmetic_two,answerable,valid_wrong,0.00,100
2b,40,bbh_navigate,all,has_proof,100.00,100
2b,40,bbh_navigate,all,grammatical,6.00,100
2b,40,bbh_navigate,all,valid,0.00,100
2b,40,bbh_navigate,all,grounded,1.00,100
2b,40,bbh_navigate,all,correct,36.00,100
2b,40,bbh_navigate,all,valid_correct,0.00,100
2b,40,bbh_navigate,all,in_system,0.00,100
2b,40,bbh_navigate,all,valid_wrong,0.00,100
2b,40,bbh_navigate,answerable,has_proof,100.00,100
2b,40,bbh_navigate,answerable,grammatical,6.00,100
2b,40,bbh_navigate,answerable,valid,0.00,100
2b,40,bbh_navigate,answerable,grounded,1.00,100
2b,40,bbh_navigate,answerable,correct,36.00,100
2b,40,bbh_navigate,answerable,valid_correct,0.00,100
2b,40,bbh_navigate,answerable,in_system,0.00,100
2b,40,bbh_navigate,answerable,valid_wrong,0.00,100
2b,40,bbh_object_counting,all,has_proof,100.00,100
2b,40,bbh_object_counting,all,grammatical,16.00,100
2b,40,bbh_object_counting,all,valid,0.00,100
2b,40,bbh_object_counting,all,grounded,5.00,100
2b,40,bbh_object_counting,all,correct,38.00,100
2b,40,bbh_object_counting,all,valid_correct,0.00,100
2b,40,bbh_object_counting,all,in_system,0.00,100
2b,40,bbh_object_counting,all,valid_wrong,0.00,100
2b,40,bbh_object_counting,answerable,has_proof,100.00,100
2b,40,bbh_object_counting,answerable,grammatical,16.00,100
2b,40,bbh_object_counting,answerable,valid,0.00,100
2b,40,bbh_object_counting,answerable,grounded,5.00,100
2b,40,bbh_object_counting,answerable,correct,38.00,100
2b,40,bbh_object_counting,answerable,valid_correct,0.00,100
2b,40,bbh_object_counting,answerable,in_system,0.00,100
2b,40,bbh_object_counting,answerable,valid_wrong,0.00,100
2b,40,bbh_penguins_in_a_table,all,has_proof,0.00,100
2b,40,bbh_penguins_in_a_table,all,grammatical,0.00,100
2b,40,bbh_penguins_in_a_table,all,valid,0.00,100
2b,40,bbh_penguins_in_a_table,all,grounded,0.00,100
2b,40,bbh_penguins_in_a_table,all,correct,40.00,100
2b,40,bbh_penguins_in_a_table,all,valid_correct,0.00,100
2b,40,bbh_penguins_in_a_table,all,in_system,0.00,100
2b,40,bbh_penguins_in_a_table,all,valid_wrong,0.00,100
2b,40,bbh_reasoning_about_colored_objects,all,has_proof,0.00,100
2b,40,bbh_reasoning_about_colored_objects,all,grammatical,0.00,100
2b,40,bbh_reasoning_about_colored_objects,all,valid,0.00,100
2b,40,bbh_reasoning_about_colored_objects,all,grounded,0.00,100
2b,40,bbh_reasoning_about_colored_objects,all,correct,57.00,100
2b,40,bbh_reasoning_about_colored_objects,all,valid_correct,0.00,100
2b,40,bbh_reasoning_about_colored_objects,all,in_system,0.00,100
2b,40,bbh_reasoning_about_colored_objects,all,valid_wrong,0.00,100
2b,40,bbh_ruin_names,all,has_proof,0.00,100
2b,40,bbh_ruin_names,all,grammatical,0.00,100
2b,40,bbh_ruin_names,all,valid,0.00,100
2b,40,bbh_ruin_names,all,grounded,0.00,100
2b,40,bbh_ruin_names,all,correct,3.00,100
2b,40,bbh_ruin_names,all,valid_correct,0.00,100
2b,40,bbh_ruin_names,all,in_system,0.00,100
2b,40,bbh_ruin_names,all,valid_wrong,0.00,100
2b,40,bbh_salient_translation_error_detection,all,has_proof,0.00,100
2b,40,bbh_salient_translation_error_detection,all,grammatical,0.00,100
2b,40,bbh_salient_translation_error_detection,all,valid,0.00,100
2b,40,bbh_salient_translation_error_detection,all,grounded,0.00,100
2b,40,bbh_salient_translation_error_detection,all,correct,7.00,100
2b,40,bbh_salient_translation_error_detection,all,valid_correct,0.00,100
2b,40,bbh_salient_translation_error_detection,all,in_system,0.00,100
2b,40,bbh_salient_translation_error_detection,all,valid_wrong,0.00,100
2b,40,bbh_snarks,all,has_proof,0.00,100
2b,40,bbh_snarks,all,grammatical,0.00,100
2b,40,bbh_snarks,all,valid,0.00,100
2b,40,bbh_snarks,all,grounded,0.00,100
2b,40,bbh_snarks,all,correct,0.00,100
2b,40,bbh_snarks,all,valid_correct,0.00,100
2b,40,bbh_snarks,all,in_system,0.00,100
2b,40,bbh_snarks,all,valid_wrong,0.00,100
2b,40,bbh_sports_understanding,all,has_proof,100.00,100
2b,40,bbh_sports_understanding,all,grammatical,10.00,100
2b,40,bbh_sports_understanding,all,valid,2.00,100
2b,40,bbh_sports_understanding,all,grounded,3.00,100
2b,40,bbh_sports_understanding,all,correct,42.00,100
2b,40,bbh_sports_understanding,all,valid_correct,1.00,100
2b,40,bbh_sports_understanding,all,in_system,1.00,100
2b,40,bbh_sports_understanding,all,valid_wrong,1.00,100
2b,40,bbh_sports_understanding,answerable,has_proof,100.00,100
2b,40,bbh_sports_understanding,answerable,grammatical,10.00,100
2b,40,bbh_sports_understanding,answerable,valid,2.00,100
2b,40,bbh_sports_understanding,answerable,grounded,3.00,100
2b,40,bbh_sports_understanding,answerable,correct,42.00,100
2b,40,bbh_sports_understanding,answerable,valid_correct,1.00,100
2b,40,bbh_sports_understanding,answerable,in_system,1.00,100
2b,40,bbh_sports_understanding,answerable,valid_wrong,1.00,100
2b,40,bbh_temporal_sequences,all,has_proof,0.00,100
2b,40,bbh_temporal_sequences,all,grammatical,0.00,100
2b,40,bbh_temporal_sequences,all,valid,0.00,100
2b,40,bbh_temporal_sequences,all,grounded,0.00,100
2b,40,bbh_temporal_sequences,all,correct,32.00,100
2b,40,bbh_temporal_sequences,all,valid_correct,0.00,100
2b,40,bbh_temporal_sequences,all,in_system,0.00,100
2b,40,bbh_temporal_sequences,all,valid_wrong,0.00,100
2b,40,bbh_tracking_shuffled_objects_five_objects,all,has_proof,0.00,100
2b,40,bbh_tracking_shuffled_objects_five_objects,all,grammatical,0.00,100
2b,40,bbh_tracking_shuffled_objects_five_objects,all,valid,0.00,100
2b,40,bbh_tracking_shuffled_objects_five_objects,all,grounded,0.00,100
2b,40,bbh_tracking_shuffled_objects_five_objects,all,correct,47.00,100
2b,40,bbh_tracking_shuffled_objects_five_objects,all,valid_correct,0.00,100
2b,40,bbh_tracking_shuffled_objects_five_objects,all,in_system,0.00,100
2b,40,bbh_tracking_shuffled_objects_five_objects,all,valid_wrong,0.00,100
2b,40,bbh_tracking_shuffled_objects_seven_objects,all,has_proof,0.00,100
2b,40,bbh_tracking_shuffled_objects_seven_objects,all,grammatical,0.00,100
2b,40,bbh_tracking_shuffled_objects_seven_objects,all,valid,0.00,100
2b,40,bbh_tracking_shuffled_objects_seven_objects,all,grounded,0.00,100
2b,40,bbh_tracking_shuffled_objects_seven_objects,all,correct,54.00,100
2b,40,bbh_tracking_shuffled_objects_seven_objects,all,valid_correct,0.00,100
2b,40,bbh_tracking_shuffled_objects_seven_objects,all,in_system,0.00,100
2b,40,bbh_tracking_shuffled_objects_seven_objects,all,valid_wrong,0.00,100
2b,40,bbh_tracking_shuffled_objects_three_objects,all,has_proof,0.00,100
2b,40,bbh_tracking_shuffled_objects_three_objects,all,grammatical,0.00,100
2b,40,bbh_tracking_shuffled_objects_three_objects,all,valid,0.00,100
2b,40,bbh_tracking_shuffled_objects_three_objects,all,grounded,0.00,100
2b,40,bbh_tracking_shuffled_objects_three_objects,all,correct,0.00,100
2b,40,bbh_tracking_shuffled_objects_three_objects,all,valid_correct,0.00,100
2b,40,bbh_tracking_shuffled_objects_three_objects,all,in_system,0.00,100
2b,40,bbh_tracking_shuffled_objects_three_objects,all,valid_wrong,0.00,100
2b,40,bbh_web_of_lies,all,has_proof,100.00,100
2b,40,bbh_web_of_lies,all,grammatical,69.00,100
2b,40,bbh_web_of_lies,all,valid,8.00,100
2b,40,bbh_web_of_lies,all,grounded,64.00,100
2b,40,bbh_web_of_lies,all,correct,57.00,100
2b,40,bbh_web_of_lies,all,valid_correct,6.00,100
2b,40,bbh_web_of_lies,all,in_system,6.00,100
2b,40,bbh_web_of_lies,all,valid_wrong,2.00,100
2b,40,bbh_web_of_lies,answerable,has_proof,100.00,100
2b,40,bbh_web_of_lies,answerable,grammatical,69.00,100
2b,40,bbh_web_of_lies,answerable,valid,8.00,100
2b,40,bbh_web_of_lies,answerable,grounded,64.00,100
2b,40,bbh_web_of_lies,answerable,correct,57.00,100
2b,40,bbh_web_of_lies,answerable,valid_correct,6.00,100
2b,40,bbh_web_of_lies,answerable,in_system,6.00,100
2b,40,bbh_web_of_lies,answerable,valid_wrong,2.00,100
2b,40,bbh_word_sorting,all,has_proof,100.00,100
2b,40,bbh_word_sorting,all,grammatical,0.00,100
2b,40,bbh_word_sorting,all,valid,0.00,100
2b,40,bbh_word_sorting,all,grounded,0.00,100
2b,40,bbh_word_sorting,all,correct,15.00,100
2b,40,bbh_word_sorting,all,valid_correct,0.00,100
2b,40,bbh_word_sorting,all,in_system,0.00,100
2b,40,bbh_word_sorting,all,valid_wrong,0.00,100
2b,40,folio,all,has_proof,99.01,203
2b,40,folio,all,grammatical,42.86,203
2b,40,folio,all,valid,2.96,203
2b,40,folio,all,grounded,25.62,203
2b,40,folio,all,correct,46.31,203
2b,40,folio,all,valid_correct,1.97,203
2b,40,folio,all,in_system,1.97,203
2b,40,folio,all,valid_wrong,0.99,203
2b,40,folio,answerable,has_proof,100.00,134
2b,40,folio,answerable,grammatical,36.57,134
2b,40,folio,answerable,valid,2.99,134
2b,40,folio,answerable,grounded,20.15,134
2b,40,folio,answerable,correct,70.15,134
2b,40,folio,answerable,valid_correct,2.99,134
2b,40,folio,answerable,in_system,2.99,134
2b,40,folio,answerable,valid_wrong,0.00,134
2b,40,gpqa_diamond,all,has_proof,0.00,198
2b,40,gpqa_diamond,all,grammatical,0.00,198
2b,40,gpqa_diamond,all,valid,0.00,198
2b,40,gpqa_diamond,all,grounded,0.00,198
2b,40,gpqa_diamond,all,correct,32.83,198
2b,40,gpqa_diamond,all,valid_correct,0.00,198
2b,40,gpqa_diamond,all,in_system,0.00,198
2b,40,gpqa_diamond,all,valid_wrong,0.00,198
2b,40,gpqa_quant,all,has_proof,0.00,73
2b,40,gpqa_quant,all,grammatical,0.00,73
2b,40,gpqa_quant,all,valid,0.00,73
2b,40,gpqa_quant,all,grounded,0.00,73
2b,40,gpqa_quant,all,correct,36.99,73
2b,40,gpqa_quant,all,valid_correct,0.00,73
2b,40,gpqa_quant,all,in_system,0.00,73
2b,40,gpqa_quant,all,valid_wrong,0.00,73
2b,40,gpqa_rest,all,has_proof,0.00,125
2b,40,gpqa_rest,all,grammatical,0.00,125
2b,40,gpqa_rest,all,valid,0.00,125
2b,40,gpqa_rest,all,grounded,0.00,125
2b,40,gpqa_rest,all,correct,30.40,125
2b,40,gpqa_rest,all,valid_correct,0.00,125
2b,40,gpqa_rest,all,in_system,0.00,125
2b,40,gpqa_rest,all,valid_wrong,0.00,125
2b,40,gsm8k,all,has_proof,99.60,500
2b,40,gsm8k,all,grammatical,43.80,500
2b,40,gsm8k,all,valid,3.80,500
2b,40,gsm8k,all,grounded,28.20,500
2b,40,gsm8k,all,correct,38.00,500
2b,40,gsm8k,all,valid_correct,2.80,500
2b,40,gsm8k,all,in_system,2.80,500
2b,40,gsm8k,all,valid_wrong,1.00,500
2b,40,gsm8k,answerable,has_proof,99.60,500
2b,40,gsm8k,answerable,grammatical,43.80,500
2b,40,gsm8k,answerable,valid,3.80,500
2b,40,gsm8k,answerable,grounded,28.20,500
2b,40,gsm8k,answerable,correct,38.00,500
2b,40,gsm8k,answerable,valid_correct,2.80,500
2b,40,gsm8k,answerable,in_system,2.80,500
2b,40,gsm8k,answerable,valid_wrong,1.00,500
2b,40,hotpotqa,all,has_proof,0.00,200
2b,40,hotpotqa,all,grammatical,0.00,200
2b,40,hotpotqa,all,valid,0.00,200
2b,40,hotpotqa,all,grounded,0.00,200
2b,40,hotpotqa,all,correct,0.00,200
2b,40,hotpotqa,all,valid_correct,0.00,200
2b,40,hotpotqa,all,in_system,0.00,200
2b,40,hotpotqa,all,valid_wrong,0.00,200
2b,40,hotpotqa,all,f1,0.00,200
2b,40,logiqa,all,has_proof,0.00,651
2b,40,logiqa,all,grammatical,0.00,651
2b,40,logiqa,all,valid,0.00,651
2b,40,logiqa,all,grounded,0.00,651
2b,40,logiqa,all,correct,42.55,651
2b,40,logiqa,all,valid_correct,0.00,651
2b,40,logiqa,all,in_system,0.00,651
2b,40,logiqa,all,valid_wrong,0.00,651
2b,40,mmlu,all,has_proof,5.40,1000
2b,40,mmlu,all,grammatical,0.40,1000
2b,40,mmlu,all,valid,0.00,1000
2b,40,mmlu,all,grounded,0.20,1000
2b,40,mmlu,all,correct,32.00,1000
2b,40,mmlu,all,valid_correct,0.00,1000
2b,40,mmlu,all,in_system,0.00,1000
2b,40,mmlu,all,valid_wrong,0.00,1000
2b,40,musique,all,has_proof,0.00,200
2b,40,musique,all,grammatical,0.00,200
2b,40,musique,all,valid,0.00,200
2b,40,musique,all,grounded,0.00,200
2b,40,musique,all,correct,0.00,200
2b,40,musique,all,valid_correct,0.00,200
2b,40,musique,all,in_system,0.00,200
2b,40,musique,all,valid_wrong,0.00,200
2b,40,musique,all,f1,0.11,200
2b,40,pw_all,all,has_proof,100.00,2500
2b,40,pw_all,all,grammatical,62.40,2500
2b,40,pw_all,all,valid,15.52,2500
2b,40,pw_all,all,grounded,40.40,2500
2b,40,pw_all,all,correct,40.68,2500
2b,40,pw_all,all,valid_correct,11.52,2500
2b,40,pw_all,all,in_system,11.52,2500
2b,40,pw_all,all,valid_wrong,4.00,2500
2b,40,pw_all,answerable,has_proof,100.00,1753
2b,40,pw_all,answerable,grammatical,61.89,1753
2b,40,pw_all,answerable,valid,18.48,1753
2b,40,pw_all,answerable,grounded,42.67,1753
2b,40,pw_all,answerable,correct,58.01,1753
2b,40,pw_all,answerable,valid_correct,16.43,1753
2b,40,pw_all,answerable,in_system,16.43,1753
2b,40,pw_all,answerable,valid_wrong,2.05,1753
2b,40,pw_d0,all,has_proof,100.00,500
2b,40,pw_d0,all,grammatical,67.00,500
2b,40,pw_d0,all,valid,21.00,500
2b,40,pw_d0,all,grounded,41.00,500
2b,40,pw_d0,all,correct,29.60,500
2b,40,pw_d0,all,valid_correct,13.60,500
2b,40,pw_d0,all,in_system,13.60,500
2b,40,pw_d0,all,valid_wrong,7.40,500
2b,40,pw_d0,answerable,has_proof,100.00,226
2b,40,pw_d0,answerable,grammatical,72.12,226
2b,40,pw_d0,answerable,valid,36.28,226
2b,40,pw_d0,answerable,grounded,51.77,226
2b,40,pw_d0,answerable,correct,65.49,226
2b,40,pw_d0,answerable,valid_correct,30.09,226
2b,40,pw_d0,answerable,in_system,30.09,226
2b,40,pw_d0,answerable,valid_wrong,6.19,226
2b,40,pw_d1,all,has_proof,100.00,500
2b,40,pw_d1,all,grammatical,68.40,500
2b,40,pw_d1,all,valid,19.80,500
2b,40,pw_d1,all,grounded,46.80,500
2b,40,pw_d1,all,correct,34.00,500
2b,40,pw_d1,all,valid_correct,14.80,500
2b,40,pw_d1,all,in_system,14.80,500
2b,40,pw_d1,all,valid_wrong,5.00,500
2b,40,pw_d1,answerable,has_proof,100.00,255
2b,40,pw_d1,answerable,grammatical,72.55,255
2b,40,pw_d1,answerable,valid,30.98,255
2b,40,pw_d1,answerable,grounded,55.69,255
2b,40,pw_d1,answerable,correct,66.67,255
2b,40,pw_d1,answerable,valid_correct,29.02,255
2b,40,pw_d1,answerable,in_system,29.02,255
2b,40,pw_d1,answerable,valid_wrong,1.96,255
2b,40,pw_d2,all,has_proof,100.00,500
2b,40,pw_d2,all,grammatical,60.60,500
2b,40,pw_d2,all,valid,15.20,500
2b,40,pw_d2,all,grounded,40.60,500
2b,40,pw_d2,all,correct,45.40,500
2b,40,pw_d2,all,valid_correct,12.20,500
2b,40,pw_d2,all,in_system,12.20,500
2b,40,pw_d2,all,valid_wrong,3.00,500
2b,40,pw_d2,answerable,has_proof,100.00,382
2b,40,pw_d2,answerable,grammatical,60.99,382
2b,40,pw_d2,answerable,valid,17.80,382
2b,40,pw_d2,answerable,grounded,43.98,382
2b,40,pw_d2,answerable,correct,59.42,382
2b,40,pw_d2,answerable,valid_correct,15.97,382
2b,40,pw_d2,answerable,in_system,15.97,382
2b,40,pw_d2,answerable,valid_wrong,1.83,382
2b,40,pw_d3,all,has_proof,100.00,500
2b,40,pw_d3,all,grammatical,63.20,500
2b,40,pw_d3,all,valid,11.80,500
2b,40,pw_d3,all,grounded,42.40,500
2b,40,pw_d3,all,correct,46.20,500
2b,40,pw_d3,all,valid_correct,8.80,500
2b,40,pw_d3,all,in_system,8.80,500
2b,40,pw_d3,all,valid_wrong,3.00,500
2b,40,pw_d3,answerable,has_proof,100.00,413
2b,40,pw_d3,answerable,grammatical,61.74,413
2b,40,pw_d3,answerable,valid,11.86,413
2b,40,pw_d3,answerable,grounded,42.37,413
2b,40,pw_d3,answerable,correct,55.93,413
2b,40,pw_d3,answerable,valid_correct,10.65,413
2b,40,pw_d3,answerable,in_system,10.65,413
2b,40,pw_d3,answerable,valid_wrong,1.21,413
2b,40,pw_d5,all,has_proof,100.00,500
2b,40,pw_d5,all,grammatical,52.80,500
2b,40,pw_d5,all,valid,9.80,500
2b,40,pw_d5,all,grounded,31.20,500
2b,40,pw_d5,all,correct,48.20,500
2b,40,pw_d5,all,valid_correct,8.20,500
2b,40,pw_d5,all,in_system,8.20,500
2b,40,pw_d5,all,valid_wrong,1.60,500
2b,40,pw_d5,answerable,has_proof,100.00,477
2b,40,pw_d5,answerable,grammatical,52.20,477
2b,40,pw_d5,answerable,valid,9.64,477
2b,40,pw_d5,answerable,grounded,30.61,477
2b,40,pw_d5,answerable,correct,50.52,477
2b,40,pw_d5,answerable,valid_correct,8.60,477
2b,40,pw_d5,answerable,in_system,8.60,477
2b,40,pw_d5,answerable,valid_wrong,1.05,477
2b,45,overall,all,has_proof,44.81,9524
2b,45,overall,all,grammatical,21.89,9524
2b,45,overall,all,valid,4.60,9524
2b,45,overall,all,grounded,14.08,9524
2b,45,overall,all,correct,30.23,9524
2b,45,overall,all,valid_correct,3.63,9524
2b,45,overall,all,in_system,3.63,9524
2b,45,overall,all,valid_wrong,0.97,9524
2b,45,overall,all,f1,0.04,9524
2b,45,overall,answerable,has_proof,99.94,3187
2b,45,overall,answerable,grammatical,49.76,3187
2b,45,overall,answerable,valid,11.83,3187
2b,45,overall,answerable,grounded,33.17,3187
2b,45,overall,answerable,correct,52.21,3187
2b,45,overall,answerable,valid_correct,10.86,3187
2b,45,overall,answerable,in_system,10.86,3187
2b,45,overall,answerable,valid_wrong,0.97,3187
2b,45,bbh,all,has_proof,34.74,2700
2b,45,bbh,all,grammatical,7.15,2700
2b,45,bbh,all,valid,0.37,2700
2b,45,bbh,all,grounded,4.11,2700
2b,45,bbh,all,correct,24.52,2700
2b,45,bbh,all,valid_correct,0.26,2700
2b,45,bbh,all,in_system,0.26,2700
2b,45,bbh,all,valid_wrong,0.11,2700
2b,45,bbh,answerable,has_proof,100.00,800
2b,45,bbh,answerable,grammatical,24.00,800
2b,45,bbh,answerable,valid,1.25,800
2b,45,bbh,answerable,grounded,13.88,800
2b,45,bbh,answerable,correct,39.62,800
2b,45,bbh,answerable,valid_correct,0.88,800
2b,45,bbh,answerable,in_system,0.88,800
2b,45,bbh,answerable,valid_wrong,0.38,800
2b,45,deduction,all,has_proof,99.89,2703
2b,45,deduction,all,grammatical,60.49,2703
2b,45,deduction,all,valid,14.91,2703
2b,45,deduction,all,grounded,39.84,2703
2b,45,deduction,all,correct,42.92,2703
2b,45,deduction,all,valid_correct,11.95,2703
2b,45,deduction,all,in_system,11.95,2703
2b,45,deduction,all,valid_wrong,2.96,2703
2b,45,deduction,answerable,has_proof,100.00,1887
2b,45,deduction,answerable,grammatical,60.94,1887
2b,45,deduction,answerable,valid,18.12,1887
2b,45,deduction,answerable,grounded,42.08,1887
2b,45,deduction,answerable,correct,61.47,1887
2b,45,deduction,answerable,valid_correct,17.12,1887
2b,45,deduction,answerable,in_system,17.12,1887
2b,45,deduction,answerable,valid_wrong,1.01,1887
2b,45,gpqa,all,has_proof,1.52,198
2b,45,gpqa,all,grammatical,0.00,198
2b,45,gpqa,all,valid,0.00,198
2b,45,gpqa,all,grounded,0.00,198
2b,45,gpqa,all,correct,30.81,198
2b,45,gpqa,all,valid_correct,0.00,198
2b,45,gpqa,all,in_system,0.00,198
2b,45,gpqa,all,valid_wrong,0.00,198
2b,45,multihop,all,has_proof,0.00,600
2b,45,multihop,all,grammatical,0.00,600
2b,45,multihop,all,valid,0.00,600
2b,45,multihop,all,grounded,0.00,600
2b,45,multihop,all,correct,0.00,600
2b,45,multihop,all,valid_correct,0.00,600
2b,45,multihop,all,in_system,0.00,600
2b,45,multihop,all,valid_wrong,0.00,600
2b,45,multihop,all,f1,0.04,600
2b,45,standard,all,has_proof,18.87,3323
2b,45,standard,all,grammatical,7.73,3323
2b,45,standard,all,valid,0.75,3323
2b,45,standard,all,grounded,4.60,3323
2b,45,standard,all,correct,29.97,3323
2b,45,standard,all,valid_correct,0.48,3323
2b,45,standard,all,in_system,0.48,3323
2b,45,standard,all,valid_wrong,0.27,3323
2b,45,standard,answerable,has_proof,99.60,500
2b,45,standard,answerable,grammatical,48.80,500
2b,45,standard,answerable,valid,5.00,500
2b,45,standard,answerable,grounded,30.40,500
2b,45,standard,answerable,correct,37.40,500
2b,45,standard,answerable,valid_correct,3.20,500
2b,45,standard,answerable,in_system,3.20,500
2b,45,standard,answerable,valid_wrong,1.80,500
2b,45,2wikimqa,all,has_proof,0.00,200
2b,45,2wikimqa,all,grammatical,0.00,200
2b,45,2wikimqa,all,valid,0.00,200
2b,45,2wikimqa,all,grounded,0.00,200
2b,45,2wikimqa,all,correct,0.00,200
2b,45,2wikimqa,all,valid_correct,0.00,200
2b,45,2wikimqa,all,in_system,0.00,200
2b,45,2wikimqa,all,valid_wrong,0.00,200
2b,45,2wikimqa,all,f1,0.00,200
2b,45,arc_challenge,all,has_proof,2.99,1172
2b,45,arc_challenge,all,grammatical,0.43,1172
2b,45,arc_challenge,all,valid,0.00,1172
2b,45,arc_challenge,all,grounded,0.00,1172
2b,45,arc_challenge,all,correct,21.59,1172
2b,45,arc_challenge,all,valid_correct,0.00,1172
2b,45,arc_challenge,all,in_system,0.00,1172
2b,45,arc_challenge,all,valid_wrong,0.00,1172
2b,45,bbh_boolean_expressions,all,has_proof,100.00,100
2b,45,bbh_boolean_expressions,all,grammatical,23.00,100
2b,45,bbh_boolean_expressions,all,valid,0.00,100
2b,45,bbh_boolean_expressions,all,grounded,0.00,100
2b,45,bbh_boolean_expressions,all,correct,55.00,100
2b,45,bbh_boolean_expressions,all,valid_correct,0.00,100
2b,45,bbh_boolean_expressions,all,in_system,0.00,100
2b,45,bbh_boolean_expressions,all,valid_wrong,0.00,100
2b,45,bbh_boolean_expressions,answerable,has_proof,100.00,100
2b,45,bbh_boolean_expressions,answerable,grammatical,23.00,100
2b,45,bbh_boolean_expressions,answerable,valid,0.00,100
2b,45,bbh_boolean_expressions,answerable,grounded,0.00,100
2b,45,bbh_boolean_expressions,answerable,correct,55.00,100
2b,45,bbh_boolean_expressions,answerable,valid_correct,0.00,100
2b,45,bbh_boolean_expressions,answerable,in_system,0.00,100
2b,45,bbh_boolean_expressions,answerable,valid_wrong,0.00,100
2b,45,bbh_causal_judgement,all,has_proof,100.00,100
2b,45,bbh_causal_judgement,all,grammatical,17.00,100
2b,45,bbh_causal_judgement,all,valid,0.00,100
2b,45,bbh_causal_judgement,all,grounded,10.00,100
2b,45,bbh_causal_judgement,all,correct,41.00,100
2b,45,bbh_causal_judgement,all,valid_correct,0.00,100
2b,45,bbh_causal_judgement,all,in_system,0.00,100
2b,45,bbh_causal_judgement,all,valid_wrong,0.00,100
2b,45,bbh_causal_judgement,answerable,has_proof,100.00,100
2b,45,bbh_causal_judgement,answerable,grammatical,17.00,100
2b,45,bbh_causal_judgement,answerable,valid,0.00,100
2b,45,bbh_causal_judgement,answerable,grounded,10.00,100
2b,45,bbh_causal_judgement,answerable,correct,41.00,100
2b,45,bbh_causal_judgement,answerable,valid_correct,0.00,100
2b,45,bbh_causal_judgement,answerable,in_system,0.00,100
2b,45,bbh_causal_judgement,answerable,valid_wrong,0.00,100
2b,45,bbh_date_understanding,all,has_proof,0.00,100
2b,45,bbh_date_understanding,all,grammatical,0.00,100
2b,45,bbh_date_understanding,all,valid,0.00,100
2b,45,bbh_date_understanding,all,grounded,0.00,100
2b,45,bbh_date_understanding,all,correct,48.00,100
2b,45,bbh_date_understanding,all,valid_correct,0.00,100
2b,45,bbh_date_understanding,all,in_system,0.00,100
2b,45,bbh_date_understanding,all,valid_wrong,0.00,100
2b,45,bbh_disambiguation_qa,all,has_proof,0.00,100
2b,45,bbh_disambiguation_qa,all,grammatical,0.00,100
2b,45,bbh_disambiguation_qa,all,valid,0.00,100
2b,45,bbh_disambiguation_qa,all,grounded,0.00,100
2b,45,bbh_disambiguation_qa,all,correct,0.00,100
2b,45,bbh_disambiguation_qa,all,valid_correct,0.00,100
2b,45,bbh_disambiguation_qa,all,in_system,0.00,100
2b,45,bbh_disambiguation_qa,all,valid_wrong,0.00,100
2b,45,bbh_dyck_languages,all,has_proof,37.00,100
2b,45,bbh_dyck_languages,all,grammatical,0.00,100
2b,45,bbh_dyck_languages,all,valid,0.00,100
2b,45,bbh_dyck_languages,all,grounded,0.00,100
2b,45,bbh_dyck_languages,all,correct,7.00,100
2b,45,bbh_dyck_languages,all,valid_correct,0.00,100
2b,45,bbh_dyck_languages,all,in_system,0.00,100
2b,45,bbh_dyck_languages,all,valid_wrong,0.00,100
2b,45,bbh_formal_fallacies,all,has_proof,100.00,100
2b,45,bbh_formal_fallacies,all,grammatical,44.00,100
2b,45,bbh_formal_fallacies,all,valid,2.00,100
2b,45,bbh_formal_fallacies,all,grounded,24.00,100
2b,45,bbh_formal_fallacies,all,correct,35.00,100
2b,45,bbh_formal_fallacies,all,valid_correct,1.00,100
2b,45,bbh_formal_fallacies,all,in_system,1.00,100
2b,45,bbh_formal_fallacies,all,valid_wrong,1.00,100
2b,45,bbh_formal_fallacies,answerable,has_proof,100.00,100
2b,45,bbh_formal_fallacies,answerable,grammatical,44.00,100
2b,45,bbh_formal_fallacies,answerable,valid,2.00,100
2b,45,bbh_formal_fallacies,answerable,grounded,24.00,100
2b,45,bbh_formal_fallacies,answerable,correct,35.00,100
2b,45,bbh_formal_fallacies,answerable,valid_correct,1.00,100
2b,45,bbh_formal_fallacies,answerable,in_system,1.00,100
2b,45,bbh_formal_fallacies,answerable,valid_wrong,1.00,100
2b,45,bbh_geometric_shapes,all,has_proof,0.00,100
2b,45,bbh_geometric_shapes,all,grammatical,0.00,100
2b,45,bbh_geometric_shapes,all,valid,0.00,100
2b,45,bbh_geometric_shapes,all,grounded,0.00,100
2b,45,bbh_geometric_shapes,all,correct,29.00,100
2b,45,bbh_geometric_shapes,all,valid_correct,0.00,100
2b,45,bbh_geometric_shapes,all,in_system,0.00,100
2b,45,bbh_geometric_shapes,all,valid_wrong,0.00,100
2b,45,bbh_hyperbaton,all,has_proof,0.00,100
2b,45,bbh_hyperbaton,all,grammatical,0.00,100
2b,45,bbh_hyperbaton,all,valid,0.00,100
2b,45,bbh_hyperbaton,all,grounded,0.00,100
2b,45,bbh_hyperbaton,all,correct,0.00,100
2b,45,bbh_hyperbaton,all,valid_correct,0.00,100
2b,45,bbh_hyperbaton,all,in_system,0.00,100
2b,45,bbh_hyperbaton,all,valid_wrong,0.00,100
2b,45,bbh_logical_deduction_five_objects,all,has_proof,1.00,100
2b,45,bbh_logical_deduction_five_objects,all,grammatical,0.00,100
2b,45,bbh_logical_deduction_five_objects,all,valid,0.00,100
2b,45,bbh_logical_deduction_five_objects,all,grounded,0.00,100
2b,45,bbh_logical_deduction_five_objects,all,correct,17.00,100
2b,45,bbh_logical_deduction_five_objects,all,valid_correct,0.00,100
2b,45,bbh_logical_deduction_five_objects,all,in_system,0.00,100
2b,45,bbh_logical_deduction_five_objects,all,valid_wrong,0.00,100
2b,45,bbh_logical_deduction_seven_objects,all,has_proof,0.00,100
2b,45,bbh_logical_deduction_seven_objects,all,grammatical,0.00,100
2b,45,bbh_logical_deduction_seven_objects,all,valid,0.00,100
2b,45,bbh_logical_deduction_seven_objects,all,grounded,0.00,100
2b,45,bbh_logical_deduction_seven_objects,all,correct,39.00,100
2b,45,bbh_logical_deduction_seven_objects,all,valid_correct,0.00,100
2b,45,bbh_logical_deduction_seven_objects,all,in_system,0.00,100
2b,45,bbh_logical_deduction_seven_objects,all,valid_wrong,0.00,100
2b,45,bbh_logical_deduction_three_objects,all,has_proof,0.00,100
2b,45,bbh_logical_deduction_three_objects,all,grammatical,0.00,100
2b,45,bbh_logical_deduction_three_objects,all,valid,0.00,100
2b,45,bbh_logical_deduction_three_objects,all,grounded,0.00,100
2b,45,bbh_logical_deduction_three_objects,all,correct,0.00,100
2b,45,bbh_logical_deduction_three_objects,all,valid_correct,0.00,100
2b,45,bbh_logical_deduction_three_objects,all,in_system,0.00,100
2b,45,bbh_logical_deduction_three_objects,all,valid_wrong,0.00,100
2b,45,bbh_movie_recommendation,all,has_proof,0.00,100
2b,45,bbh_movie_recommendation,all,grammatical,0.00,100
2b,45,bbh_movie_recommendation,all,valid,0.00,100
2b,45,bbh_movie_recommendation,all,grounded,0.00,100
2b,45,bbh_movie_recommendation,all,correct,0.00,100
2b,45,bbh_movie_recommendation,all,valid_correct,0.00,100
2b,45,bbh_movie_recommendation,all,in_system,0.00,100
2b,45,bbh_movie_recommendation,all,valid_wrong,0.00,100
2b,45,bbh_multistep_arithmetic_two,all,has_proof,100.00,100
2b,45,bbh_multistep_arithmetic_two,all,grammatical,0.00,100
2b,45,bbh_multistep_arithmetic_two,all,valid,0.00,100
2b,45,bbh_multistep_arithmetic_two,all,grounded,0.00,100
2b,45,bbh_multistep_arithmetic_two,all,correct,18.00,100
2b,45,bbh_multistep_arithmetic_two,all,valid_correct,0.00,100
2b,45,bbh_multistep_arithmetic_two,all,in_system,0.00,100
2b,45,bbh_multistep_arithmetic_two,all,valid_wrong,0.00,100
2b,45,bbh_multistep_arithmetic_two,answerable,has_proof,100.00,100
2b,45,bbh_multistep_arithmetic_two,answerable,grammatical,0.00,100
2b,45,bbh_multistep_arithmetic_two,answerable,valid,0.00,100
2b,45,bbh_multistep_arithmetic_two,answerable,grounded,0.00,100
2b,45,bbh_multistep_arithmetic_two,answerable,correct,18.00,100
2b,45,bbh_multistep_arithmetic_two,answerable,valid_correct,0.00,100
2b,45,bbh_multistep_arithmetic_two,answerable,in_system,0.00,100
2b,45,bbh_multistep_arithmetic_two,answerable,valid_wrong,0.00,100
2b,45,bbh_navigate,all,has_proof,100.00,100
2b,45,bbh_navigate,all,grammatical,8.00,100
2b,45,bbh_navigate,all,valid,0.00,100
2b,45,bbh_navigate,all,grounded,1.00,100
2b,45,bbh_navigate,all,correct,29.00,100
2b,45,bbh_navigate,all,valid_correct,0.00,100
2b,45,bbh_navigate,all,in_system,0.00,100
2b,45,bbh_navigate,all,valid_wrong,0.00,100
2b,45,bbh_navigate,answerable,has_proof,100.00,100
2b,45,bbh_navigate,answerable,grammatical,8.00,100
2b,45,bbh_navigate,answerable,valid,0.00,100
2b,45,bbh_navigate,answerable,grounded,1.00,100
2b,45,bbh_navigate,answerable,correct,29.00,100
2b,45,bbh_navigate,answerable,valid_correct,0.00,100
2b,45,bbh_navigate,answerable,in_system,0.00,100
2b,45,bbh_navigate,answerable,valid_wrong,0.00,100
2b,45,bbh_object_counting,all,has_proof,100.00,100
2b,45,bbh_object_counting,all,grammatical,11.00,100
2b,45,bbh_object_counting,all,valid,0.00,100
2b,45,bbh_object_counting,all,grounded,2.00,100
2b,45,bbh_object_counting,all,correct,38.00,100
2b,45,bbh_object_counting,all,valid_correct,0.00,100
2b,45,bbh_object_counting,all,in_system,0.00,100
2b,45,bbh_object_counting,all,valid_wrong,0.00,100
2b,45,bbh_object_counting,answerable,has_proof,100.00,100
2b,45,bbh_object_counting,answerable,grammatical,11.00,100
2b,45,bbh_object_counting,answerable,valid,0.00,100
2b,45,bbh_object_counting,answerable,grounded,2.00,100
2b,45,bbh_object_counting,answerable,correct,38.00,100
2b,45,bbh_object_counting,answerable,valid_correct,0.00,100
2b,45,bbh_object_counting,answerable,in_system,0.00,100
2b,45,bbh_object_counting,answerable,valid_wrong,0.00,100
2b,45,bbh_penguins_in_a_table,all,has_proof,0.00,100
2b,45,bbh_penguins_in_a_table,all,grammatical,0.00,100
2b,45,bbh_penguins_in_a_table,all,valid,0.00,100
2b,45,bbh_penguins_in_a_table,all,grounded,0.00,100
2b,45,bbh_penguins_in_a_table,all,correct,42.00,100
2b,45,bbh_penguins_in_a_table,all,valid_correct,0.00,100
2b,45,bbh_penguins_in_a_table,all,in_system,0.00,100
2b,45,bbh_penguins_in_a_table,all,valid_wrong,0.00,100
2b,45,bbh_reasoning_about_colored_objects,all,has_proof,0.00,100
2b,45,bbh_reasoning_about_colored_objects,all,grammatical,0.00,100
2b,45,bbh_reasoning_about_colored_objects,all,valid,0.00,100
2b,45,bbh_reasoning_about_colored_objects,all,grounded,0.00,100
2b,45,bbh_reasoning_about_colored_objects,all,correct,63.00,100
2b,45,bbh_reasoning_about_colored_objects,all,valid_correct,0.00,100
2b,45,bbh_reasoning_about_colored_objects,all,in_system,0.00,100
2b,45,bbh_reasoning_about_colored_objects,all,valid_wrong,0.00,100
2b,45,bbh_ruin_names,all,has_proof,0.00,100
2b,45,bbh_ruin_names,all,grammatical,0.00,100
2b,45,bbh_ruin_names,all,valid,0.00,100
2b,45,bbh_ruin_names,all,grounded,0.00,100
2b,45,bbh_ruin_names,all,correct,0.00,100
2b,45,bbh_ruin_names,all,valid_correct,0.00,100
2b,45,bbh_ruin_names,all,in_system,0.00,100
2b,45,bbh_ruin_names,all,valid_wrong,0.00,100
2b,45,bbh_salient_translation_error_detection,all,has_proof,0.00,100
2b,45,bbh_salient_translation_error_detection,all,grammatical,0.00,100
2b,45,bbh_salient_translation_error_detection,all,valid,0.00,100
2b,45,bbh_salient_translation_error_detection,all,grounded,0.00,100
2b,45,bbh_salient_translation_error_detection,all,correct,5.00,100
2b,45,bbh_salient_translation_error_detection,all,valid_correct,0.00,100
2b,45,bbh_salient_translation_error_detection,all,in_system,0.00,100
2b,45,bbh_salient_translation_error_detection,all,valid_wrong,0.00,100
2b,45,bbh_snarks,all,has_proof,0.00,100
2b,45,bbh_snarks,all,grammatical,0.00,100
2b,45,bbh_snarks,all,valid,0.00,100
2b,45,bbh_snarks,all,grounded,0.00,100
2b,45,bbh_snarks,all,correct,0.00,100
2b,45,bbh_snarks,all,valid_correct,0.00,100
2b,45,bbh_snarks,all,in_system,0.00,100
2b,45,bbh_snarks,all,valid_wrong,0.00,100
2b,45,bbh_sports_understanding,all,has_proof,100.00,100
2b,45,bbh_sports_understanding,all,grammatical,7.00,100
2b,45,bbh_sports_understanding,all,valid,1.00,100
2b,45,bbh_sports_understanding,all,grounded,4.00,100
2b,45,bbh_sports_understanding,all,correct,48.00,100
2b,45,bbh_sports_understanding,all,valid_correct,1.00,100
2b,45,bbh_sports_understanding,all,in_system,1.00,100
2b,45,bbh_sports_understanding,all,valid_wrong,0.00,100
2b,45,bbh_sports_understanding,answerable,has_proof,100.00,100
2b,45,bbh_sports_understanding,answerable,grammatical,7.00,100
2b,45,bbh_sports_understanding,answerable,valid,1.00,100
2b,45,bbh_sports_understanding,answerable,grounded,4.00,100
2b,45,bbh_sports_understanding,answerable,correct,48.00,100
2b,45,bbh_sports_understanding,answerable,valid_correct,1.00,100
2b,45,bbh_sports_understanding,answerable,in_system,1.00,100
2b,45,bbh_sports_understanding,answerable,valid_wrong,0.00,100
2b,45,bbh_temporal_sequences,all,has_proof,0.00,100
2b,45,bbh_temporal_sequences,all,grammatical,0.00,100
2b,45,bbh_temporal_sequences,all,valid,0.00,100
2b,45,bbh_temporal_sequences,all,grounded,0.00,100
2b,45,bbh_temporal_sequences,all,correct,20.00,100
2b,45,bbh_temporal_sequences,all,valid_correct,0.00,100
2b,45,bbh_temporal_sequences,all,in_system,0.00,100
2b,45,bbh_temporal_sequences,all,valid_wrong,0.00,100
2b,45,bbh_tracking_shuffled_objects_five_objects,all,has_proof,0.00,100
2b,45,bbh_tracking_shuffled_objects_five_objects,all,grammatical,0.00,100
2b,45,bbh_tracking_shuffled_objects_five_objects,all,valid,0.00,100
2b,45,bbh_tracking_shuffled_objects_five_objects,all,grounded,0.00,100
2b,45,bbh_tracking_shuffled_objects_five_objects,all,correct,23.00,100
2b,45,bbh_tracking_shuffled_objects_five_objects,all,valid_correct,0.00,100
2b,45,bbh_tracking_shuffled_objects_five_objects,all,in_system,0.00,100
2b,45,bbh_tracking_shuffled_objects_five_objects,all,valid_wrong,0.00,100
2b,45,bbh_tracking_shuffled_objects_seven_objects,all,has_proof,0.00,100
2b,45,bbh_tracking_shuffled_objects_seven_objects,all,grammatical,0.00,100
2b,45,bbh_tracking_shuffled_objects_seven_objects,all,valid,0.00,100
2b,45,bbh_tracking_shuffled_objects_seven_objects,all,grounded,0.00,100
2b,45,bbh_tracking_shuffled_objects_seven_objects,all,correct,36.00,100
2b,45,bbh_tracking_shuffled_objects_seven_objects,all,valid_correct,0.00,100
2b,45,bbh_tracking_shuffled_objects_seven_objects,all,in_system,0.00,100
2b,45,bbh_tracking_shuffled_objects_seven_objects,all,valid_wrong,0.00,100
2b,45,bbh_tracking_shuffled_objects_three_objects,all,has_proof,0.00,100
2b,45,bbh_tracking_shuffled_objects_three_objects,all,grammatical,0.00,100
2b,45,bbh_tracking_shuffled_objects_three_objects,all,valid,0.00,100
2b,45,bbh_tracking_shuffled_objects_three_objects,all,grounded,0.00,100
2b,45,bbh_tracking_shuffled_objects_three_objects,all,correct,0.00,100
2b,45,bbh_tracking_shuffled_objects_three_objects,all,valid_correct,0.00,100
2b,45,bbh_tracking_shuffled_objects_three_objects,all,in_system,0.00,100
2b,45,bbh_tracking_shuffled_objects_three_objects,all,valid_wrong,0.00,100
2b,45,bbh_web_of_lies,all,has_proof,100.00,100
2b,45,bbh_web_of_lies,all,grammatical,82.00,100
2b,45,bbh_web_of_lies,all,valid,7.00,100
2b,45,bbh_web_of_lies,all,grounded,70.00,100
2b,45,bbh_web_of_lies,all,correct,53.00,100
2b,45,bbh_web_of_lies,all,valid_correct,5.00,100
2b,45,bbh_web_of_lies,all,in_system,5.00,100
2b,45,bbh_web_of_lies,all,valid_wrong,2.00,100
2b,45,bbh_web_of_lies,answerable,has_proof,100.00,100
2b,45,bbh_web_of_lies,answerable,grammatical,82.00,100
2b,45,bbh_web_of_lies,answerable,valid,7.00,100
2b,45,bbh_web_of_lies,answerable,grounded,70.00,100
2b,45,bbh_web_of_lies,answerable,correct,53.00,100
2b,45,bbh_web_of_lies,answerable,valid_correct,5.00,100
2b,45,bbh_web_of_lies,answerable,in_system,5.00,100
2b,45,bbh_web_of_lies,answerable,valid_wrong,2.00,100
2b,45,bbh_word_sorting,all,has_proof,100.00,100
2b,45,bbh_word_sorting,all,grammatical,1.00,100
2b,45,bbh_word_sorting,all,valid,0.00,100
2b,45,bbh_word_sorting,all,grounded,0.00,100
2b,45,bbh_word_sorting,all,correct,16.00,100
2b,45,bbh_word_sorting,all,valid_correct,0.00,100
2b,45,bbh_word_sorting,all,in_system,0.00,100
2b,45,bbh_word_sorting,all,valid_wrong,0.00,100
2b,45,folio,all,has_proof,98.52,203
2b,45,folio,all,grammatical,42.36,203
2b,45,folio,all,valid,3.94,203
2b,45,folio,all,grounded,26.11,203
2b,45,folio,all,correct,42.86,203
2b,45,folio,all,valid_correct,2.46,203
2b,45,folio,all,in_system,2.46,203
2b,45,folio,all,valid_wrong,1.48,203
2b,45,folio,answerable,has_proof,100.00,134
2b,45,folio,answerable,grammatical,41.04,134
2b,45,folio,answerable,valid,3.73,134
2b,45,folio,answerable,grounded,25.37,134
2b,45,folio,answerable,correct,64.93,134
2b,45,folio,answerable,valid_correct,3.73,134
2b,45,folio,answerable,in_system,3.73,134
2b,45,folio,answerable,valid_wrong,0.00,134
2b,45,gpqa_diamond,all,has_proof,1.52,198
2b,45,gpqa_diamond,all,grammatical,0.00,198
2b,45,gpqa_diamond,all,valid,0.00,198
2b,45,gpqa_diamond,all,grounded,0.00,198
2b,45,gpqa_diamond,all,correct,30.81,198
2b,45,gpqa_diamond,all,valid_correct,0.00,198
2b,45,gpqa_diamond,all,in_system,0.00,198
2b,45,gpqa_diamond,all,valid_wrong,0.00,198
2b,45,gpqa_quant,all,has_proof,0.00,73
2b,45,gpqa_quant,all,grammatical,0.00,73
2b,45,gpqa_quant,all,valid,0.00,73
2b,45,gpqa_quant,all,grounded,0.00,73
2b,45,gpqa_quant,all,correct,34.25,73
2b,45,gpqa_quant,all,valid_correct,0.00,73
2b,45,gpqa_quant,all,in_system,0.00,73
2b,45,gpqa_quant,all,valid_wrong,0.00,73
2b,45,gpqa_rest,all,has_proof,2.40,125
2b,45,gpqa_rest,all,grammatical,0.00,125
2b,45,gpqa_rest,all,valid,0.00,125
2b,45,gpqa_rest,all,grounded,0.00,125
2b,45,gpqa_rest,all,correct,28.80,125
2b,45,gpqa_rest,all,valid_correct,0.00,125
2b,45,gpqa_rest,all,in_system,0.00,125
2b,45,gpqa_rest,all,valid_wrong,0.00,125
2b,45,gsm8k,all,has_proof,99.60,500
2b,45,gsm8k,all,grammatical,48.80,500
2b,45,gsm8k,all,valid,5.00,500
2b,45,gsm8k,all,grounded,30.40,500
2b,45,gsm8k,all,correct,37.40,500
2b,45,gsm8k,all,valid_correct,3.20,500
2b,45,gsm8k,all,in_system,3.20,500
2b,45,gsm8k,all,valid_wrong,1.80,500
2b,45,gsm8k,answerable,has_proof,99.60,500
2b,45,gsm8k,answerable,grammatical,48.80,500
2b,45,gsm8k,answerable,valid,5.00,500
2b,45,gsm8k,answerable,grounded,30.40,500
2b,45,gsm8k,answerable,correct,37.40,500
2b,45,gsm8k,answerable,valid_correct,3.20,500
2b,45,gsm8k,answerable,in_system,3.20,500
2b,45,gsm8k,answerable,valid_wrong,1.80,500
2b,45,hotpotqa,all,has_proof,0.00,200
2b,45,hotpotqa,all,grammatical,0.00,200
2b,45,hotpotqa,all,valid,0.00,200
2b,45,hotpotqa,all,grounded,0.00,200
2b,45,hotpotqa,all,correct,0.00,200
2b,45,hotpotqa,all,valid_correct,0.00,200
2b,45,hotpotqa,all,in_system,0.00,200
2b,45,hotpotqa,all,valid_wrong,0.00,200
2b,45,hotpotqa,all,f1,0.00,200
2b,45,logiqa,all,has_proof,0.46,651
2b,45,logiqa,all,grammatical,0.00,651
2b,45,logiqa,all,valid,0.00,651
2b,45,logiqa,all,grounded,0.00,651
2b,45,logiqa,all,correct,41.94,651
2b,45,logiqa,all,valid_correct,0.00,651
2b,45,logiqa,all,in_system,0.00,651
2b,45,logiqa,all,valid_wrong,0.00,651
2b,45,mmlu,all,has_proof,9.10,1000
2b,45,mmlu,all,grammatical,0.80,1000
2b,45,mmlu,all,valid,0.00,1000
2b,45,mmlu,all,grounded,0.10,1000
2b,45,mmlu,all,correct,28.30,1000
2b,45,mmlu,all,valid_correct,0.00,1000
2b,45,mmlu,all,in_system,0.00,1000
2b,45,mmlu,all,valid_wrong,0.00,1000
2b,45,musique,all,has_proof,0.00,200
2b,45,musique,all,grammatical,0.00,200
2b,45,musique,all,valid,0.00,200
2b,45,musique,all,grounded,0.00,200
2b,45,musique,all,correct,0.00,200
2b,45,musique,all,valid_correct,0.00,200
2b,45,musique,all,in_system,0.00,200
2b,45,musique,all,valid_wrong,0.00,200
2b,45,musique,all,f1,0.11,200
2b,45,pw_all,all,has_proof,100.00,2500
2b,45,pw_all,all,grammatical,61.96,2500
2b,45,pw_all,all,valid,15.80,2500
2b,45,pw_all,all,grounded,40.96,2500
2b,45,pw_all,all,correct,42.92,2500
2b,45,pw_all,all,valid_correct,12.72,2500
2b,45,pw_all,all,in_system,12.72,2500
2b,45,pw_all,all,valid_wrong,3.08,2500
2b,45,pw_all,answerable,has_proof,100.00,1753
2b,45,pw_all,answerable,grammatical,62.46,1753
2b,45,pw_all,answerable,valid,19.22,1753
2b,45,pw_all,answerable,grounded,43.35,1753
2b,45,pw_all,answerable,correct,61.21,1753
2b,45,pw_all,answerable,valid_correct,18.14,1753
2b,45,pw_all,answerable,in_system,18.14,1753
2b,45,pw_all,answerable,valid_wrong,1.08,1753
2b,45,pw_d0,all,has_proof,100.00,500
2b,45,pw_d0,all,grammatical,68.40,500
2b,45,pw_d0,all,valid,20.00,500
2b,45,pw_d0,all,grounded,43.40,500
2b,45,pw_d0,all,correct,30.80,500
2b,45,pw_d0,all,valid_correct,14.80,500
2b,45,pw_d0,all,in_system,14.80,500
2b,45,pw_d0,all,valid_wrong,5.20,500
2b,45,pw_d0,answerable,has_proof,100.00,226
2b,45,pw_d0,answerable,grammatical,74.78,226
2b,45,pw_d0,answerable,valid,34.07,226
2b,45,pw_d0,answerable,grounded,55.75,226
2b,45,pw_d0,answerable,correct,68.14,226
2b,45,pw_d0,answerable,valid_correct,32.74,226
2b,45,pw_d0,answerable,in_system,32.74,226
2b,45,pw_d0,answerable,valid_wrong,1.33,226
2b,45,pw_d1,all,has_proof,100.00,500
2b,45,pw_d1,all,grammatical,65.40,500
2b,45,pw_d1,all,valid,20.60,500
2b,45,pw_d1,all,grounded,44.40,500
2b,45,pw_d1,all,correct,33.60,500
2b,45,pw_d1,all,valid_correct,15.60,500
2b,45,pw_d1,all,in_system,15.60,500
2b,45,pw_d1,all,valid_wrong,5.00,500
2b,45,pw_d1,answerable,has_proof,100.00,255
2b,45,pw_d1,answerable,grammatical,68.63,255
2b,45,pw_d1,answerable,valid,32.55,255
2b,45,pw_d1,answerable,grounded,50.59,255
2b,45,pw_d1,answerable,correct,65.88,255
2b,45,pw_d1,answerable,valid_correct,30.59,255
2b,45,pw_d1,answerable,in_system,30.59,255
2b,45,pw_d1,answerable,valid_wrong,1.96,255
2b,45,pw_d2,all,has_proof,100.00,500
2b,45,pw_d2,all,grammatical,61.20,500
2b,45,pw_d2,all,valid,16.40,500
2b,45,pw_d2,all,grounded,43.80,500
2b,45,pw_d2,all,correct,47.40,500
2b,45,pw_d2,all,valid_correct,14.60,500
2b,45,pw_d2,all,in_system,14.60,500
2b,45,pw_d2,all,valid_wrong,1.80,500
2b,45,pw_d2,answerable,has_proof,100.00,382
2b,45,pw_d2,answerable,grammatical,64.14,382
2b,45,pw_d2,answerable,valid,20.16,382
2b,45,pw_d2,answerable,grounded,47.91,382
2b,45,pw_d2,answerable,correct,62.04,382
2b,45,pw_d2,answerable,valid_correct,19.11,382
2b,45,pw_d2,answerable,in_system,19.11,382
2b,45,pw_d2,answerable,valid_wrong,1.05,382
2b,45,pw_d3,all,has_proof,100.00,500
2b,45,pw_d3,all,grammatical,61.40,500
2b,45,pw_d3,all,valid,12.60,500
2b,45,pw_d3,all,grounded,40.80,500
2b,45,pw_d3,all,correct,52.60,500
2b,45,pw_d3,all,valid_correct,10.60,500
2b,45,pw_d3,all,in_system,10.60,500
2b,45,pw_d3,all,valid_wrong,2.00,500
2b,45,pw_d3,answerable,has_proof,100.00,413
2b,45,pw_d3,answerable,grammatical,60.77,413
2b,45,pw_d3,answerable,valid,13.32,413
2b,45,pw_d3,answerable,grounded,40.68,413
2b,45,pw_d3,answerable,correct,63.68,413
2b,45,pw_d3,answerable,valid_correct,12.83,413
2b,45,pw_d3,answerable,in_system,12.83,413
2b,45,pw_d3,answerable,valid_wrong,0.48,413
2b,45,pw_d5,all,has_proof,100.00,500
2b,45,pw_d5,all,grammatical,53.40,500
2b,45,pw_d5,all,valid,9.40,500
2b,45,pw_d5,all,grounded,32.40,500
2b,45,pw_d5,all,correct,50.20,500
2b,45,pw_d5,all,valid_correct,8.00,500
2b,45,pw_d5,all,in_system,8.00,500
2b,45,pw_d5,all,valid_wrong,1.40,500
2b,45,pw_d5,answerable,has_proof,100.00,477
2b,45,pw_d5,answerable,grammatical,53.46,477
2b,45,pw_d5,answerable,valid,9.43,477
2b,45,pw_d5,answerable,grounded,32.29,477
2b,45,pw_d5,answerable,correct,52.62,477
2b,45,pw_d5,answerable,valid_correct,8.39,477
2b,45,pw_d5,answerable,in_system,8.39,477
2b,45,pw_d5,answerable,valid_wrong,1.05,477
2b,50,overall,all,has_proof,44.73,9524
2b,50,overall,all,grammatical,22.76,9524
2b,50,overall,all,valid,4.51,9524
2b,50,overall,all,grounded,14.75,9524
2b,50,overall,all,correct,32.37,9524
2b,50,overall,all,valid_correct,3.46,9524
2b,50,overall,all,in_system,3.46,9524
2b,50,overall,all,valid_wrong,1.05,9524
2b,50,overall,all,f1,0.04,9524
2b,50,overall,answerable,has_proof,99.84,3187
2b,50,overall,answerable,grammatical,51.74,3187
2b,50,overall,answerable,valid,11.70,3187
2b,50,overall,answerable,grounded,34.64,3187
2b,50,overall,answerable,correct,51.80,3187
2b,50,overall,answerable,valid_correct,10.35,3187
2b,50,overall,answerable,in_system,10.35,3187
2b,50,overall,answerable,valid_wrong,1.35,3187
2b,50,bbh,all,has_proof,34.26,2700
2b,50,bbh,all,grammatical,7.63,2700
2b,50,bbh,all,valid,0.37,2700
2b,50,bbh,all,grounded,4.07,2700
2b,50,bbh,all,correct,27.63,2700
2b,50,bbh,all,valid_correct,0.11,2700
2b,50,bbh,all,in_system,0.11,2700
2b,50,bbh,all,valid_wrong,0.26,2700
2b,50,bbh,answerable,has_proof,99.88,800
2b,50,bbh,answerable,grammatical,25.62,800
2b,50,bbh,answerable,valid,1.25,800
2b,50,bbh,answerable,grounded,13.75,800
2b,50,bbh,answerable,correct,40.50,800
2b,50,bbh,answerable,valid_correct,0.38,800
2b,50,bbh,answerable,in_system,0.38,800
2b,50,bbh,answerable,valid_wrong,0.88,800
2b,50,deduction,all,has_proof,99.85,2703
2b,50,deduction,all,grammatical,62.78,2703
2b,50,deduction,all,valid,14.50,2703
2b,50,deduction,all,grounded,41.44,2703
2b,50,deduction,all,correct,42.25,2703
2b,50,deduction,all,valid_correct,11.43,2703
2b,50,deduction,all,in_system,11.43,2703
2b,50,deduction,all,valid_wrong,3.07,2703
2b,50,deduction,answerable,has_proof,99.89,1887
2b,50,deduction,answerable,grammatical,63.01,1887
2b,50,deduction,answerable,valid,17.75,1887
2b,50,deduction,answerable,grounded,43.56,1887
2b,50,deduction,answerable,correct,60.52,1887
2b,50,deduction,answerable,valid_correct,16.38,1887
2b,50,deduction,answerable,in_system,16.38,1887
2b,50,deduction,answerable,valid_wrong,1.38,1887
2b,50,gpqa,all,has_proof,1.52,198
2b,50,gpqa,all,grammatical,0.00,198
2b,50,gpqa,all,valid,0.00,198
2b,50,gpqa,all,grounded,0.00,198
2b,50,gpqa,all,correct,34.34,198
2b,50,gpqa,all,valid_correct,0.00,198
2b,50,gpqa,all,in_system,0.00,198
2b,50,gpqa,all,valid_wrong,0.00,198
2b,50,multihop,all,has_proof,0.00,600
2b,50,multihop,all,grammatical,0.00,600
2b,50,multihop,all,valid,0.00,600
2b,50,multihop,all,grounded,0.00,600
2b,50,multihop,all,correct,0.00,600
2b,50,multihop,all,valid_correct,0.00,600
2b,50,multihop,all,in_system,0.00,600
2b,50,multihop,all,valid_wrong,0.00,600
2b,50,multihop,all,f1,0.04,600
2b,50,standard,all,has_proof,19.05,3323
2b,50,standard,all,grammatical,7.97,3323
2b,50,standard,all,valid,0.84,3323
2b,50,standard,all,grounded,5.27,3323
2b,50,standard,all,correct,33.92,3323
2b,50,standard,all,valid_correct,0.54,3323
2b,50,standard,all,in_system,0.54,3323
2b,50,standard,all,valid_wrong,0.30,3323
2b,50,standard,answerable,has_proof,99.60,500
2b,50,standard,answerable,grammatical,51.00,500
2b,50,standard,answerable,valid,5.60,500
2b,50,standard,answerable,grounded,34.40,500
2b,50,standard,answerable,correct,37.00,500
2b,50,standard,answerable,valid_correct,3.60,500
2b,50,standard,answerable,in_system,3.60,500
2b,50,standard,answerable,valid_wrong,2.00,500
2b,50,2wikimqa,all,has_proof,0.00,200
2b,50,2wikimqa,all,grammatical,0.00,200
2b,50,2wikimqa,all,valid,0.00,200
2b,50,2wikimqa,all,grounded,0.00,200
2b,50,2wikimqa,all,correct,0.00,200
2b,50,2wikimqa,all,valid_correct,0.00,200
2b,50,2wikimqa,all,in_system,0.00,200
2b,50,2wikimqa,all,valid_wrong,0.00,200
2b,50,2wikimqa,all,f1,0.00,200
2b,50,arc_challenge,all,has_proof,3.50,1172
2b,50,arc_challenge,all,grammatical,0.17,1172
2b,50,arc_challenge,all,valid,0.00,1172
2b,50,arc_challenge,all,grounded,0.17,1172
2b,50,arc_challenge,all,correct,28.84,1172
2b,50,arc_challenge,all,valid_correct,0.00,1172
2b,50,arc_challenge,all,in_system,0.00,1172
2b,50,arc_challenge,all,valid_wrong,0.00,1172
2b,50,bbh_boolean_expressions,all,has_proof,100.00,100
2b,50,bbh_boolean_expressions,all,grammatical,26.00,100
2b,50,bbh_boolean_expressions,all,valid,0.00,100
2b,50,bbh_boolean_expressions,all,grounded,0.00,100
2b,50,bbh_boolean_expressions,all,correct,61.00,100
2b,50,bbh_boolean_expressions,all,valid_correct,0.00,100
2b,50,bbh_boolean_expressions,all,in_system,0.00,100
2b,50,bbh_boolean_expressions,all,valid_wrong,0.00,100
2b,50,bbh_boolean_expressions,answerable,has_proof,100.00,100
2b,50,bbh_boolean_expressions,answerable,grammatical,26.00,100
2b,50,bbh_boolean_expressions,answerable,valid,0.00,100
2b,50,bbh_boolean_expressions,answerable,grounded,0.00,100
2b,50,bbh_boolean_expressions,answerable,correct,61.00,100
2b,50,bbh_boolean_expressions,answerable,valid_correct,0.00,100
2b,50,bbh_boolean_expressions,answerable,in_system,0.00,100
2b,50,bbh_boolean_expressions,answerable,valid_wrong,0.00,100
2b,50,bbh_causal_judgement,all,has_proof,100.00,100
2b,50,bbh_causal_judgement,all,grammatical,23.00,100
2b,50,bbh_causal_judgement,all,valid,0.00,100
2b,50,bbh_causal_judgement,all,grounded,4.00,100
2b,50,bbh_causal_judgement,all,correct,40.00,100
2b,50,bbh_causal_judgement,all,valid_correct,0.00,100
2b,50,bbh_causal_judgement,all,in_system,0.00,100
2b,50,bbh_causal_judgement,all,valid_wrong,0.00,100
2b,50,bbh_causal_judgement,answerable,has_proof,100.00,100
2b,50,bbh_causal_judgement,answerable,grammatical,23.00,100
2b,50,bbh_causal_judgement,answerable,valid,0.00,100
2b,50,bbh_causal_judgement,answerable,grounded,4.00,100
2b,50,bbh_causal_judgement,answerable,correct,40.00,100
2b,50,bbh_causal_judgement,answerable,valid_correct,0.00,100
2b,50,bbh_causal_judgement,answerable,in_system,0.00,100
2b,50,bbh_causal_judgement,answerable,valid_wrong,0.00,100
2b,50,bbh_date_understanding,all,has_proof,0.00,100
2b,50,bbh_date_understanding,all,grammatical,0.00,100
2b,50,bbh_date_understanding,all,valid,0.00,100
2b,50,bbh_date_understanding,all,grounded,0.00,100
2b,50,bbh_date_understanding,all,correct,59.00,100
2b,50,bbh_date_understanding,all,valid_correct,0.00,100
2b,50,bbh_date_understanding,all,in_system,0.00,100
2b,50,bbh_date_understanding,all,valid_wrong,0.00,100
2b,50,bbh_disambiguation_qa,all,has_proof,0.00,100
2b,50,bbh_disambiguation_qa,all,grammatical,0.00,100
2b,50,bbh_disambiguation_qa,all,valid,0.00,100
2b,50,bbh_disambiguation_qa,all,grounded,0.00,100
2b,50,bbh_disambiguation_qa,all,correct,0.00,100
2b,50,bbh_disambiguation_qa,all,valid_correct,0.00,100
2b,50,bbh_disambiguation_qa,all,in_system,0.00,100
2b,50,bbh_disambiguation_qa,all,valid_wrong,0.00,100
2b,50,bbh_dyck_languages,all,has_proof,27.00,100
2b,50,bbh_dyck_languages,all,grammatical,0.00,100
2b,50,bbh_dyck_languages,all,valid,0.00,100
2b,50,bbh_dyck_languages,all,grounded,0.00,100
2b,50,bbh_dyck_languages,all,correct,8.00,100
2b,50,bbh_dyck_languages,all,valid_correct,0.00,100
2b,50,bbh_dyck_languages,all,in_system,0.00,100
2b,50,bbh_dyck_languages,all,valid_wrong,0.00,100
2b,50,bbh_formal_fallacies,all,has_proof,99.00,100
2b,50,bbh_formal_fallacies,all,grammatical,44.00,100
2b,50,bbh_formal_fallacies,all,valid,4.00,100
2b,50,bbh_formal_fallacies,all,grounded,25.00,100
2b,50,bbh_formal_fallacies,all,correct,36.00,100
2b,50,bbh_formal_fallacies,all,valid_correct,0.00,100
2b,50,bbh_formal_fallacies,all,in_system,0.00,100
2b,50,bbh_formal_fallacies,all,valid_wrong,4.00,100
2b,50,bbh_formal_fallacies,answerable,has_proof,99.00,100
2b,50,bbh_formal_fallacies,answerable,grammatical,44.00,100
2b,50,bbh_formal_fallacies,answerable,valid,4.00,100
2b,50,bbh_formal_fallacies,answerable,grounded,25.00,100
2b,50,bbh_formal_fallacies,answerable,correct,36.00,100
2b,50,bbh_formal_fallacies,answerable,valid_correct,0.00,100
2b,50,bbh_formal_fallacies,answerable,in_system,0.00,100
2b,50,bbh_formal_fallacies,answerable,valid_wrong,4.00,100
2b,50,bbh_geometric_shapes,all,has_proof,0.00,100
2b,50,bbh_geometric_shapes,all,grammatical,0.00,100
2b,50,bbh_geometric_shapes,all,valid,0.00,100
2b,50,bbh_geometric_shapes,all,grounded,0.00,100
2b,50,bbh_geometric_shapes,all,correct,36.00,100
2b,50,bbh_geometric_shapes,all,valid_correct,0.00,100
2b,50,bbh_geometric_shapes,all,in_system,0.00,100
2b,50,bbh_geometric_shapes,all,valid_wrong,0.00,100
2b,50,bbh_hyperbaton,all,has_proof,0.00,100
2b,50,bbh_hyperbaton,all,grammatical,0.00,100
2b,50,bbh_hyperbaton,all,valid,0.00,100
2b,50,bbh_hyperbaton,all,grounded,0.00,100
2b,50,bbh_hyperbaton,all,correct,0.00,100
2b,50,bbh_hyperbaton,all,valid_correct,0.00,100
2b,50,bbh_hyperbaton,all,in_system,0.00,100
2b,50,bbh_hyperbaton,all,valid_wrong,0.00,100
2b,50,bbh_logical_deduction_five_objects,all,has_proof,0.00,100
2b,50,bbh_logical_deduction_five_objects,all,grammatical,0.00,100
2b,50,bbh_logical_deduction_five_objects,all,valid,0.00,100
2b,50,bbh_logical_deduction_five_objects,all,grounded,0.00,100
2b,50,bbh_logical_deduction_five_objects,all,correct,27.00,100
2b,50,bbh_logical_deduction_five_objects,all,valid_correct,0.00,100
2b,50,bbh_logical_deduction_five_objects,all,in_system,0.00,100
2b,50,bbh_logical_deduction_five_objects,all,valid_wrong,0.00,100
2b,50,bbh_logical_deduction_seven_objects,all,has_proof,0.00,100
2b,50,bbh_logical_deduction_seven_objects,all,grammatical,0.00,100
2b,50,bbh_logical_deduction_seven_objects,all,valid,0.00,100
2b,50,bbh_logical_deduction_seven_objects,all,grounded,0.00,100
2b,50,bbh_logical_deduction_seven_objects,all,correct,44.00,100
2b,50,bbh_logical_deduction_seven_objects,all,valid_correct,0.00,100
2b,50,bbh_logical_deduction_seven_objects,all,in_system,0.00,100
2b,50,bbh_logical_deduction_seven_objects,all,valid_wrong,0.00,100
2b,50,bbh_logical_deduction_three_objects,all,has_proof,0.00,100
2b,50,bbh_logical_deduction_three_objects,all,grammatical,0.00,100
2b,50,bbh_logical_deduction_three_objects,all,valid,0.00,100
2b,50,bbh_logical_deduction_three_objects,all,grounded,0.00,100
2b,50,bbh_logical_deduction_three_objects,all,correct,0.00,100
2b,50,bbh_logical_deduction_three_objects,all,valid_correct,0.00,100
2b,50,bbh_logical_deduction_three_objects,all,in_system,0.00,100
2b,50,bbh_logical_deduction_three_objects,all,valid_wrong,0.00,100
2b,50,bbh_movie_recommendation,all,has_proof,0.00,100
2b,50,bbh_movie_recommendation,all,grammatical,0.00,100
2b,50,bbh_movie_recommendation,all,valid,0.00,100
2b,50,bbh_movie_recommendation,all,grounded,0.00,100
2b,50,bbh_movie_recommendation,all,correct,0.00,100
2b,50,bbh_movie_recommendation,all,valid_correct,0.00,100
2b,50,bbh_movie_recommendation,all,in_system,0.00,100
2b,50,bbh_movie_recommendation,all,valid_wrong,0.00,100
2b,50,bbh_multistep_arithmetic_two,all,has_proof,100.00,100
2b,50,bbh_multistep_arithmetic_two,all,grammatical,4.00,100
2b,50,bbh_multistep_arithmetic_two,all,valid,0.00,100
2b,50,bbh_multistep_arithmetic_two,all,grounded,0.00,100
2b,50,bbh_multistep_arithmetic_two,all,correct,16.00,100
2b,50,bbh_multistep_arithmetic_two,all,valid_correct,0.00,100
2b,50,bbh_multistep_arithmetic_two,all,in_system,0.00,100
2b,50,bbh_multistep_arithmetic_two,all,valid_wrong,0.00,100
2b,50,bbh_multistep_arithmetic_two,answerable,has_proof,100.00,100
2b,50,bbh_multistep_arithmetic_two,answerable,grammatical,4.00,100
2b,50,bbh_multistep_arithmetic_two,answerable,valid,0.00,100
2b,50,bbh_multistep_arithmetic_two,answerable,grounded,0.00,100
2b,50,bbh_multistep_arithmetic_two,answerable,correct,16.00,100
2b,50,bbh_multistep_arithmetic_two,answerable,valid_correct,0.00,100
2b,50,bbh_multistep_arithmetic_two,answerable,in_system,0.00,100
2b,50,bbh_multistep_arithmetic_two,answerable,valid_wrong,0.00,100
2b,50,bbh_navigate,all,has_proof,100.00,100
2b,50,bbh_navigate,all,grammatical,7.00,100
2b,50,bbh_navigate,all,valid,0.00,100
2b,50,bbh_navigate,all,grounded,2.00,100
2b,50,bbh_navigate,all,correct,41.00,100
2b,50,bbh_navigate,all,valid_correct,0.00,100
2b,50,bbh_navigate,all,in_system,0.00,100
2b,50,bbh_navigate,all,valid_wrong,0.00,100
2b,50,bbh_navigate,answerable,has_proof,100.00,100
2b,50,bbh_navigate,answerable,grammatical,7.00,100
2b,50,bbh_navigate,answerable,valid,0.00,100
2b,50,bbh_navigate,answerable,grounded,2.00,100
2b,50,bbh_navigate,answerable,correct,41.00,100
2b,50,bbh_navigate,answerable,valid_correct,0.00,100
2b,50,bbh_navigate,answerable,in_system,0.00,100
2b,50,bbh_navigate,answerable,valid_wrong,0.00,100
2b,50,bbh_object_counting,all,has_proof,100.00,100
2b,50,bbh_object_counting,all,grammatical,19.00,100
2b,50,bbh_object_counting,all,valid,0.00,100
2b,50,bbh_object_counting,all,grounded,9.00,100
2b,50,bbh_object_counting,all,correct,33.00,100
2b,50,bbh_object_counting,all,valid_correct,0.00,100
2b,50,bbh_object_counting,all,in_system,0.00,100
2b,50,bbh_object_counting,all,valid_wrong,0.00,100
2b,50,bbh_object_counting,answerable,has_proof,100.00,100
2b,50,bbh_object_counting,answerable,grammatical,19.00,100
2b,50,bbh_object_counting,answerable,valid,0.00,100
2b,50,bbh_object_counting,answerable,grounded,9.00,100
2b,50,bbh_object_counting,answerable,correct,33.00,100
2b,50,bbh_object_counting,answerable,valid_correct,0.00,100
2b,50,bbh_object_counting,answerable,in_system,0.00,100
2b,50,bbh_object_counting,answerable,valid_wrong,0.00,100
2b,50,bbh_penguins_in_a_table,all,has_proof,0.00,100
2b,50,bbh_penguins_in_a_table,all,grammatical,0.00,100
2b,50,bbh_penguins_in_a_table,all,valid,0.00,100
2b,50,bbh_penguins_in_a_table,all,grounded,0.00,100
2b,50,bbh_penguins_in_a_table,all,correct,47.00,100
2b,50,bbh_penguins_in_a_table,all,valid_correct,0.00,100
2b,50,bbh_penguins_in_a_table,all,in_system,0.00,100
2b,50,bbh_penguins_in_a_table,all,valid_wrong,0.00,100
2b,50,bbh_reasoning_about_colored_objects,all,has_proof,0.00,100
2b,50,bbh_reasoning_about_colored_objects,all,grammatical,0.00,100
2b,50,bbh_reasoning_about_colored_objects,all,valid,0.00,100
2b,50,bbh_reasoning_about_colored_objects,all,grounded,0.00,100
2b,50,bbh_reasoning_about_colored_objects,all,correct,65.00,100
2b,50,bbh_reasoning_about_colored_objects,all,valid_correct,0.00,100
2b,50,bbh_reasoning_about_colored_objects,all,in_system,0.00,100
2b,50,bbh_reasoning_about_colored_objects,all,valid_wrong,0.00,100
2b,50,bbh_ruin_names,all,has_proof,0.00,100
2b,50,bbh_ruin_names,all,grammatical,0.00,100
2b,50,bbh_ruin_names,all,valid,0.00,100
2b,50,bbh_ruin_names,all,grounded,0.00,100
2b,50,bbh_ruin_names,all,correct,3.00,100
2b,50,bbh_ruin_names,all,valid_correct,0.00,100
2b,50,bbh_ruin_names,all,in_system,0.00,100
2b,50,bbh_ruin_names,all,valid_wrong,0.00,100
2b,50,bbh_salient_translation_error_detection,all,has_proof,0.00,100
2b,50,bbh_salient_translation_error_detection,all,grammatical,0.00,100
2b,50,bbh_salient_translation_error_detection,all,valid,0.00,100
2b,50,bbh_salient_translation_error_detection,all,grounded,0.00,100
2b,50,bbh_salient_translation_error_detection,all,correct,9.00,100
2b,50,bbh_salient_translation_error_detection,all,valid_correct,0.00,100
2b,50,bbh_salient_translation_error_detection,all,in_system,0.00,100
2b,50,bbh_salient_translation_error_detection,all,valid_wrong,0.00,100
2b,50,bbh_snarks,all,has_proof,0.00,100
2b,50,bbh_snarks,all,grammatical,0.00,100
2b,50,bbh_snarks,all,valid,0.00,100
2b,50,bbh_snarks,all,grounded,0.00,100
2b,50,bbh_snarks,all,correct,0.00,100
2b,50,bbh_snarks,all,valid_correct,0.00,100
2b,50,bbh_snarks,all,in_system,0.00,100
2b,50,bbh_snarks,all,valid_wrong,0.00,100
2b,50,bbh_sports_understanding,all,has_proof,100.00,100
2b,50,bbh_sports_understanding,all,grammatical,11.00,100
2b,50,bbh_sports_understanding,all,valid,3.00,100
2b,50,bbh_sports_understanding,all,grounded,4.00,100
2b,50,bbh_sports_understanding,all,correct,51.00,100
2b,50,bbh_sports_understanding,all,valid_correct,1.00,100
2b,50,bbh_sports_understanding,all,in_system,1.00,100
2b,50,bbh_sports_understanding,all,valid_wrong,2.00,100
2b,50,bbh_sports_understanding,answerable,has_proof,100.00,100
2b,50,bbh_sports_understanding,answerable,grammatical,11.00,100
2b,50,bbh_sports_understanding,answerable,valid,3.00,100
2b,50,bbh_sports_understanding,answerable,grounded,4.00,100
2b,50,bbh_sports_understanding,answerable,correct,51.00,100
2b,50,bbh_sports_understanding,answerable,valid_correct,1.00,100
2b,50,bbh_sports_understanding,answerable,in_system,1.00,100
2b,50,bbh_sports_understanding,answerable,valid_wrong,2.00,100
2b,50,bbh_temporal_sequences,all,has_proof,0.00,100
2b,50,bbh_temporal_sequences,all,grammatical,0.00,100
2b,50,bbh_temporal_sequences,all,valid,0.00,100
2b,50,bbh_temporal_sequences,all,grounded,0.00,100
2b,50,bbh_temporal_sequences,all,correct,29.00,100
2b,50,bbh_temporal_sequences,all,valid_correct,0.00,100
2b,50,bbh_temporal_sequences,all,in_system,0.00,100
2b,50,bbh_temporal_sequences,all,valid_wrong,0.00,100
2b,50,bbh_tracking_shuffled_objects_five_objects,all,has_proof,0.00,100
2b,50,bbh_tracking_shuffled_objects_five_objects,all,grammatical,0.00,100
2b,50,bbh_tracking_shuffled_objects_five_objects,all,valid,0.00,100
2b,50,bbh_tracking_shuffled_objects_five_objects,all,grounded,0.00,100
2b,50,bbh_tracking_shuffled_objects_five_objects,all,correct,41.00,100
2b,50,bbh_tracking_shuffled_objects_five_objects,all,valid_correct,0.00,100
2b,50,bbh_tracking_shuffled_objects_five_objects,all,in_system,0.00,100
2b,50,bbh_tracking_shuffled_objects_five_objects,all,valid_wrong,0.00,100
2b,50,bbh_tracking_shuffled_objects_seven_objects,all,has_proof,0.00,100
2b,50,bbh_tracking_shuffled_objects_seven_objects,all,grammatical,0.00,100
2b,50,bbh_tracking_shuffled_objects_seven_objects,all,valid,0.00,100
2b,50,bbh_tracking_shuffled_objects_seven_objects,all,grounded,0.00,100
2b,50,bbh_tracking_shuffled_objects_seven_objects,all,correct,40.00,100
2b,50,bbh_tracking_shuffled_objects_seven_objects,all,valid_correct,0.00,100
2b,50,bbh_tracking_shuffled_objects_seven_objects,all,in_system,0.00,100
2b,50,bbh_tracking_shuffled_objects_seven_objects,all,valid_wrong,0.00,100
2b,50,bbh_tracking_shuffled_objects_three_objects,all,has_proof,0.00,100
2b,50,bbh_tracking_shuffled_objects_three_objects,all,grammatical,0.00,100
2b,50,bbh_tracking_shuffled_objects_three_objects,all,valid,0.00,100
2b,50,bbh_tracking_shuffled_objects_three_objects,all,grounded,0.00,100
2b,50,bbh_tracking_shuffled_objects_three_objects,all,correct,0.00,100
2b,50,bbh_tracking_shuffled_objects_three_objects,all,valid_correct,0.00,100
2b,50,bbh_tracking_shuffled_objects_three_objects,all,in_system,0.00,100
2b,50,bbh_tracking_shuffled_objects_three_objects,all,valid_wrong,0.00,100
2b,50,bbh_web_of_lies,all,has_proof,100.00,100
2b,50,bbh_web_of_lies,all,grammatical,71.00,100
2b,50,bbh_web_of_lies,all,valid,3.00,100
2b,50,bbh_web_of_lies,all,grounded,66.00,100
2b,50,bbh_web_of_lies,all,correct,46.00,100
2b,50,bbh_web_of_lies,all,valid_correct,2.00,100
2b,50,bbh_web_of_lies,all,in_system,2.00,100
2b,50,bbh_web_of_lies,all,valid_wrong,1.00,100
2b,50,bbh_web_of_lies,answerable,has_proof,100.00,100
2b,50,bbh_web_of_lies,answerable,grammatical,71.00,100
2b,50,bbh_web_of_lies,answerable,valid,3.00,100
2b,50,bbh_web_of_lies,answerable,grounded,66.00,100
2b,50,bbh_web_of_lies,answerable,correct,46.00,100
2b,50,bbh_web_of_lies,answerable,valid_correct,2.00,100
2b,50,bbh_web_of_lies,answerable,in_system,2.00,100
2b,50,bbh_web_of_lies,answerable,valid_wrong,1.00,100
2b,50,bbh_word_sorting,all,has_proof,99.00,100
2b,50,bbh_word_sorting,all,grammatical,1.00,100
2b,50,bbh_word_sorting,all,valid,0.00,100
2b,50,bbh_word_sorting,all,grounded,0.00,100
2b,50,bbh_word_sorting,all,correct,14.00,100
2b,50,bbh_word_sorting,all,valid_correct,0.00,100
2b,50,bbh_word_sorting,all,in_system,0.00,100
2b,50,bbh_word_sorting,all,valid_wrong,0.00,100
2b,50,folio,all,has_proof,98.03,203
2b,50,folio,all,grammatical,39.90,203
2b,50,folio,all,valid,2.46,203
2b,50,folio,all,grounded,24.63,203
2b,50,folio,all,correct,44.33,203
2b,50,folio,all,valid_correct,1.97,203
2b,50,folio,all,in_system,1.97,203
2b,50,folio,all,valid_wrong,0.49,203
2b,50,folio,answerable,has_proof,98.51,134
2b,50,folio,answerable,grammatical,38.06,134
2b,50,folio,answerable,valid,2.99,134
2b,50,folio,answerable,grounded,24.63,134
2b,50,folio,answerable,correct,67.16,134
2b,50,folio,answerable,valid_correct,2.99,134
2b,50,folio,answerable,in_system,2.99,134
2b,50,folio,answerable,valid_wrong,0.00,134
2b,50,gpqa_diamond,all,has_proof,1.52,198
2b,50,gpqa_diamond,all,grammatical,0.00,198
2b,50,gpqa_diamond,all,valid,0.00,198
2b,50,gpqa_diamond,all,grounded,0.00,198
2b,50,gpqa_diamond,all,correct,34.34,198
2b,50,gpqa_diamond,all,valid_correct,0.00,198
2b,50,gpqa_diamond,all,in_system,0.00,198
2b,50,gpqa_diamond,all,valid_wrong,0.00,198
2b,50,gpqa_quant,all,has_proof,0.00,73
2b,50,gpqa_quant,all,grammatical,0.00,73
2b,50,gpqa_quant,all,valid,0.00,73
2b,50,gpqa_quant,all,grounded,0.00,73
2b,50,gpqa_quant,all,correct,39.73,73
2b,50,gpqa_quant,all,valid_correct,0.00,73
2b,50,gpqa_quant,all,in_system,0.00,73
2b,50,gpqa_quant,all,valid_wrong,0.00,73
2b,50,gpqa_rest,all,has_proof,2.40,125
2b,50,gpqa_rest,all,grammatical,0.00,125
2b,50,gpqa_rest,all,valid,0.00,125
2b,50,gpqa_rest,all,grounded,0.00,125
2b,50,gpqa_rest,all,correct,31.20,125
2b,50,gpqa_rest,all,valid_correct,0.00,125
2b,50,gpqa_rest,all,in_system,0.00,125
2b,50,gpqa_rest,all,valid_wrong,0.00,125
2b,50,gsm8k,all,has_proof,99.60,500
2b,50,gsm8k,all,grammatical,51.00,500
2b,50,gsm8k,all,valid,5.60,500
2b,50,gsm8k,all,grounded,34.40,500
2b,50,gsm8k,all,correct,37.00,500
2b,50,gsm8k,all,valid_correct,3.60,500
2b,50,gsm8k,all,in_system,3.60,500
2b,50,gsm8k,all,valid_wrong,2.00,500
2b,50,gsm8k,answerable,has_proof,99.60,500
2b,50,gsm8k,answerable,grammatical,51.00,500
2b,50,gsm8k,answerable,valid,5.60,500
2b,50,gsm8k,answerable,grounded,34.40,500
2b,50,gsm8k,answerable,correct,37.00,500
2b,50,gsm8k,answerable,valid_correct,3.60,500
2b,50,gsm8k,answerable,in_system,3.60,500
2b,50,gsm8k,answerable,valid_wrong,2.00,500
2b,50,hotpotqa,all,has_proof,0.00,200
2b,50,hotpotqa,all,grammatical,0.00,200
2b,50,hotpotqa,all,valid,0.00,200
2b,50,hotpotqa,all,grounded,0.00,200
2b,50,hotpotqa,all,correct,0.00,200
2b,50,hotpotqa,all,valid_correct,0.00,200
2b,50,hotpotqa,all,in_system,0.00,200
2b,50,hotpotqa,all,valid_wrong,0.00,200
2b,50,hotpotqa,all,f1,0.00,200
2b,50,logiqa,all,has_proof,0.61,651
2b,50,logiqa,all,grammatical,0.15,651
2b,50,logiqa,all,valid,0.00,651
2b,50,logiqa,all,grounded,0.00,651
2b,50,logiqa,all,correct,43.78,651
2b,50,logiqa,all,valid_correct,0.00,651
2b,50,logiqa,all,in_system,0.00,651
2b,50,logiqa,all,valid_wrong,0.00,651
2b,50,mmlu,all,has_proof,9.00,1000
2b,50,mmlu,all,grammatical,0.70,1000
2b,50,mmlu,all,valid,0.00,1000
2b,50,mmlu,all,grounded,0.10,1000
2b,50,mmlu,all,correct,31.90,1000
2b,50,mmlu,all,valid_correct,0.00,1000
2b,50,mmlu,all,in_system,0.00,1000
2b,50,mmlu,all,valid_wrong,0.00,1000
2b,50,musique,all,has_proof,0.00,200
2b,50,musique,all,grammatical,0.00,200
2b,50,musique,all,valid,0.00,200
2b,50,musique,all,grounded,0.00,200
2b,50,musique,all,correct,0.00,200
2b,50,musique,all,valid_correct,0.00,200
2b,50,musique,all,in_system,0.00,200
2b,50,musique,all,valid_wrong,0.00,200
2b,50,musique,all,f1,0.11,200
2b,50,pw_all,all,has_proof,100.00,2500
2b,50,pw_all,all,grammatical,64.64,2500
2b,50,pw_all,all,valid,15.48,2500
2b,50,pw_all,all,grounded,42.80,2500
2b,50,pw_all,all,correct,42.08,2500
2b,50,pw_all,all,valid_correct,12.20,2500
2b,50,pw_all,all,in_system,12.20,2500
2b,50,pw_all,all,valid_wrong,3.28,2500
2b,50,pw_all,answerable,has_proof,100.00,1753
2b,50,pw_all,answerable,grammatical,64.92,1753
2b,50,pw_all,answerable,valid,18.88,1753
2b,50,pw_all,answerable,grounded,45.01,1753
2b,50,pw_all,answerable,correct,60.01,1753
2b,50,pw_all,answerable,valid_correct,17.40,1753
2b,50,pw_all,answerable,in_system,17.40,1753
2b,50,pw_all,answerable,valid_wrong,1.48,1753
2b,50,pw_d0,all,has_proof,100.00,500
2b,50,pw_d0,all,grammatical,68.20,500
2b,50,pw_d0,all,valid,19.40,500
2b,50,pw_d0,all,grounded,42.40,500
2b,50,pw_d0,all,correct,30.80,500
2b,50,pw_d0,all,valid_correct,13.80,500
2b,50,pw_d0,all,in_system,13.80,500
2b,50,pw_d0,all,valid_wrong,5.60,500
2b,50,pw_d0,answerable,has_proof,100.00,226
2b,50,pw_d0,answerable,grammatical,73.01,226
2b,50,pw_d0,answerable,valid,33.63,226
2b,50,pw_d0,answerable,grounded,50.44,226
2b,50,pw_d0,answerable,correct,68.14,226
2b,50,pw_d0,answerable,valid_correct,30.53,226
2b,50,pw_d0,answerable,in_system,30.53,226
2b,50,pw_d0,answerable,valid_wrong,3.10,226
2b,50,pw_d1,all,has_proof,100.00,500
2b,50,pw_d1,all,grammatical,70.00,500
2b,50,pw_d1,all,valid,17.00,500
2b,50,pw_d1,all,grounded,45.20,500
2b,50,pw_d1,all,correct,32.40,500
2b,50,pw_d1,all,valid_correct,13.00,500
2b,50,pw_d1,all,in_system,13.00,500
2b,50,pw_d1,all,valid_wrong,4.00,500
2b,50,pw_d1,answerable,has_proof,100.00,255
2b,50,pw_d1,answerable,grammatical,75.29,255
2b,50,pw_d1,answerable,valid,28.24,255
2b,50,pw_d1,answerable,grounded,55.29,255
2b,50,pw_d1,answerable,correct,63.53,255
2b,50,pw_d1,answerable,valid_correct,25.49,255
2b,50,pw_d1,answerable,in_system,25.49,255
2b,50,pw_d1,answerable,valid_wrong,2.75,255
2b,50,pw_d2,all,has_proof,100.00,500
2b,50,pw_d2,all,grammatical,67.20,500
2b,50,pw_d2,all,valid,18.00,500
2b,50,pw_d2,all,grounded,46.40,500
2b,50,pw_d2,all,correct,47.40,500
2b,50,pw_d2,all,valid_correct,14.80,500
2b,50,pw_d2,all,in_system,14.80,500
2b,50,pw_d2,all,valid_wrong,3.20,500
2b,50,pw_d2,answerable,has_proof,100.00,382
2b,50,pw_d2,answerable,grammatical,67.80,382
2b,50,pw_d2,answerable,valid,20.68,382
2b,50,pw_d2,answerable,grounded,48.69,382
2b,50,pw_d2,answerable,correct,62.04,382
2b,50,pw_d2,answerable,valid_correct,19.37,382
2b,50,pw_d2,answerable,in_system,19.37,382
2b,50,pw_d2,answerable,valid_wrong,1.31,382
2b,50,pw_d3,all,has_proof,100.00,500
2b,50,pw_d3,all,grammatical,63.00,500
2b,50,pw_d3,all,valid,13.60,500
2b,50,pw_d3,all,grounded,45.40,500
2b,50,pw_d3,all,correct,49.60,500
2b,50,pw_d3,all,valid_correct,11.20,500
2b,50,pw_d3,all,in_system,11.20,500
2b,50,pw_d3,all,valid_wrong,2.40,500
2b,50,pw_d3,answerable,has_proof,100.00,413
2b,50,pw_d3,answerable,grammatical,62.95,413
2b,50,pw_d3,answerable,valid,14.29,413
2b,50,pw_d3,answerable,grounded,44.79,413
2b,50,pw_d3,answerable,correct,60.05,413
2b,50,pw_d3,answerable,valid_correct,13.56,413
2b,50,pw_d3,answerable,in_system,13.56,413
2b,50,pw_d3,answerable,valid_wrong,0.73,413
2b,50,pw_d5,all,has_proof,100.00,500
2b,50,pw_d5,all,grammatical,54.80,500
2b,50,pw_d5,all,valid,9.40,500
2b,50,pw_d5,all,grounded,34.60,500
2b,50,pw_d5,all,correct,50.20,500
2b,50,pw_d5,all,valid_correct,8.20,500
2b,50,pw_d5,all,in_system,8.20,500
2b,50,pw_d5,all,valid_wrong,1.20,500
2b,50,pw_d5,answerable,has_proof,100.00,477
2b,50,pw_d5,answerable,grammatical,54.93,477
2b,50,pw_d5,answerable,valid,9.43,477
2b,50,pw_d5,answerable,grounded,34.17,477
2b,50,pw_d5,answerable,correct,52.62,477
2b,50,pw_d5,answerable,valid_correct,8.60,477
2b,50,pw_d5,answerable,in_system,8.60,477
2b,50,pw_d5,answerable,valid_wrong,0.84,477
9b,0,overall,all,has_proof,0.00,9524
9b,0,overall,all,grammatical,0.00,9524
9b,0,overall,all,valid,0.00,9524
9b,0,overall,all,grounded,0.00,9524
9b,0,overall,all,correct,9.75,9524
9b,0,overall,all,valid_correct,0.00,9524
9b,0,overall,all,in_system,0.00,9524
9b,0,overall,all,valid_wrong,0.00,9524
9b,0,overall,all,f1,0.00,9524
9b,0,overall,answerable,has_proof,0.00,3187
9b,0,overall,answerable,grammatical,0.00,3187
9b,0,overall,answerable,valid,0.00,3187
9b,0,overall,answerable,grounded,0.00,3187
9b,0,overall,answerable,correct,17.16,3187
9b,0,overall,answerable,valid_correct,0.00,3187
9b,0,overall,answerable,in_system,0.00,3187
9b,0,overall,answerable,valid_wrong,0.00,3187
9b,0,bbh,all,has_proof,0.00,2700
9b,0,bbh,all,grammatical,0.00,2700
9b,0,bbh,all,valid,0.00,2700
9b,0,bbh,all,grounded,0.00,2700
9b,0,bbh,all,correct,8.81,2700
9b,0,bbh,all,valid_correct,0.00,2700
9b,0,bbh,all,in_system,0.00,2700
9b,0,bbh,all,valid_wrong,0.00,2700
9b,0,bbh,answerable,has_proof,0.00,800
9b,0,bbh,answerable,grammatical,0.00,800
9b,0,bbh,answerable,valid,0.00,800
9b,0,bbh,answerable,grounded,0.00,800
9b,0,bbh,answerable,correct,8.50,800
9b,0,bbh,answerable,valid_correct,0.00,800
9b,0,bbh,answerable,in_system,0.00,800
9b,0,bbh,answerable,valid_wrong,0.00,800
9b,0,deduction,all,has_proof,0.00,2703
9b,0,deduction,all,grammatical,0.00,2703
9b,0,deduction,all,valid,0.00,2703
9b,0,deduction,all,grounded,0.00,2703
9b,0,deduction,all,correct,1.66,2703
9b,0,deduction,all,valid_correct,0.00,2703
9b,0,deduction,all,in_system,0.00,2703
9b,0,deduction,all,valid_wrong,0.00,2703
9b,0,deduction,answerable,has_proof,0.00,1887
9b,0,deduction,answerable,grammatical,0.00,1887
9b,0,deduction,answerable,valid,0.00,1887
9b,0,deduction,answerable,grounded,0.00,1887
9b,0,deduction,answerable,correct,2.38,1887
9b,0,deduction,answerable,valid_correct,0.00,1887
9b,0,deduction,answerable,in_system,0.00,1887
9b,0,deduction,answerable,valid_wrong,0.00,1887
9b,0,gpqa,all,has_proof,0.00,198
9b,0,gpqa,all,grammatical,0.00,198
9b,0,gpqa,all,valid,0.00,198
9b,0,gpqa,all,grounded,0.00,198
9b,0,gpqa,all,correct,35.86,198
9b,0,gpqa,all,valid_correct,0.00,198
9b,0,gpqa,all,in_system,0.00,198
9b,0,gpqa,all,valid_wrong,0.00,198
9b,0,multihop,all,has_proof,0.00,600
9b,0,multihop,all,grammatical,0.00,600
9b,0,multihop,all,valid,0.00,600
9b,0,multihop,all,grounded,0.00,600
9b,0,multihop,all,correct,0.00,600
9b,0,multihop,all,valid_correct,0.00,600
9b,0,multihop,all,in_system,0.00,600
9b,0,multihop,all,valid_wrong,0.00,600
9b,0,multihop,all,f1,0.00,600
9b,0,standard,all,has_proof,0.00,3323
9b,0,standard,all,grammatical,0.00,3323
9b,0,standard,all,valid,0.00,3323
9b,0,standard,all,grounded,0.00,3323
9b,0,standard,all,correct,17.30,3323
9b,0,standard,all,valid_correct,0.00,3323
9b,0,standard,all,in_system,0.00,3323
9b,0,standard,all,valid_wrong,0.00,3323
9b,0,standard,answerable,has_proof,0.00,500
9b,0,standard,answerable,grammatical,0.00,500
9b,0,standard,answerable,valid,0.00,500
9b,0,standard,answerable,grounded,0.00,500
9b,0,standard,answerable,correct,86.80,500
9b,0,standard,answerable,valid_correct,0.00,500
9b,0,standard,answerable,in_system,0.00,500
9b,0,standard,answerable,valid_wrong,0.00,500
9b,0,2wikimqa,all,has_proof,0.00,200
9b,0,2wikimqa,all,grammatical,0.00,200
9b,0,2wikimqa,all,valid,0.00,200
9b,0,2wikimqa,all,grounded,0.00,200
9b,0,2wikimqa,all,correct,0.00,200
9b,0,2wikimqa,all,valid_correct,0.00,200
9b,0,2wikimqa,all,in_system,0.00,200
9b,0,2wikimqa,all,valid_wrong,0.00,200
9b,0,2wikimqa,all,f1,0.00,200
9b,0,arc_challenge,all,has_proof,0.00,1172
9b,0,arc_challenge,all,grammatical,0.00,1172
9b,0,arc_challenge,all,valid,0.00,1172
9b,0,arc_challenge,all,grounded,0.00,1172
9b,0,arc_challenge,all,correct,1.71,1172
9b,0,arc_challenge,all,valid_correct,0.00,1172
9b,0,arc_challenge,all,in_system,0.00,1172
9b,0,arc_challenge,all,valid_wrong,0.00,1172
9b,0,bbh_boolean_expressions,all,has_proof,0.00,100
9b,0,bbh_boolean_expressions,all,grammatical,0.00,100
9b,0,bbh_boolean_expressions,all,valid,0.00,100
9b,0,bbh_boolean_expressions,all,grounded,0.00,100
9b,0,bbh_boolean_expressions,all,correct,4.00,100
9b,0,bbh_boolean_expressions,all,valid_correct,0.00,100
9b,0,bbh_boolean_expressions,all,in_system,0.00,100
9b,0,bbh_boolean_expressions,all,valid_wrong,0.00,100
9b,0,bbh_boolean_expressions,answerable,has_proof,0.00,100
9b,0,bbh_boolean_expressions,answerable,grammatical,0.00,100
9b,0,bbh_boolean_expressions,answerable,valid,0.00,100
9b,0,bbh_boolean_expressions,answerable,grounded,0.00,100
9b,0,bbh_boolean_expressions,answerable,correct,4.00,100
9b,0,bbh_boolean_expressions,answerable,valid_correct,0.00,100
9b,0,bbh_boolean_expressions,answerable,in_system,0.00,100
9b,0,bbh_boolean_expressions,answerable,valid_wrong,0.00,100
9b,0,bbh_causal_judgement,all,has_proof,0.00,100
9b,0,bbh_causal_judgement,all,grammatical,0.00,100
9b,0,bbh_causal_judgement,all,valid,0.00,100
9b,0,bbh_causal_judgement,all,grounded,0.00,100
9b,0,bbh_causal_judgement,all,correct,0.00,100
9b,0,bbh_causal_judgement,all,valid_correct,0.00,100
9b,0,bbh_causal_judgement,all,in_system,0.00,100
9b,0,bbh_causal_judgement,all,valid_wrong,0.00,100
9b,0,bbh_causal_judgement,answerable,has_proof,0.00,100
9b,0,bbh_causal_judgement,answerable,grammatical,0.00,100
9b,0,bbh_causal_judgement,answerable,valid,0.00,100
9b,0,bbh_causal_judgement,answerable,grounded,0.00,100
9b,0,bbh_causal_judgement,answerable,correct,0.00,100
9b,0,bbh_causal_judgement,answerable,valid_correct,0.00,100
9b,0,bbh_causal_judgement,answerable,in_system,0.00,100
9b,0,bbh_causal_judgement,answerable,valid_wrong,0.00,100
9b,0,bbh_date_understanding,all,has_proof,0.00,100
9b,0,bbh_date_understanding,all,grammatical,0.00,100
9b,0,bbh_date_understanding,all,valid,0.00,100
9b,0,bbh_date_understanding,all,grounded,0.00,100
9b,0,bbh_date_understanding,all,correct,17.00,100
9b,0,bbh_date_understanding,all,valid_correct,0.00,100
9b,0,bbh_date_understanding,all,in_system,0.00,100
9b,0,bbh_date_understanding,all,valid_wrong,0.00,100
9b,0,bbh_disambiguation_qa,all,has_proof,0.00,100
9b,0,bbh_disambiguation_qa,all,grammatical,0.00,100
9b,0,bbh_disambiguation_qa,all,valid,0.00,100
9b,0,bbh_disambiguation_qa,all,grounded,0.00,100
9b,0,bbh_disambiguation_qa,all,correct,0.00,100
9b,0,bbh_disambiguation_qa,all,valid_correct,0.00,100
9b,0,bbh_disambiguation_qa,all,in_system,0.00,100
9b,0,bbh_disambiguation_qa,all,valid_wrong,0.00,100
9b,0,bbh_dyck_languages,all,has_proof,0.00,100
9b,0,bbh_dyck_languages,all,grammatical,0.00,100
9b,0,bbh_dyck_languages,all,valid,0.00,100
9b,0,bbh_dyck_languages,all,grounded,0.00,100
9b,0,bbh_dyck_languages,all,correct,5.00,100
9b,0,bbh_dyck_languages,all,valid_correct,0.00,100
9b,0,bbh_dyck_languages,all,in_system,0.00,100
9b,0,bbh_dyck_languages,all,valid_wrong,0.00,100
9b,0,bbh_formal_fallacies,all,has_proof,0.00,100
9b,0,bbh_formal_fallacies,all,grammatical,0.00,100
9b,0,bbh_formal_fallacies,all,valid,0.00,100
9b,0,bbh_formal_fallacies,all,grounded,0.00,100
9b,0,bbh_formal_fallacies,all,correct,0.00,100
9b,0,bbh_formal_fallacies,all,valid_correct,0.00,100
9b,0,bbh_formal_fallacies,all,in_system,0.00,100
9b,0,bbh_formal_fallacies,all,valid_wrong,0.00,100
9b,0,bbh_formal_fallacies,answerable,has_proof,0.00,100
9b,0,bbh_formal_fallacies,answerable,grammatical,0.00,100
9b,0,bbh_formal_fallacies,answerable,valid,0.00,100
9b,0,bbh_formal_fallacies,answerable,grounded,0.00,100
9b,0,bbh_formal_fallacies,answerable,correct,0.00,100
9b,0,bbh_formal_fallacies,answerable,valid_correct,0.00,100
9b,0,bbh_formal_fallacies,answerable,in_system,0.00,100
9b,0,bbh_formal_fallacies,answerable,valid_wrong,0.00,100
9b,0,bbh_geometric_shapes,all,has_proof,0.00,100
9b,0,bbh_geometric_shapes,all,grammatical,0.00,100
9b,0,bbh_geometric_shapes,all,valid,0.00,100
9b,0,bbh_geometric_shapes,all,grounded,0.00,100
9b,0,bbh_geometric_shapes,all,correct,45.00,100
9b,0,bbh_geometric_shapes,all,valid_correct,0.00,100
9b,0,bbh_geometric_shapes,all,in_system,0.00,100
9b,0,bbh_geometric_shapes,all,valid_wrong,0.00,100
9b,0,bbh_hyperbaton,all,has_proof,0.00,100
9b,0,bbh_hyperbaton,all,grammatical,0.00,100
9b,0,bbh_hyperbaton,all,valid,0.00,100
9b,0,bbh_hyperbaton,all,grounded,0.00,100
9b,0,bbh_hyperbaton,all,correct,0.00,100
9b,0,bbh_hyperbaton,all,valid_correct,0.00,100
9b,0,bbh_hyperbaton,all,in_system,0.00,100
9b,0,bbh_hyperbaton,all,valid_wrong,0.00,100
9b,0,bbh_logical_deduction_five_objects,all,has_proof,0.00,100
9b,0,bbh_logical_deduction_five_objects,all,grammatical,0.00,100
9b,0,bbh_logical_deduction_five_objects,all,valid,0.00,100
9b,0,bbh_logical_deduction_five_objects,all,grounded,0.00,100
9b,0,bbh_logical_deduction_five_objects,all,correct,6.00,100
9b,0,bbh_logical_deduction_five_objects,all,valid_correct,0.00,100
9b,0,bbh_logical_deduction_five_objects,all,in_system,0.00,100
9b,0,bbh_logical_deduction_five_objects,all,valid_wrong,0.00,100
9b,0,bbh_logical_deduction_seven_objects,all,has_proof,0.00,100
9b,0,bbh_logical_deduction_seven_objects,all,grammatical,0.00,100
9b,0,bbh_logical_deduction_seven_objects,all,valid,0.00,100
9b,0,bbh_logical_deduction_seven_objects,all,grounded,0.00,100
9b,0,bbh_logical_deduction_seven_objects,all,correct,26.00,100
9b,0,bbh_logical_deduction_seven_objects,all,valid_correct,0.00,100
9b,0,bbh_logical_deduction_seven_objects,all,in_system,0.00,100
9b,0,bbh_logical_deduction_seven_objects,all,valid_wrong,0.00,100
9b,0,bbh_logical_deduction_three_objects,all,has_proof,0.00,100
9b,0,bbh_logical_deduction_three_objects,all,grammatical,0.00,100
9b,0,bbh_logical_deduction_three_objects,all,valid,0.00,100
9b,0,bbh_logical_deduction_three_objects,all,grounded,0.00,100
9b,0,bbh_logical_deduction_three_objects,all,correct,7.00,100
9b,0,bbh_logical_deduction_three_objects,all,valid_correct,0.00,100
9b,0,bbh_logical_deduction_three_objects,all,in_system,0.00,100
9b,0,bbh_logical_deduction_three_objects,all,valid_wrong,0.00,100
9b,0,bbh_movie_recommendation,all,has_proof,0.00,100
9b,0,bbh_movie_recommendation,all,grammatical,0.00,100
9b,0,bbh_movie_recommendation,all,valid,0.00,100
9b,0,bbh_movie_recommendation,all,grounded,0.00,100
9b,0,bbh_movie_recommendation,all,correct,0.00,100
9b,0,bbh_movie_recommendation,all,valid_correct,0.00,100
9b,0,bbh_movie_recommendation,all,in_system,0.00,100
9b,0,bbh_movie_recommendation,all,valid_wrong,0.00,100
9b,0,bbh_multistep_arithmetic_two,all,has_proof,0.00,100
9b,0,bbh_multistep_arithmetic_two,all,grammatical,0.00,100
9b,0,bbh_multistep_arithmetic_two,all,valid,0.00,100
9b,0,bbh_multistep_arithmetic_two,all,grounded,0.00,100
9b,0,bbh_multistep_arithmetic_two,all,correct,5.00,100
9b,0,bbh_multistep_arithmetic_two,all,valid_correct,0.00,100
9b,0,bbh_multistep_arithmetic_two,all,in_system,0.00,100
9b,0,bbh_multistep_arithmetic_two,all,valid_wrong,0.00,100
9b,0,bbh_multistep_arithmetic_two,answerable,has_proof,0.00,100
9b,0,bbh_multistep_arithmetic_two,answerable,grammatical,0.00,100
9b,0,bbh_multistep_arithmetic_two,answerable,valid,0.00,100
9b,0,bbh_multistep_arithmetic_two,answerable,grounded,0.00,100
9b,0,bbh_multistep_arithmetic_two,answerable,correct,5.00,100
9b,0,bbh_multistep_arithmetic_two,answerable,valid_correct,0.00,100
9b,0,bbh_multistep_arithmetic_two,answerable,in_system,0.00,100
9b,0,bbh_multistep_arithmetic_two,answerable,valid_wrong,0.00,100
9b,0,bbh_navigate,all,has_proof,0.00,100
9b,0,bbh_navigate,all,grammatical,0.00,100
9b,0,bbh_navigate,all,valid,0.00,100
9b,0,bbh_navigate,all,grounded,0.00,100
9b,0,bbh_navigate,all,correct,0.00,100
9b,0,bbh_navigate,all,valid_correct,0.00,100
9b,0,bbh_navigate,all,in_system,0.00,100
9b,0,bbh_navigate,all,valid_wrong,0.00,100
9b,0,bbh_navigate,answerable,has_proof,0.00,100
9b,0,bbh_navigate,answerable,grammatical,0.00,100
9b,0,bbh_navigate,answerable,valid,0.00,100
9b,0,bbh_navigate,answerable,grounded,0.00,100
9b,0,bbh_navigate,answerable,correct,0.00,100
9b,0,bbh_navigate,answerable,valid_correct,0.00,100
9b,0,bbh_navigate,answerable,in_system,0.00,100
9b,0,bbh_navigate,answerable,valid_wrong,0.00,100
9b,0,bbh_object_counting,all,has_proof,0.00,100
9b,0,bbh_object_counting,all,grammatical,0.00,100
9b,0,bbh_object_counting,all,valid,0.00,100
9b,0,bbh_object_counting,all,grounded,0.00,100
9b,0,bbh_object_counting,all,correct,17.00,100
9b,0,bbh_object_counting,all,valid_correct,0.00,100
9b,0,bbh_object_counting,all,in_system,0.00,100
9b,0,bbh_object_counting,all,valid_wrong,0.00,100
9b,0,bbh_object_counting,answerable,has_proof,0.00,100
9b,0,bbh_object_counting,answerable,grammatical,0.00,100
9b,0,bbh_object_counting,answerable,valid,0.00,100
9b,0,bbh_object_counting,answerable,grounded,0.00,100
9b,0,bbh_object_counting,answerable,correct,17.00,100
9b,0,bbh_object_counting,answerable,valid_correct,0.00,100
9b,0,bbh_object_counting,answerable,in_system,0.00,100
9b,0,bbh_object_counting,answerable,valid_wrong,0.00,100
9b,0,bbh_penguins_in_a_table,all,has_proof,0.00,100
9b,0,bbh_penguins_in_a_table,all,grammatical,0.00,100
9b,0,bbh_penguins_in_a_table,all,valid,0.00,100
9b,0,bbh_penguins_in_a_table,all,grounded,0.00,100
9b,0,bbh_penguins_in_a_table,all,correct,6.00,100
9b,0,bbh_penguins_in_a_table,all,valid_correct,0.00,100
9b,0,bbh_penguins_in_a_table,all,in_system,0.00,100
9b,0,bbh_penguins_in_a_table,all,valid_wrong,0.00,100
9b,0,bbh_reasoning_about_colored_objects,all,has_proof,0.00,100
9b,0,bbh_reasoning_about_colored_objects,all,grammatical,0.00,100
9b,0,bbh_reasoning_about_colored_objects,all,valid,0.00,100
9b,0,bbh_reasoning_about_colored_objects,all,grounded,0.00,100
9b,0,bbh_reasoning_about_colored_objects,all,correct,9.00,100
9b,0,bbh_reasoning_about_colored_objects,all,valid_correct,0.00,100
9b,0,bbh_reasoning_about_colored_objects,all,in_system,0.00,100
9b,0,bbh_reasoning_about_colored_objects,all,valid_wrong,0.00,100
9b,0,bbh_ruin_names,all,has_proof,0.00,100
9b,0,bbh_ruin_names,all,grammatical,0.00,100
9b,0,bbh_ruin_names,all,valid,0.00,100
9b,0,bbh_ruin_names,all,grounded,0.00,100
9b,0,bbh_ruin_names,all,correct,14.00,100
9b,0,bbh_ruin_names,all,valid_correct,0.00,100
9b,0,bbh_ruin_names,all,in_system,0.00,100
9b,0,bbh_ruin_names,all,valid_wrong,0.00,100
9b,0,bbh_salient_translation_error_detection,all,has_proof,0.00,100
9b,0,bbh_salient_translation_error_detection,all,grammatical,0.00,100
9b,0,bbh_salient_translation_error_detection,all,valid,0.00,100
9b,0,bbh_salient_translation_error_detection,all,grounded,0.00,100
9b,0,bbh_salient_translation_error_detection,all,correct,0.00,100
9b,0,bbh_salient_translation_error_detection,all,valid_correct,0.00,100
9b,0,bbh_salient_translation_error_detection,all,in_system,0.00,100
9b,0,bbh_salient_translation_error_detection,all,valid_wrong,0.00,100
9b,0,bbh_snarks,all,has_proof,0.00,100
9b,0,bbh_snarks,all,grammatical,0.00,100
9b,0,bbh_snarks,all,valid,0.00,100
9b,0,bbh_snarks,all,grounded,0.00,100
9b,0,bbh_snarks,all,correct,11.00,100
9b,0,bbh_snarks,all,valid_correct,0.00,100
9b,0,bbh_snarks,all,in_system,0.00,100
9b,0,bbh_snarks,all,valid_wrong,0.00,100
9b,0,bbh_sports_understanding,all,has_proof,0.00,100
9b,0,bbh_sports_understanding,all,grammatical,0.00,100
9b,0,bbh_sports_understanding,all,valid,0.00,100
9b,0,bbh_sports_understanding,all,grounded,0.00,100
9b,0,bbh_sports_understanding,all,correct,0.00,100
9b,0,bbh_sports_understanding,all,valid_correct,0.00,100
9b,0,bbh_sports_understanding,all,in_system,0.00,100
9b,0,bbh_sports_understanding,all,valid_wrong,0.00,100
9b,0,bbh_sports_understanding,answerable,has_proof,0.00,100
9b,0,bbh_sports_understanding,answerable,grammatical,0.00,100
9b,0,bbh_sports_understanding,answerable,valid,0.00,100
9b,0,bbh_sports_understanding,answerable,grounded,0.00,100
9b,0,bbh_sports_understanding,answerable,correct,0.00,100
9b,0,bbh_sports_understanding,answerable,valid_correct,0.00,100
9b,0,bbh_sports_understanding,answerable,in_system,0.00,100
9b,0,bbh_sports_understanding,answerable,valid_wrong,0.00,100
9b,0,bbh_temporal_sequences,all,has_proof,0.00,100
9b,0,bbh_temporal_sequences,all,grammatical,0.00,100
9b,0,bbh_temporal_sequences,all,valid,0.00,100
9b,0,bbh_temporal_sequences,all,grounded,0.00,100
9b,0,bbh_temporal_sequences,all,correct,0.00,100
9b,0,bbh_temporal_sequences,all,valid_correct,0.00,100
9b,0,bbh_temporal_sequences,all,in_system,0.00,100
9b,0,bbh_temporal_sequences,all,valid_wrong,0.00,100
9b,0,bbh_tracking_shuffled_objects_five_objects,all,has_proof,0.00,100
9b,0,bbh_tracking_shuffled_objects_five_objects,all,grammatical,0.00,100
9b,0,bbh_tracking_shuffled_objects_five_objects,all,valid,0.00,100
9b,0,bbh_tracking_shuffled_objects_five_objects,all,grounded,0.00,100
9b,0,bbh_tracking_shuffled_objects_five_objects,all,correct,7.00,100
9b,0,bbh_tracking_shuffled_objects_five_objects,all,valid_correct,0.00,100
9b,0,bbh_tracking_shuffled_objects_five_objects,all,in_system,0.00,100
9b,0,bbh_tracking_shuffled_objects_five_objects,all,valid_wrong,0.00,100
9b,0,bbh_tracking_shuffled_objects_seven_objects,all,has_proof,0.00,100
9b,0,bbh_tracking_shuffled_objects_seven_objects,all,grammatical,0.00,100
9b,0,bbh_tracking_shuffled_objects_seven_objects,all,valid,0.00,100
9b,0,bbh_tracking_shuffled_objects_seven_objects,all,grounded,0.00,100
9b,0,bbh_tracking_shuffled_objects_seven_objects,all,correct,17.00,100
9b,0,bbh_tracking_shuffled_objects_seven_objects,all,valid_correct,0.00,100
9b,0,bbh_tracking_shuffled_objects_seven_objects,all,in_system,0.00,100
9b,0,bbh_tracking_shuffled_objects_seven_objects,all,valid_wrong,0.00,100
9b,0,bbh_tracking_shuffled_objects_three_objects,all,has_proof,0.00,100
9b,0,bbh_tracking_shuffled_objects_three_objects,all,grammatical,0.00,100
9b,0,bbh_tracking_shuffled_objects_three_objects,all,valid,0.00,100
9b,0,bbh_tracking_shuffled_objects_three_objects,all,grounded,0.00,100
9b,0,bbh_tracking_shuffled_objects_three_objects,all,correct,0.00,100
9b,0,bbh_tracking_shuffled_objects_three_objects,all,valid_correct,0.00,100
9b,0,bbh_tracking_shuffled_objects_three_objects,all,in_system,0.00,100
9b,0,bbh_tracking_shuffled_objects_three_objects,all,valid_wrong,0.00,100
9b,0,bbh_web_of_lies,all,has_proof,0.00,100
9b,0,bbh_web_of_lies,all,grammatical,0.00,100
9b,0,bbh_web_of_lies,all,valid,0.00,100
9b,0,bbh_web_of_lies,all,grounded,0.00,100
9b,0,bbh_web_of_lies,all,correct,42.00,100
9b,0,bbh_web_of_lies,all,valid_correct,0.00,100
9b,0,bbh_web_of_lies,all,in_system,0.00,100
9b,0,bbh_web_of_lies,all,valid_wrong,0.00,100
9b,0,bbh_web_of_lies,answerable,has_proof,0.00,100
9b,0,bbh_web_of_lies,answerable,grammatical,0.00,100
9b,0,bbh_web_of_lies,answerable,valid,0.00,100
9b,0,bbh_web_of_lies,answerable,grounded,0.00,100
9b,0,bbh_web_of_lies,answerable,correct,42.00,100
9b,0,bbh_web_of_lies,answerable,valid_correct,0.00,100
9b,0,bbh_web_of_lies,answerable,in_system,0.00,100
9b,0,bbh_web_of_lies,answerable,valid_wrong,0.00,100
9b,0,bbh_word_sorting,all,has_proof,0.00,100
9b,0,bbh_word_sorting,all,grammatical,0.00,100
9b,0,bbh_word_sorting,all,valid,0.00,100
9b,0,bbh_word_sorting,all,grounded,0.00,100
9b,0,bbh_word_sorting,all,correct,0.00,100
9b,0,bbh_word_sorting,all,valid_correct,0.00,100
9b,0,bbh_word_sorting,all,in_system,0.00,100
9b,0,bbh_word_sorting,all,valid_wrong,0.00,100
9b,0,folio,all,has_proof,0.00,203
9b,0,folio,all,grammatical,0.00,203
9b,0,folio,all,valid,0.00,203
9b,0,folio,all,grounded,0.00,203
9b,0,folio,all,correct,1.48,203
9b,0,folio,all,valid_correct,0.00,203
9b,0,folio,all,in_system,0.00,203
9b,0,folio,all,valid_wrong,0.00,203
9b,0,folio,answerable,has_proof,0.00,134
9b,0,folio,answerable,grammatical,0.00,134
9b,0,folio,answerable,valid,0.00,134
9b,0,folio,answerable,grounded,0.00,134
9b,0,folio,answerable,correct,2.24,134
9b,0,folio,answerable,valid_correct,0.00,134
9b,0,folio,answerable,in_system,0.00,134
9b,0,folio,answerable,valid_wrong,0.00,134
9b,0,gpqa_diamond,all,has_proof,0.00,198
9b,0,gpqa_diamond,all,grammatical,0.00,198
9b,0,gpqa_diamond,all,valid,0.00,198
9b,0,gpqa_diamond,all,grounded,0.00,198
9b,0,gpqa_diamond,all,correct,35.86,198
9b,0,gpqa_diamond,all,valid_correct,0.00,198
9b,0,gpqa_diamond,all,in_system,0.00,198
9b,0,gpqa_diamond,all,valid_wrong,0.00,198
9b,0,gpqa_quant,all,has_proof,0.00,73
9b,0,gpqa_quant,all,grammatical,0.00,73
9b,0,gpqa_quant,all,valid,0.00,73
9b,0,gpqa_quant,all,grounded,0.00,73
9b,0,gpqa_quant,all,correct,45.21,73
9b,0,gpqa_quant,all,valid_correct,0.00,73
9b,0,gpqa_quant,all,in_system,0.00,73
9b,0,gpqa_quant,all,valid_wrong,0.00,73
9b,0,gpqa_rest,all,has_proof,0.00,125
9b,0,gpqa_rest,all,grammatical,0.00,125
9b,0,gpqa_rest,all,valid,0.00,125
9b,0,gpqa_rest,all,grounded,0.00,125
9b,0,gpqa_rest,all,correct,30.40,125
9b,0,gpqa_rest,all,valid_correct,0.00,125
9b,0,gpqa_rest,all,in_system,0.00,125
9b,0,gpqa_rest,all,valid_wrong,0.00,125
9b,0,gsm8k,all,has_proof,0.00,500
9b,0,gsm8k,all,grammatical,0.00,500
9b,0,gsm8k,all,valid,0.00,500
9b,0,gsm8k,all,grounded,0.00,500
9b,0,gsm8k,all,correct,86.80,500
9b,0,gsm8k,all,valid_correct,0.00,500
9b,0,gsm8k,all,in_system,0.00,500
9b,0,gsm8k,all,valid_wrong,0.00,500
9b,0,gsm8k,answerable,has_proof,0.00,500
9b,0,gsm8k,answerable,grammatical,0.00,500
9b,0,gsm8k,answerable,valid,0.00,500
9b,0,gsm8k,answerable,grounded,0.00,500
9b,0,gsm8k,answerable,correct,86.80,500
9b,0,gsm8k,answerable,valid_correct,0.00,500
9b,0,gsm8k,answerable,in_system,0.00,500
9b,0,gsm8k,answerable,valid_wrong,0.00,500
9b,0,hotpotqa,all,has_proof,0.00,200
9b,0,hotpotqa,all,grammatical,0.00,200
9b,0,hotpotqa,all,valid,0.00,200
9b,0,hotpotqa,all,grounded,0.00,200
9b,0,hotpotqa,all,correct,0.00,200
9b,0,hotpotqa,all,valid_correct,0.00,200
9b,0,hotpotqa,all,in_system,0.00,200
9b,0,hotpotqa,all,valid_wrong,0.00,200
9b,0,hotpotqa,all,f1,0.00,200
9b,0,logiqa,all,has_proof,0.00,651
9b,0,logiqa,all,grammatical,0.00,651
9b,0,logiqa,all,valid,0.00,651
9b,0,logiqa,all,grounded,0.00,651
9b,0,logiqa,all,correct,10.45,651
9b,0,logiqa,all,valid_correct,0.00,651
9b,0,logiqa,all,in_system,0.00,651
9b,0,logiqa,all,valid_wrong,0.00,651
9b,0,mmlu,all,has_proof,0.00,1000
9b,0,mmlu,all,grammatical,0.00,1000
9b,0,mmlu,all,valid,0.00,1000
9b,0,mmlu,all,grounded,0.00,1000
9b,0,mmlu,all,correct,5.30,1000
9b,0,mmlu,all,valid_correct,0.00,1000
9b,0,mmlu,all,in_system,0.00,1000
9b,0,mmlu,all,valid_wrong,0.00,1000
9b,0,musique,all,has_proof,0.00,200
9b,0,musique,all,grammatical,0.00,200
9b,0,musique,all,valid,0.00,200
9b,0,musique,all,grounded,0.00,200
9b,0,musique,all,correct,0.00,200
9b,0,musique,all,valid_correct,0.00,200
9b,0,musique,all,in_system,0.00,200
9b,0,musique,all,valid_wrong,0.00,200
9b,0,musique,all,f1,0.00,200
9b,0,pw_all,all,has_proof,0.00,2500
9b,0,pw_all,all,grammatical,0.00,2500
9b,0,pw_all,all,valid,0.00,2500
9b,0,pw_all,all,grounded,0.00,2500
9b,0,pw_all,all,correct,1.68,2500
9b,0,pw_all,all,valid_correct,0.00,2500
9b,0,pw_all,all,in_system,0.00,2500
9b,0,pw_all,all,valid_wrong,0.00,2500
9b,0,pw_all,answerable,has_proof,0.00,1753
9b,0,pw_all,answerable,grammatical,0.00,1753
9b,0,pw_all,answerable,valid,0.00,1753
9b,0,pw_all,answerable,grounded,0.00,1753
9b,0,pw_all,answerable,correct,2.40,1753
9b,0,pw_all,answerable,valid_correct,0.00,1753
9b,0,pw_all,answerable,in_system,0.00,1753
9b,0,pw_all,answerable,valid_wrong,0.00,1753
9b,0,pw_d0,all,has_proof,0.00,500
9b,0,pw_d0,all,grammatical,0.00,500
9b,0,pw_d0,all,valid,0.00,500
9b,0,pw_d0,all,grounded,0.00,500
9b,0,pw_d0,all,correct,1.60,500
9b,0,pw_d0,all,valid_correct,0.00,500
9b,0,pw_d0,all,in_system,0.00,500
9b,0,pw_d0,all,valid_wrong,0.00,500
9b,0,pw_d0,answerable,has_proof,0.00,226
9b,0,pw_d0,answerable,grammatical,0.00,226
9b,0,pw_d0,answerable,valid,0.00,226
9b,0,pw_d0,answerable,grounded,0.00,226
9b,0,pw_d0,answerable,correct,3.54,226
9b,0,pw_d0,answerable,valid_correct,0.00,226
9b,0,pw_d0,answerable,in_system,0.00,226
9b,0,pw_d0,answerable,valid_wrong,0.00,226
9b,0,pw_d1,all,has_proof,0.00,500
9b,0,pw_d1,all,grammatical,0.00,500
9b,0,pw_d1,all,valid,0.00,500
9b,0,pw_d1,all,grounded,0.00,500
9b,0,pw_d1,all,correct,1.80,500
9b,0,pw_d1,all,valid_correct,0.00,500
9b,0,pw_d1,all,in_system,0.00,500
9b,0,pw_d1,all,valid_wrong,0.00,500
9b,0,pw_d1,answerable,has_proof,0.00,255
9b,0,pw_d1,answerable,grammatical,0.00,255
9b,0,pw_d1,answerable,valid,0.00,255
9b,0,pw_d1,answerable,grounded,0.00,255
9b,0,pw_d1,answerable,correct,3.53,255
9b,0,pw_d1,answerable,valid_correct,0.00,255
9b,0,pw_d1,answerable,in_system,0.00,255
9b,0,pw_d1,answerable,valid_wrong,0.00,255
9b,0,pw_d2,all,has_proof,0.00,500
9b,0,pw_d2,all,grammatical,0.00,500
9b,0,pw_d2,all,valid,0.00,500
9b,0,pw_d2,all,grounded,0.00,500
9b,0,pw_d2,all,correct,1.00,500
9b,0,pw_d2,all,valid_correct,0.00,500
9b,0,pw_d2,all,in_system,0.00,500
9b,0,pw_d2,all,valid_wrong,0.00,500
9b,0,pw_d2,answerable,has_proof,0.00,382
9b,0,pw_d2,answerable,grammatical,0.00,382
9b,0,pw_d2,answerable,valid,0.00,382
9b,0,pw_d2,answerable,grounded,0.00,382
9b,0,pw_d2,answerable,correct,1.31,382
9b,0,pw_d2,answerable,valid_correct,0.00,382
9b,0,pw_d2,answerable,in_system,0.00,382
9b,0,pw_d2,answerable,valid_wrong,0.00,382
9b,0,pw_d3,all,has_proof,0.00,500
9b,0,pw_d3,all,grammatical,0.00,500
9b,0,pw_d3,all,valid,0.00,500
9b,0,pw_d3,all,grounded,0.00,500
9b,0,pw_d3,all,correct,1.00,500
9b,0,pw_d3,all,valid_correct,0.00,500
9b,0,pw_d3,all,in_system,0.00,500
9b,0,pw_d3,all,valid_wrong,0.00,500
9b,0,pw_d3,answerable,has_proof,0.00,413
9b,0,pw_d3,answerable,grammatical,0.00,413
9b,0,pw_d3,answerable,valid,0.00,413
9b,0,pw_d3,answerable,grounded,0.00,413
9b,0,pw_d3,answerable,correct,1.21,413
9b,0,pw_d3,answerable,valid_correct,0.00,413
9b,0,pw_d3,answerable,in_system,0.00,413
9b,0,pw_d3,answerable,valid_wrong,0.00,413
9b,0,pw_d5,all,has_proof,0.00,500
9b,0,pw_d5,all,grammatical,0.00,500
9b,0,pw_d5,all,valid,0.00,500
9b,0,pw_d5,all,grounded,0.00,500
9b,0,pw_d5,all,correct,3.00,500
9b,0,pw_d5,all,valid_correct,0.00,500
9b,0,pw_d5,all,in_system,0.00,500
9b,0,pw_d5,all,valid_wrong,0.00,500
9b,0,pw_d5,answerable,has_proof,0.00,477
9b,0,pw_d5,answerable,grammatical,0.00,477
9b,0,pw_d5,answerable,valid,0.00,477
9b,0,pw_d5,answerable,grounded,0.00,477
9b,0,pw_d5,answerable,correct,3.14,477
9b,0,pw_d5,answerable,valid_correct,0.00,477
9b,0,pw_d5,answerable,in_system,0.00,477
9b,0,pw_d5,answerable,valid_wrong,0.00,477
9b,10,overall,all,has_proof,83.71,9524
9b,10,overall,all,grammatical,37.04,9524
9b,10,overall,all,valid,11.60,9524
9b,10,overall,all,grounded,26.56,9524
9b,10,overall,all,correct,50.30,9524
9b,10,overall,all,valid_correct,10.02,9524
9b,10,overall,all,in_system,9.45,9524
9b,10,overall,all,valid_wrong,1.59,9524
9b,10,overall,all,f1,0.00,9524
9b,10,overall,answerable,has_proof,100.00,3187
9b,10,overall,answerable,grammatical,71.89,3187
9b,10,overall,answerable,valid,29.09,3187
9b,10,overall,answerable,grounded,57.51,3187
9b,10,overall,answerable,correct,75.56,3187
9b,10,overall,answerable,valid_correct,28.24,3187
9b,10,overall,answerable,in_system,28.24,3187
9b,10,overall,answerable,valid_wrong,0.85,3187
9b,10,bbh,all,has_proof,92.59,2700
9b,10,bbh,all,grammatical,25.04,2700
9b,10,bbh,all,valid,3.48,2700
9b,10,bbh,all,grounded,14.30,2700
9b,10,bbh,all,correct,52.48,2700
9b,10,bbh,all,valid_correct,2.07,2700
9b,10,bbh,all,in_system,0.85,2700
9b,10,bbh,all,valid_wrong,1.41,2700
9b,10,bbh,answerable,has_proof,100.00,800
9b,10,bbh,answerable,grammatical,46.25,800
9b,10,bbh,answerable,valid,3.88,800
9b,10,bbh,answerable,grounded,26.38,800
9b,10,bbh,answerable,correct,66.00,800
9b,10,bbh,answerable,valid_correct,2.88,800
9b,10,bbh,answerable,in_system,2.88,800
9b,10,bbh,answerable,valid_wrong,1.00,800
9b,10,deduction,all,has_proof,100.00,2703
9b,10,deduction,all,grammatical,76.32,2703
9b,10,deduction,all,valid,33.22,2703
9b,10,deduction,all,grounded,59.56,2703
9b,10,deduction,all,correct,55.38,2703
9b,10,deduction,all,valid_correct,30.60,2703
9b,10,deduction,all,in_system,30.60,2703
9b,10,deduction,all,valid_wrong,2.63,2703
9b,10,deduction,answerable,has_proof,100.00,1887
9b,10,deduction,answerable,grammatical,80.13,1887
9b,10,deduction,answerable,valid,44.41,1887
9b,10,deduction,answerable,grounded,67.99,1887
9b,10,deduction,answerable,correct,79.23,1887
9b,10,deduction,answerable,valid_correct,43.83,1887
9b,10,deduction,answerable,in_system,43.83,1887
9b,10,deduction,answerable,valid_wrong,0.58,1887
9b,10,gpqa,all,has_proof,47.98,198
9b,10,gpqa,all,grammatical,1.01,198
9b,10,gpqa,all,valid,0.00,198
9b,10,gpqa,all,grounded,0.51,198
9b,10,gpqa,all,correct,42.93,198
9b,10,gpqa,all,valid_correct,0.00,198
9b,10,gpqa,all,in_system,0.00,198
9b,10,gpqa,all,valid_wrong,0.00,198
9b,10,multihop,all,has_proof,0.00,600
9b,10,multihop,all,grammatical,0.00,600
9b,10,multihop,all,valid,0.00,600
9b,10,multihop,all,grounded,0.00,600
9b,10,multihop,all,correct,0.00,600
9b,10,multihop,all,valid_correct,0.00,600
9b,10,multihop,all,in_system,0.00,600
9b,10,multihop,all,valid_wrong,0.00,600
9b,10,multihop,all,f1,0.00,600
9b,10,standard,all,has_proof,80.50,3323
9b,10,standard,all,grammatical,23.68,3323
9b,10,standard,all,valid,3.40,3323
9b,10,standard,all,grounded,16.04,3323
9b,10,standard,all,correct,53.93,3323
9b,10,standard,all,valid_correct,2.14,3323
9b,10,standard,all,in_system,1.50,3323
9b,10,standard,all,valid_wrong,1.26,3323
9b,10,standard,answerable,has_proof,100.00,500
9b,10,standard,answerable,grammatical,81.80,500
9b,10,standard,answerable,valid,11.60,500
9b,10,standard,answerable,grounded,67.80,500
9b,10,standard,answerable,correct,77.00,500
9b,10,standard,answerable,valid_correct,10.00,500
9b,10,standard,answerable,in_system,10.00,500
9b,10,standard,answerable,valid_wrong,1.60,500
9b,10,2wikimqa,all,has_proof,0.00,200
9b,10,2wikimqa,all,grammatical,0.00,200
9b,10,2wikimqa,all,valid,0.00,200
9b,10,2wikimqa,all,grounded,0.00,200
9b,10,2wikimqa,all,correct,0.00,200
9b,10,2wikimqa,all,valid_correct,0.00,200
9b,10,2wikimqa,all,in_system,0.00,200
9b,10,2wikimqa,all,valid_wrong,0.00,200
9b,10,2wikimqa,all,f1,0.00,200
9b,10,arc_challenge,all,has_proof,96.42,1172
9b,10,arc_challenge,all,grammatical,14.51,1172
9b,10,arc_challenge,all,valid,2.47,1172
9b,10,arc_challenge,all,grounded,8.02,1172
9b,10,arc_challenge,all,correct,74.57,1172
9b,10,arc_challenge,all,valid_correct,1.28,1172
9b,10,arc_challenge,all,in_system,0.00,1172
9b,10,arc_challenge,all,valid_wrong,1.19,1172
9b,10,bbh_boolean_expressions,all,has_proof,100.00,100
9b,10,bbh_boolean_expressions,all,grammatical,6.00,100
9b,10,bbh_boolean_expressions,all,valid,0.00,100
9b,10,bbh_boolean_expressions,all,grounded,1.00,100
9b,10,bbh_boolean_expressions,all,correct,81.00,100
9b,10,bbh_boolean_expressions,all,valid_correct,0.00,100
9b,10,bbh_boolean_expressions,all,in_system,0.00,100
9b,10,bbh_boolean_expressions,all,valid_wrong,0.00,100
9b,10,bbh_boolean_expressions,answerable,has_proof,100.00,100
9b,10,bbh_boolean_expressions,answerable,grammatical,6.00,100
9b,10,bbh_boolean_expressions,answerable,valid,0.00,100
9b,10,bbh_boolean_expressions,answerable,grounded,1.00,100
9b,10,bbh_boolean_expressions,answerable,correct,81.00,100
9b,10,bbh_boolean_expressions,answerable,valid_correct,0.00,100
9b,10,bbh_boolean_expressions,answerable,in_system,0.00,100
9b,10,bbh_boolean_expressions,answerable,valid_wrong,0.00,100
9b,10,bbh_causal_judgement,all,has_proof,100.00,100
9b,10,bbh_causal_judgement,all,grammatical,57.00,100
9b,10,bbh_causal_judgement,all,valid,1.00,100
9b,10,bbh_causal_judgement,all,grounded,42.00,100
9b,10,bbh_causal_judgement,all,correct,45.00,100
9b,10,bbh_causal_judgement,all,valid_correct,1.00,100
9b,10,bbh_causal_judgement,all,in_system,1.00,100
9b,10,bbh_causal_judgement,all,valid_wrong,0.00,100
9b,10,bbh_causal_judgement,answerable,has_proof,100.00,100
9b,10,bbh_causal_judgement,answerable,grammatical,57.00,100
9b,10,bbh_causal_judgement,answerable,valid,1.00,100
9b,10,bbh_causal_judgement,answerable,grounded,42.00,100
9b,10,bbh_causal_judgement,answerable,correct,45.00,100
9b,10,bbh_causal_judgement,answerable,valid_correct,1.00,100
9b,10,bbh_causal_judgement,answerable,in_system,1.00,100
9b,10,bbh_causal_judgement,answerable,valid_wrong,0.00,100
9b,10,bbh_date_understanding,all,has_proof,100.00,100
9b,10,bbh_date_understanding,all,grammatical,12.00,100
9b,10,bbh_date_understanding,all,valid,0.00,100
9b,10,bbh_date_understanding,all,grounded,0.00,100
9b,10,bbh_date_understanding,all,correct,67.00,100
9b,10,bbh_date_understanding,all,valid_correct,0.00,100
9b,10,bbh_date_understanding,all,in_system,0.00,100
9b,10,bbh_date_understanding,all,valid_wrong,0.00,100
9b,10,bbh_disambiguation_qa,all,has_proof,0.00,100
9b,10,bbh_disambiguation_qa,all,grammatical,0.00,100
9b,10,bbh_disambiguation_qa,all,valid,0.00,100
9b,10,bbh_disambiguation_qa,all,grounded,0.00,100
9b,10,bbh_disambiguation_qa,all,correct,9.00,100
9b,10,bbh_disambiguation_qa,all,valid_correct,0.00,100
9b,10,bbh_disambiguation_qa,all,in_system,0.00,100
9b,10,bbh_disambiguation_qa,all,valid_wrong,0.00,100
9b,10,bbh_dyck_languages,all,has_proof,100.00,100
9b,10,bbh_dyck_languages,all,grammatical,12.00,100
9b,10,bbh_dyck_languages,all,valid,2.00,100
9b,10,bbh_dyck_languages,all,grounded,1.00,100
9b,10,bbh_dyck_languages,all,correct,31.00,100
9b,10,bbh_dyck_languages,all,valid_correct,0.00,100
9b,10,bbh_dyck_languages,all,in_system,0.00,100
9b,10,bbh_dyck_languages,all,valid_wrong,2.00,100
9b,10,bbh_formal_fallacies,all,has_proof,100.00,100
9b,10,bbh_formal_fallacies,all,grammatical,68.00,100
9b,10,bbh_formal_fallacies,all,valid,16.00,100
9b,10,bbh_formal_fallacies,all,grounded,52.00,100
9b,10,bbh_formal_fallacies,all,correct,60.00,100
9b,10,bbh_formal_fallacies,all,valid_correct,13.00,100
9b,10,bbh_formal_fallacies,all,in_system,13.00,100
9b,10,bbh_formal_fallacies,all,valid_wrong,3.00,100
9b,10,bbh_formal_fallacies,answerable,has_proof,100.00,100
9b,10,bbh_formal_fallacies,answerable,grammatical,68.00,100
9b,10,bbh_formal_fallacies,answerable,valid,16.00,100
9b,10,bbh_formal_fallacies,answerable,grounded,52.00,100
9b,10,bbh_formal_fallacies,answerable,correct,60.00,100
9b,10,bbh_formal_fallacies,answerable,valid_correct,13.00,100
9b,10,bbh_formal_fallacies,answerable,in_system,13.00,100
9b,10,bbh_formal_fallacies,answerable,valid_wrong,3.00,100
9b,10,bbh_geometric_shapes,all,has_proof,100.00,100
9b,10,bbh_geometric_shapes,all,grammatical,0.00,100
9b,10,bbh_geometric_shapes,all,valid,0.00,100
9b,10,bbh_geometric_shapes,all,grounded,0.00,100
9b,10,bbh_geometric_shapes,all,correct,56.00,100
9b,10,bbh_geometric_shapes,all,valid_correct,0.00,100
9b,10,bbh_geometric_shapes,all,in_system,0.00,100
9b,10,bbh_geometric_shapes,all,valid_wrong,0.00,100
9b,10,bbh_hyperbaton,all,has_proof,100.00,100
9b,10,bbh_hyperbaton,all,grammatical,5.00,100
9b,10,bbh_hyperbaton,all,valid,0.00,100
9b,10,bbh_hyperbaton,all,grounded,0.00,100
9b,10,bbh_hyperbaton,all,correct,64.00,100
9b,10,bbh_hyperbaton,all,valid_correct,0.00,100
9b,10,bbh_hyperbaton,all,in_system,0.00,100
9b,10,bbh_hyperbaton,all,valid_wrong,0.00,100
9b,10,bbh_logical_deduction_five_objects,all,has_proof,100.00,100
9b,10,bbh_logical_deduction_five_objects,all,grammatical,39.00,100
9b,10,bbh_logical_deduction_five_objects,all,valid,9.00,100
9b,10,bbh_logical_deduction_five_objects,all,grounded,21.00,100
9b,10,bbh_logical_deduction_five_objects,all,correct,47.00,100
9b,10,bbh_logical_deduction_five_objects,all,valid_correct,6.00,100
9b,10,bbh_logical_deduction_five_objects,all,in_system,0.00,100
9b,10,bbh_logical_deduction_five_objects,all,valid_wrong,3.00,100
9b,10,bbh_logical_deduction_seven_objects,all,has_proof,100.00,100
9b,10,bbh_logical_deduction_seven_objects,all,grammatical,34.00,100
9b,10,bbh_logical_deduction_seven_objects,all,valid,2.00,100
9b,10,bbh_logical_deduction_seven_objects,all,grounded,12.00,100
9b,10,bbh_logical_deduction_seven_objects,all,correct,34.00,100
9b,10,bbh_logical_deduction_seven_objects,all,valid_correct,2.00,100
9b,10,bbh_logical_deduction_seven_objects,all,in_system,0.00,100
9b,10,bbh_logical_deduction_seven_objects,all,valid_wrong,0.00,100
9b,10,bbh_logical_deduction_three_objects,all,has_proof,100.00,100
9b,10,bbh_logical_deduction_three_objects,all,grammatical,43.00,100
9b,10,bbh_logical_deduction_three_objects,all,valid,15.00,100
9b,10,bbh_logical_deduction_three_objects,all,grounded,35.00,100
9b,10,bbh_logical_deduction_three_objects,all,correct,52.00,100
9b,10,bbh_logical_deduction_three_objects,all,valid_correct,3.00,100
9b,10,bbh_logical_deduction_three_objects,all,in_system,0.00,100
9b,10,bbh_logical_deduction_three_objects,all,valid_wrong,12.00,100
9b,10,bbh_movie_recommendation,all,has_proof,100.00,100
9b,10,bbh_movie_recommendation,all,grammatical,35.00,100
9b,10,bbh_movie_recommendation,all,valid,4.00,100
9b,10,bbh_movie_recommendation,all,grounded,13.00,100
9b,10,bbh_movie_recommendation,all,correct,48.00,100
9b,10,bbh_movie_recommendation,all,valid_correct,2.00,100
9b,10,bbh_movie_recommendation,all,in_system,0.00,100
9b,10,bbh_movie_recommendation,all,valid_wrong,2.00,100
9b,10,bbh_multistep_arithmetic_two,all,has_proof,100.00,100
9b,10,bbh_multistep_arithmetic_two,all,grammatical,72.00,100
9b,10,bbh_multistep_arithmetic_two,all,valid,3.00,100
9b,10,bbh_multistep_arithmetic_two,all,grounded,0.00,100
9b,10,bbh_multistep_arithmetic_two,all,correct,91.00,100
9b,10,bbh_multistep_arithmetic_two,all,valid_correct,3.00,100
9b,10,bbh_multistep_arithmetic_two,all,in_system,3.00,100
9b,10,bbh_multistep_arithmetic_two,all,valid_wrong,0.00,100
9b,10,bbh_multistep_arithmetic_two,answerable,has_proof,100.00,100
9b,10,bbh_multistep_arithmetic_two,answerable,grammatical,72.00,100
9b,10,bbh_multistep_arithmetic_two,answerable,valid,3.00,100
9b,10,bbh_multistep_arithmetic_two,answerable,grounded,0.00,100
9b,10,bbh_multistep_arithmetic_two,answerable,correct,91.00,100
9b,10,bbh_multistep_arithmetic_two,answerable,valid_correct,3.00,100
9b,10,bbh_multistep_arithmetic_two,answerable,in_system,3.00,100
9b,10,bbh_multistep_arithmetic_two,answerable,valid_wrong,0.00,100
9b,10,bbh_navigate,all,has_proof,100.00,100
9b,10,bbh_navigate,all,grammatical,29.00,100
9b,10,bbh_navigate,all,valid,1.00,100
9b,10,bbh_navigate,all,grounded,14.00,100
9b,10,bbh_navigate,all,correct,54.00,100
9b,10,bbh_navigate,all,valid_correct,1.00,100
9b,10,bbh_navigate,all,in_system,1.00,100
9b,10,bbh_navigate,all,valid_wrong,0.00,100
9b,10,bbh_navigate,answerable,has_proof,100.00,100
9b,10,bbh_navigate,answerable,grammatical,29.00,100
9b,10,bbh_navigate,answerable,valid,1.00,100
9b,10,bbh_navigate,answerable,grounded,14.00,100
9b,10,bbh_navigate,answerable,correct,54.00,100
9b,10,bbh_navigate,answerable,valid_correct,1.00,100
9b,10,bbh_navigate,answerable,in_system,1.00,100
9b,10,bbh_navigate,answerable,valid_wrong,0.00,100
9b,10,bbh_object_counting,all,has_proof,100.00,100
9b,10,bbh_object_counting,all,grammatical,25.00,100
9b,10,bbh_object_counting,all,valid,0.00,100
9b,10,bbh_object_counting,all,grounded,2.00,100
9b,10,bbh_object_counting,all,correct,52.00,100
9b,10,bbh_object_counting,all,valid_correct,0.00,100
9b,10,bbh_object_counting,all,in_system,0.00,100
9b,10,bbh_object_counting,all,valid_wrong,0.00,100
9b,10,bbh_object_counting,answerable,has_proof,100.00,100
9b,10,bbh_object_counting,answerable,grammatical,25.00,100
9b,10,bbh_object_counting,answerable,valid,0.00,100
9b,10,bbh_object_counting,answerable,grounded,2.00,100
9b,10,bbh_object_counting,answerable,correct,52.00,100
9b,10,bbh_object_counting,answerable,valid_correct,0.00,100
9b,10,bbh_object_counting,answerable,in_system,0.00,100
9b,10,bbh_object_counting,answerable,valid_wrong,0.00,100
9b,10,bbh_penguins_in_a_table,all,has_proof,100.00,100
9b,10,bbh_penguins_in_a_table,all,grammatical,16.00,100
9b,10,bbh_penguins_in_a_table,all,valid,2.00,100
9b,10,bbh_penguins_in_a_table,all,grounded,10.00,100
9b,10,bbh_penguins_in_a_table,all,correct,77.00,100
9b,10,bbh_penguins_in_a_table,all,valid_correct,1.00,100
9b,10,bbh_penguins_in_a_table,all,in_system,0.00,100
9b,10,bbh_penguins_in_a_table,all,valid_wrong,1.00,100
9b,10,bbh_reasoning_about_colored_objects,all,has_proof,100.00,100
9b,10,bbh_reasoning_about_colored_objects,all,grammatical,34.00,100
9b,10,bbh_reasoning_about_colored_objects,all,valid,10.00,100
9b,10,bbh_reasoning_about_colored_objects,all,grounded,27.00,100
9b,10,bbh_reasoning_about_colored_objects,all,correct,72.00,100
9b,10,bbh_reasoning_about_colored_objects,all,valid_correct,9.00,100
9b,10,bbh_reasoning_about_colored_objects,all,in_system,0.00,100
9b,10,bbh_reasoning_about_colored_objects,all,valid_wrong,1.00,100
9b,10,bbh_ruin_names,all,has_proof,100.00,100
9b,10,bbh_ruin_names,all,grammatical,3.00,100
9b,10,bbh_ruin_names,all,valid,0.00,100
9b,10,bbh_ruin_names,all,grounded,0.00,100
9b,10,bbh_ruin_names,all,correct,14.00,100
9b,10,bbh_ruin_names,all,valid_correct,0.00,100
9b,10,bbh_ruin_names,all,in_system,0.00,100
9b,10,bbh_ruin_names,all,valid_wrong,0.00,100
9b,10,bbh_salient_translation_error_detection,all,has_proof,0.00,100
9b,10,bbh_salient_translation_error_detection,all,grammatical,0.00,100
9b,10,bbh_salient_translation_error_detection,all,valid,0.00,100
9b,10,bbh_salient_translation_error_detection,all,grounded,0.00,100
9b,10,bbh_salient_translation_error_detection,all,correct,0.00,100
9b,10,bbh_salient_translation_error_detection,all,valid_correct,0.00,100
9b,10,bbh_salient_translation_error_detection,all,in_system,0.00,100
9b,10,bbh_salient_translation_error_detection,all,valid_wrong,0.00,100
9b,10,bbh_snarks,all,has_proof,100.00,100
9b,10,bbh_snarks,all,grammatical,18.00,100
9b,10,bbh_snarks,all,valid,0.00,100
9b,10,bbh_snarks,all,grounded,2.00,100
9b,10,bbh_snarks,all,correct,32.00,100
9b,10,bbh_snarks,all,valid_correct,0.00,100
9b,10,bbh_snarks,all,in_system,0.00,100
9b,10,bbh_snarks,all,valid_wrong,0.00,100
9b,10,bbh_sports_understanding,all,has_proof,100.00,100
9b,10,bbh_sports_understanding,all,grammatical,13.00,100
9b,10,bbh_sports_understanding,all,valid,6.00,100
9b,10,bbh_sports_understanding,all,grounded,0.00,100
9b,10,bbh_sports_understanding,all,correct,46.00,100
9b,10,bbh_sports_understanding,all,valid_correct,1.00,100
9b,10,bbh_sports_understanding,all,in_system,1.00,100
9b,10,bbh_sports_understanding,all,valid_wrong,5.00,100
9b,10,bbh_sports_understanding,answerable,has_proof,100.00,100
9b,10,bbh_sports_understanding,answerable,grammatical,13.00,100
9b,10,bbh_sports_understanding,answerable,valid,6.00,100
9b,10,bbh_sports_understanding,answerable,grounded,0.00,100
9b,10,bbh_sports_understanding,answerable,correct,46.00,100
9b,10,bbh_sports_understanding,answerable,valid_correct,1.00,100
9b,10,bbh_sports_understanding,answerable,in_system,1.00,100
9b,10,bbh_sports_understanding,answerable,valid_wrong,5.00,100
9b,10,bbh_temporal_sequences,all,has_proof,100.00,100
9b,10,bbh_temporal_sequences,all,grammatical,3.00,100
9b,10,bbh_temporal_sequences,all,valid,0.00,100
9b,10,bbh_temporal_sequences,all,grounded,2.00,100
9b,10,bbh_temporal_sequences,all,correct,40.00,100
9b,10,bbh_temporal_sequences,all,valid_correct,0.00,100
9b,10,bbh_temporal_sequences,all,in_system,0.00,100
9b,10,bbh_temporal_sequences,all,valid_wrong,0.00,100
9b,10,bbh_tracking_shuffled_objects_five_objects,all,has_proof,100.00,100
9b,10,bbh_tracking_shuffled_objects_five_objects,all,grammatical,9.00,100
9b,10,bbh_tracking_shuffled_objects_five_objects,all,valid,6.00,100
9b,10,bbh_tracking_shuffled_objects_five_objects,all,grounded,9.00,100
9b,10,bbh_tracking_shuffled_objects_five_objects,all,correct,61.00,100
9b,10,bbh_tracking_shuffled_objects_five_objects,all,valid_correct,3.00,100
9b,10,bbh_tracking_shuffled_objects_five_objects,all,in_system,0.00,100
9b,10,bbh_tracking_shuffled_objects_five_objects,all,valid_wrong,3.00,100
9b,10,bbh_tracking_shuffled_objects_seven_objects,all,has_proof,100.00,100
9b,10,bbh_tracking_shuffled_objects_seven_objects,all,grammatical,29.00,100
9b,10,bbh_tracking_shuffled_objects_seven_objects,all,valid,11.00,100
9b,10,bbh_tracking_shuffled_objects_seven_objects,all,grounded,29.00,100
9b,10,bbh_tracking_shuffled_objects_seven_objects,all,correct,62.00,100
9b,10,bbh_tracking_shuffled_objects_seven_objects,all,valid_correct,5.00,100
9b,10,bbh_tracking_shuffled_objects_seven_objects,all,in_system,0.00,100
9b,10,bbh_tracking_shuffled_objects_seven_objects,all,valid_wrong,6.00,100
9b,10,bbh_tracking_shuffled_objects_three_objects,all,has_proof,100.00,100
9b,10,bbh_tracking_shuffled_objects_three_objects,all,grammatical,14.00,100
9b,10,bbh_tracking_shuffled_objects_three_objects,all,valid,2.00,100
9b,10,bbh_tracking_shuffled_objects_three_objects,all,grounded,14.00,100
9b,10,bbh_tracking_shuffled_objects_three_objects,all,correct,78.00,100
9b,10,bbh_tracking_shuffled_objects_three_objects,all,valid_correct,2.00,100
9b,10,bbh_tracking_shuffled_objects_three_objects,all,in_system,0.00,100
9b,10,bbh_tracking_shuffled_objects_three_objects,all,valid_wrong,0.00,100
9b,10,bbh_web_of_lies,all,has_proof,100.00,100
9b,10,bbh_web_of_lies,all,grammatical,100.00,100
9b,10,bbh_web_of_lies,all,valid,4.00,100
9b,10,bbh_web_of_lies,all,grounded,100.00,100
9b,10,bbh_web_of_lies,all,correct,99.00,100
9b,10,bbh_web_of_lies,all,valid_correct,4.00,100
9b,10,bbh_web_of_lies,all,in_system,4.00,100
9b,10,bbh_web_of_lies,all,valid_wrong,0.00,100
9b,10,bbh_web_of_lies,answerable,has_proof,100.00,100
9b,10,bbh_web_of_lies,answerable,grammatical,100.00,100
9b,10,bbh_web_of_lies,answerable,valid,4.00,100
9b,10,bbh_web_of_lies,answerable,grounded,100.00,100
9b,10,bbh_web_of_lies,answerable,correct,99.00,100
9b,10,bbh_web_of_lies,answerable,valid_correct,4.00,100
9b,10,bbh_web_of_lies,answerable,in_system,4.00,100
9b,10,bbh_web_of_lies,answerable,valid_wrong,0.00,100
9b,10,bbh_word_sorting,all,has_proof,100.00,100
9b,10,bbh_word_sorting,all,grammatical,0.00,100
9b,10,bbh_word_sorting,all,valid,0.00,100
9b,10,bbh_word_sorting,all,grounded,0.00,100
9b,10,bbh_word_sorting,all,correct,45.00,100
9b,10,bbh_word_sorting,all,valid_correct,0.00,100
9b,10,bbh_word_sorting,all,in_system,0.00,100
9b,10,bbh_word_sorting,all,valid_wrong,0.00,100
9b,10,folio,all,has_proof,100.00,203
9b,10,folio,all,grammatical,66.01,203
9b,10,folio,all,valid,21.18,203
9b,10,folio,all,grounded,47.29,203
9b,10,folio,all,correct,54.19,203
9b,10,folio,all,valid_correct,15.27,203
9b,10,folio,all,in_system,15.27,203
9b,10,folio,all,valid_wrong,5.91,203
9b,10,folio,answerable,has_proof,100.00,134
9b,10,folio,answerable,grammatical,64.18,134
9b,10,folio,answerable,valid,24.63,134
9b,10,folio,answerable,grounded,47.01,134
9b,10,folio,answerable,correct,82.09,134
9b,10,folio,answerable,valid_correct,23.13,134
9b,10,folio,answerable,in_system,23.13,134
9b,10,folio,answerable,valid_wrong,1.49,134
9b,10,gpqa_diamond,all,has_proof,47.98,198
9b,10,gpqa_diamond,all,grammatical,1.01,198
9b,10,gpqa_diamond,all,valid,0.00,198
9b,10,gpqa_diamond,all,grounded,0.51,198
9b,10,gpqa_diamond,all,correct,42.93,198
9b,10,gpqa_diamond,all,valid_correct,0.00,198
9b,10,gpqa_diamond,all,in_system,0.00,198
9b,10,gpqa_diamond,all,valid_wrong,0.00,198
9b,10,gpqa_quant,all,has_proof,60.27,73
9b,10,gpqa_quant,all,grammatical,1.37,73
9b,10,gpqa_quant,all,valid,0.00,73
9b,10,gpqa_quant,all,grounded,0.00,73
9b,10,gpqa_quant,all,correct,41.10,73
9b,10,gpqa_quant,all,valid_correct,0.00,73
9b,10,gpqa_quant,all,in_system,0.00,73
9b,10,gpqa_quant,all,valid_wrong,0.00,73
9b,10,gpqa_rest,all,has_proof,40.80,125
9b,10,gpqa_rest,all,grammatical,0.80,125
9b,10,gpqa_rest,all,valid,0.00,125
9b,10,gpqa_rest,all,grounded,0.80,125
9b,10,gpqa_rest,all,correct,44.00,125
9b,10,gpqa_rest,all,valid_correct,0.00,125
9b,10,gpqa_rest,all,in_system,0.00,125
9b,10,gpqa_rest,all,valid_wrong,0.00,125
9b,10,gsm8k,all,has_proof,100.00,500
9b,10,gsm8k,all,grammatical,81.80,500
9b,10,gsm8k,all,valid,11.60,500
9b,10,gsm8k,all,grounded,67.80,500
9b,10,gsm8k,all,correct,77.00,500
9b,10,gsm8k,all,valid_correct,10.00,500
9b,10,gsm8k,all,in_system,10.00,500
9b,10,gsm8k,all,valid_wrong,1.60,500
9b,10,gsm8k,answerable,has_proof,100.00,500
9b,10,gsm8k,answerable,grammatical,81.80,500
9b,10,gsm8k,answerable,valid,11.60,500
9b,10,gsm8k,answerable,grounded,67.80,500
9b,10,gsm8k,answerable,correct,77.00,500
9b,10,gsm8k,answerable,valid_correct,10.00,500
9b,10,gsm8k,answerable,in_system,10.00,500
9b,10,gsm8k,answerable,valid_wrong,1.60,500
9b,10,hotpotqa,all,has_proof,0.00,200
9b,10,hotpotqa,all,grammatical,0.00,200
9b,10,hotpotqa,all,valid,0.00,200
9b,10,hotpotqa,all,grounded,0.00,200
9b,10,hotpotqa,all,correct,0.00,200
9b,10,hotpotqa,all,valid_correct,0.00,200
9b,10,hotpotqa,all,in_system,0.00,200
9b,10,hotpotqa,all,valid_wrong,0.00,200
9b,10,hotpotqa,all,f1,0.00,200
9b,10,logiqa,all,has_proof,47.93,651
9b,10,logiqa,all,grammatical,12.90,651
9b,10,logiqa,all,valid,1.08,651
9b,10,logiqa,all,grounded,7.53,651
9b,10,logiqa,all,correct,14.59,651
9b,10,logiqa,all,valid_correct,0.15,651
9b,10,logiqa,all,in_system,0.00,651
9b,10,logiqa,all,valid_wrong,0.92,651
9b,10,mmlu,all,has_proof,73.30,1000
9b,10,mmlu,all,grammatical,12.40,1000
9b,10,mmlu,all,valid,1.90,1000
9b,10,mmlu,all,grounded,5.10,1000
9b,10,mmlu,all,correct,43.80,1000
9b,10,mmlu,all,valid_correct,0.50,1000
9b,10,mmlu,all,in_system,0.00,1000
9b,10,mmlu,all,valid_wrong,1.40,1000
9b,10,musique,all,has_proof,0.00,200
9b,10,musique,all,grammatical,0.00,200
9b,10,musique,all,valid,0.00,200
9b,10,musique,all,grounded,0.00,200
9b,10,musique,all,correct,0.00,200
9b,10,musique,all,valid_correct,0.00,200
9b,10,musique,all,in_system,0.00,200
9b,10,musique,all,valid_wrong,0.00,200
9b,10,musique,all,f1,0.00,200
9b,10,pw_all,all,has_proof,100.00,2500
9b,10,pw_all,all,grammatical,77.16,2500
9b,10,pw_all,all,valid,34.20,2500
9b,10,pw_all,all,grounded,60.56,2500
9b,10,pw_all,all,correct,55.48,2500
9b,10,pw_all,all,valid_correct,31.84,2500
9b,10,pw_all,all,in_system,31.84,2500
9b,10,pw_all,all,valid_wrong,2.36,2500
9b,10,pw_all,answerable,has_proof,100.00,1753
9b,10,pw_all,answerable,grammatical,81.35,1753
9b,10,pw_all,answerable,valid,45.92,1753
9b,10,pw_all,answerable,grounded,69.59,1753
9b,10,pw_all,answerable,correct,79.01,1753
9b,10,pw_all,answerable,valid_correct,45.41,1753
9b,10,pw_all,answerable,in_system,45.41,1753
9b,10,pw_all,answerable,valid_wrong,0.51,1753
9b,10,pw_d0,all,has_proof,100.00,500
9b,10,pw_d0,all,grammatical,76.60,500
9b,10,pw_d0,all,valid,29.00,500
9b,10,pw_d0,all,grounded,57.40,500
9b,10,pw_d0,all,correct,41.40,500
9b,10,pw_d0,all,valid_correct,25.80,500
9b,10,pw_d0,all,in_system,25.80,500
9b,10,pw_d0,all,valid_wrong,3.20,500
9b,10,pw_d0,answerable,has_proof,100.00,226
9b,10,pw_d0,answerable,grammatical,91.59,226
9b,10,pw_d0,answerable,valid,57.52,226
9b,10,pw_d0,answerable,grounded,88.50,226
9b,10,pw_d0,answerable,correct,90.71,226
9b,10,pw_d0,answerable,valid_correct,57.08,226
9b,10,pw_d0,answerable,in_system,57.08,226
9b,10,pw_d0,answerable,valid_wrong,0.44,226
9b,10,pw_d1,all,has_proof,100.00,500
9b,10,pw_d1,all,grammatical,79.60,500
9b,10,pw_d1,all,valid,40.60,500
9b,10,pw_d1,all,grounded,64.40,500
9b,10,pw_d1,all,correct,46.40,500
9b,10,pw_d1,all,valid_correct,37.60,500
9b,10,pw_d1,all,in_system,37.60,500
9b,10,pw_d1,all,valid_wrong,3.00,500
9b,10,pw_d1,answerable,has_proof,100.00,255
9b,10,pw_d1,answerable,grammatical,90.20,255
9b,10,pw_d1,answerable,valid,74.12,255
9b,10,pw_d1,answerable,grounded,85.49,255
9b,10,pw_d1,answerable,correct,90.98,255
9b,10,pw_d1,answerable,valid_correct,73.73,255
9b,10,pw_d1,answerable,in_system,73.73,255
9b,10,pw_d1,answerable,valid_wrong,0.39,255
9b,10,pw_d2,all,has_proof,100.00,500
9b,10,pw_d2,all,grammatical,79.60,500
9b,10,pw_d2,all,valid,41.40,500
9b,10,pw_d2,all,grounded,64.20,500
9b,10,pw_d2,all,correct,62.80,500
9b,10,pw_d2,all,valid_correct,39.40,500
9b,10,pw_d2,all,in_system,39.40,500
9b,10,pw_d2,all,valid_wrong,2.00,500
9b,10,pw_d2,answerable,has_proof,100.00,382
9b,10,pw_d2,answerable,grammatical,82.98,382
9b,10,pw_d2,answerable,valid,52.36,382
9b,10,pw_d2,answerable,grounded,71.73,382
9b,10,pw_d2,answerable,correct,82.20,382
9b,10,pw_d2,answerable,valid_correct,51.57,382
9b,10,pw_d2,answerable,in_system,51.57,382
9b,10,pw_d2,answerable,valid_wrong,0.79,382
9b,10,pw_d3,all,has_proof,100.00,500
9b,10,pw_d3,all,grammatical,78.40,500
9b,10,pw_d3,all,valid,37.20,500
9b,10,pw_d3,all,grounded,62.00,500
9b,10,pw_d3,all,correct,63.80,500
9b,10,pw_d3,all,valid_correct,34.40,500
9b,10,pw_d3,all,in_system,34.40,500
9b,10,pw_d3,all,valid_wrong,2.80,500
9b,10,pw_d3,answerable,has_proof,100.00,413
9b,10,pw_d3,answerable,grammatical,79.42,413
9b,10,pw_d3,answerable,valid,42.13,413
9b,10,pw_d3,answerable,grounded,64.65,413
9b,10,pw_d3,answerable,correct,77.24,413
9b,10,pw_d3,answerable,valid_correct,41.65,413
9b,10,pw_d3,answerable,in_system,41.65,413
9b,10,pw_d3,answerable,valid_wrong,0.48,413
9b,10,pw_d5,all,has_proof,100.00,500
9b,10,pw_d5,all,grammatical,71.60,500
9b,10,pw_d5,all,valid,22.80,500
9b,10,pw_d5,all,grounded,54.80,500
9b,10,pw_d5,all,correct,63.00,500
9b,10,pw_d5,all,valid_correct,22.00,500
9b,10,pw_d5,all,in_system,22.00,500
9b,10,pw_d5,all,valid_wrong,0.80,500
9b,10,pw_d5,answerable,has_proof,100.00,477
9b,10,pw_d5,answerable,grammatical,72.12,477
9b,10,pw_d5,answerable,valid,23.48,477
9b,10,pw_d5,answerable,grounded,54.72,477
9b,10,pw_d5,answerable,correct,66.04,477
9b,10,pw_d5,answerable,valid_correct,23.06,477
9b,10,pw_d5,answerable,in_system,23.06,477
9b,10,pw_d5,answerable,valid_wrong,0.42,477
9b,25,overall,all,has_proof,84.94,9524
9b,25,overall,all,grammatical,32.80,9524
9b,25,overall,all,valid,12.15,9524
9b,25,overall,all,grounded,25.34,9524
9b,25,overall,all,correct,57.06,9524
9b,25,overall,all,valid_correct,11.12,9524
9b,25,overall,all,in_system,10.92,9524
9b,25,overall,all,valid_wrong,1.03,9524
9b,25,overall,all,f1,0.00,9524
9b,25,overall,answerable,has_proof,100.00,3187
9b,25,overall,answerable,grammatical,72.07,3187
9b,25,overall,answerable,valid,33.39,3187
9b,25,overall,answerable,grounded,59.62,3187
9b,25,overall,answerable,correct,78.54,3187
9b,25,overall,answerable,valid_correct,32.63,3187
9b,25,overall,answerable,in_system,32.63,3187
9b,25,overall,answerable,valid_wrong,0.75,3187
9b,25,bbh,all,has_proof,92.59,2700
9b,25,bbh,all,grammatical,17.44,2700
9b,25,bbh,all,valid,1.96,2700
9b,25,bbh,all,grounded,9.74,2700
9b,25,bbh,all,correct,58.33,2700
9b,25,bbh,all,valid_correct,1.26,2700
9b,25,bbh,all,in_system,0.67,2700
9b,25,bbh,all,valid_wrong,0.70,2700
9b,25,bbh,answerable,has_proof,100.00,800
9b,25,bbh,answerable,grammatical,47.25,800
9b,25,bbh,answerable,valid,4.00,800
9b,25,bbh,answerable,grounded,26.88,800
9b,25,bbh,answerable,correct,64.88,800
9b,25,bbh,answerable,valid_correct,2.25,800
9b,25,bbh,answerable,in_system,2.25,800
9b,25,bbh,answerable,valid_wrong,1.75,800
9b,25,deduction,all,has_proof,100.00,2703
9b,25,deduction,all,grammatical,76.99,2703
9b,25,deduction,all,valid,38.25,2703
9b,25,deduction,all,grounded,64.74,2703
9b,25,deduction,all,correct,58.71,2703
9b,25,deduction,all,valid_correct,36.11,2703
9b,25,deduction,all,in_system,36.11,2703
9b,25,deduction,all,valid_wrong,2.15,2703
9b,25,deduction,answerable,has_proof,100.00,1887
9b,25,deduction,answerable,grammatical,81.29,1887
9b,25,deduction,answerable,valid,51.93,1887
9b,25,deduction,answerable,grounded,72.44,1887
9b,25,deduction,answerable,correct,84.10,1887
9b,25,deduction,answerable,valid_correct,51.72,1887
9b,25,deduction,answerable,in_system,51.72,1887
9b,25,deduction,answerable,valid_wrong,0.21,1887
9b,25,gpqa,all,has_proof,34.85,198
9b,25,gpqa,all,grammatical,0.00,198
9b,25,gpqa,all,valid,0.00,198
9b,25,gpqa,all,grounded,0.00,198
9b,25,gpqa,all,correct,50.51,198
9b,25,gpqa,all,valid_correct,0.00,198
9b,25,gpqa,all,in_system,0.00,198
9b,25,gpqa,all,valid_wrong,0.00,198
9b,25,multihop,all,has_proof,0.00,600
9b,25,multihop,all,grammatical,0.00,600
9b,25,multihop,all,valid,0.00,600
9b,25,multihop,all,grounded,0.00,600
9b,25,multihop,all,correct,0.00,600
9b,25,multihop,all,valid_correct,0.00,600
9b,25,multihop,all,in_system,0.00,600
9b,25,multihop,all,valid_wrong,0.00,600
9b,25,multihop,all,f1,0.00,600
9b,25,standard,all,has_proof,84.80,3323
9b,25,standard,all,grammatical,17.21,3323
9b,25,standard,all,valid,2.11,3323
9b,25,standard,all,grounded,12.04,3323
9b,25,standard,all,correct,65.36,3323
9b,25,standard,all,valid_correct,1.47,3323
9b,25,standard,all,in_system,1.38,3323
9b,25,standard,all,valid_wrong,0.63,3323
9b,25,standard,answerable,has_proof,100.00,500
9b,25,standard,answerable,grammatical,77.00,500
9b,25,standard,answerable,valid,10.40,500
9b,25,standard,answerable,grounded,63.60,500
9b,25,standard,answerable,correct,79.40,500
9b,25,standard,answerable,valid_correct,9.20,500
9b,25,standard,answerable,in_system,9.20,500
9b,25,standard,answerable,valid_wrong,1.20,500
9b,25,2wikimqa,all,has_proof,0.00,200
9b,25,2wikimqa,all,grammatical,0.00,200
9b,25,2wikimqa,all,valid,0.00,200
9b,25,2wikimqa,all,grounded,0.00,200
9b,25,2wikimqa,all,correct,0.00,200
9b,25,2wikimqa,all,valid_correct,0.00,200
9b,25,2wikimqa,all,in_system,0.00,200
9b,25,2wikimqa,all,valid_wrong,0.00,200
9b,25,2wikimqa,all,f1,0.00,200
9b,25,arc_challenge,all,has_proof,96.76,1172
9b,25,arc_challenge,all,grammatical,4.10,1172
9b,25,arc_challenge,all,valid,0.26,1172
9b,25,arc_challenge,all,grounded,1.37,1172
9b,25,arc_challenge,all,correct,80.80,1172
9b,25,arc_challenge,all,valid_correct,0.00,1172
9b,25,arc_challenge,all,in_system,0.00,1172
9b,25,arc_challenge,all,valid_wrong,0.26,1172
9b,25,bbh_boolean_expressions,all,has_proof,100.00,100
9b,25,bbh_boolean_expressions,all,grammatical,7.00,100
9b,25,bbh_boolean_expressions,all,valid,1.00,100
9b,25,bbh_boolean_expressions,all,grounded,2.00,100
9b,25,bbh_boolean_expressions,all,correct,78.00,100
9b,25,bbh_boolean_expressions,all,valid_correct,1.00,100
9b,25,bbh_boolean_expressions,all,in_system,1.00,100
9b,25,bbh_boolean_expressions,all,valid_wrong,0.00,100
9b,25,bbh_boolean_expressions,answerable,has_proof,100.00,100
9b,25,bbh_boolean_expressions,answerable,grammatical,7.00,100
9b,25,bbh_boolean_expressions,answerable,valid,1.00,100
9b,25,bbh_boolean_expressions,answerable,grounded,2.00,100
9b,25,bbh_boolean_expressions,answerable,correct,78.00,100
9b,25,bbh_boolean_expressions,answerable,valid_correct,1.00,100
9b,25,bbh_boolean_expressions,answerable,in_system,1.00,100
9b,25,bbh_boolean_expressions,answerable,valid_wrong,0.00,100
9b,25,bbh_causal_judgement,all,has_proof,100.00,100
9b,25,bbh_causal_judgement,all,grammatical,60.00,100
9b,25,bbh_causal_judgement,all,valid,1.00,100
9b,25,bbh_causal_judgement,all,grounded,37.00,100
9b,25,bbh_causal_judgement,all,correct,54.00,100
9b,25,bbh_causal_judgement,all,valid_correct,0.00,100
9b,25,bbh_causal_judgement,all,in_system,0.00,100
9b,25,bbh_causal_judgement,all,valid_wrong,1.00,100
9b,25,bbh_causal_judgement,answerable,has_proof,100.00,100
9b,25,bbh_causal_judgement,answerable,grammatical,60.00,100
9b,25,bbh_causal_judgement,answerable,valid,1.00,100
9b,25,bbh_causal_judgement,answerable,grounded,37.00,100
9b,25,bbh_causal_judgement,answerable,correct,54.00,100
9b,25,bbh_causal_judgement,answerable,valid_correct,0.00,100
9b,25,bbh_causal_judgement,answerable,in_system,0.00,100
9b,25,bbh_causal_judgement,answerable,valid_wrong,1.00,100
9b,25,bbh_date_understanding,all,has_proof,100.00,100
9b,25,bbh_date_understanding,all,grammatical,3.00,100
9b,25,bbh_date_understanding,all,valid,0.00,100
9b,25,bbh_date_understanding,all,grounded,1.00,100
9b,25,bbh_date_understanding,all,correct,71.00,100
9b,25,bbh_date_understanding,all,valid_correct,0.00,100
9b,25,bbh_date_understanding,all,in_system,0.00,100
9b,25,bbh_date_understanding,all,valid_wrong,0.00,100
9b,25,bbh_disambiguation_qa,all,has_proof,0.00,100
9b,25,bbh_disambiguation_qa,all,grammatical,0.00,100
9b,25,bbh_disambiguation_qa,all,valid,0.00,100
9b,25,bbh_disambiguation_qa,all,grounded,0.00,100
9b,25,bbh_disambiguation_qa,all,correct,0.00,100
9b,25,bbh_disambiguation_qa,all,valid_correct,0.00,100
9b,25,bbh_disambiguation_qa,all,in_system,0.00,100
9b,25,bbh_disambiguation_qa,all,valid_wrong,0.00,100
9b,25,bbh_dyck_languages,all,has_proof,100.00,100
9b,25,bbh_dyck_languages,all,grammatical,0.00,100
9b,25,bbh_dyck_languages,all,valid,0.00,100
9b,25,bbh_dyck_languages,all,grounded,0.00,100
9b,25,bbh_dyck_languages,all,correct,66.00,100
9b,25,bbh_dyck_languages,all,valid_correct,0.00,100
9b,25,bbh_dyck_languages,all,in_system,0.00,100
9b,25,bbh_dyck_languages,all,valid_wrong,0.00,100
9b,25,bbh_formal_fallacies,all,has_proof,100.00,100
9b,25,bbh_formal_fallacies,all,grammatical,83.00,100
9b,25,bbh_formal_fallacies,all,valid,16.00,100
9b,25,bbh_formal_fallacies,all,grounded,66.00,100
9b,25,bbh_formal_fallacies,all,correct,49.00,100
9b,25,bbh_formal_fallacies,all,valid_correct,12.00,100
9b,25,bbh_formal_fallacies,all,in_system,12.00,100
9b,25,bbh_formal_fallacies,all,valid_wrong,4.00,100
9b,25,bbh_formal_fallacies,answerable,has_proof,100.00,100
9b,25,bbh_formal_fallacies,answerable,grammatical,83.00,100
9b,25,bbh_formal_fallacies,answerable,valid,16.00,100
9b,25,bbh_formal_fallacies,answerable,grounded,66.00,100
9b,25,bbh_formal_fallacies,answerable,correct,49.00,100
9b,25,bbh_formal_fallacies,answerable,valid_correct,12.00,100
9b,25,bbh_formal_fallacies,answerable,in_system,12.00,100
9b,25,bbh_formal_fallacies,answerable,valid_wrong,4.00,100
9b,25,bbh_geometric_shapes,all,has_proof,100.00,100
9b,25,bbh_geometric_shapes,all,grammatical,0.00,100
9b,25,bbh_geometric_shapes,all,valid,0.00,100
9b,25,bbh_geometric_shapes,all,grounded,0.00,100
9b,25,bbh_geometric_shapes,all,correct,59.00,100
9b,25,bbh_geometric_shapes,all,valid_correct,0.00,100
9b,25,bbh_geometric_shapes,all,in_system,0.00,100
9b,25,bbh_geometric_shapes,all,valid_wrong,0.00,100
9b,25,bbh_hyperbaton,all,has_proof,100.00,100
9b,25,bbh_hyperbaton,all,grammatical,1.00,100
9b,25,bbh_hyperbaton,all,valid,0.00,100
9b,25,bbh_hyperbaton,all,grounded,1.00,100
9b,25,bbh_hyperbaton,all,correct,59.00,100
9b,25,bbh_hyperbaton,all,valid_correct,0.00,100
9b,25,bbh_hyperbaton,all,in_system,0.00,100
9b,25,bbh_hyperbaton,all,valid_wrong,0.00,100
9b,25,bbh_logical_deduction_five_objects,all,has_proof,100.00,100
9b,25,bbh_logical_deduction_five_objects,all,grammatical,10.00,100
9b,25,bbh_logical_deduction_five_objects,all,valid,3.00,100
9b,25,bbh_logical_deduction_five_objects,all,grounded,5.00,100
9b,25,bbh_logical_deduction_five_objects,all,correct,46.00,100
9b,25,bbh_logical_deduction_five_objects,all,valid_correct,3.00,100
9b,25,bbh_logical_deduction_five_objects,all,in_system,0.00,100
9b,25,bbh_logical_deduction_five_objects,all,valid_wrong,0.00,100
9b,25,bbh_logical_deduction_seven_objects,all,has_proof,100.00,100
9b,25,bbh_logical_deduction_seven_objects,all,grammatical,12.00,100
9b,25,bbh_logical_deduction_seven_objects,all,valid,2.00,100
9b,25,bbh_logical_deduction_seven_objects,all,grounded,5.00,100
9b,25,bbh_logical_deduction_seven_objects,all,correct,40.00,100
9b,25,bbh_logical_deduction_seven_objects,all,valid_correct,2.00,100
9b,25,bbh_logical_deduction_seven_objects,all,in_system,0.00,100
9b,25,bbh_logical_deduction_seven_objects,all,valid_wrong,0.00,100
9b,25,bbh_logical_deduction_three_objects,all,has_proof,100.00,100
9b,25,bbh_logical_deduction_three_objects,all,grammatical,10.00,100
9b,25,bbh_logical_deduction_three_objects,all,valid,5.00,100
9b,25,bbh_logical_deduction_three_objects,all,grounded,7.00,100
9b,25,bbh_logical_deduction_three_objects,all,correct,74.00,100
9b,25,bbh_logical_deduction_three_objects,all,valid_correct,1.00,100
9b,25,bbh_logical_deduction_three_objects,all,in_system,0.00,100
9b,25,bbh_logical_deduction_three_objects,all,valid_wrong,4.00,100
9b,25,bbh_movie_recommendation,all,has_proof,100.00,100
9b,25,bbh_movie_recommendation,all,grammatical,8.00,100
9b,25,bbh_movie_recommendation,all,valid,1.00,100
9b,25,bbh_movie_recommendation,all,grounded,4.00,100
9b,25,bbh_movie_recommendation,all,correct,67.00,100
9b,25,bbh_movie_recommendation,all,valid_correct,0.00,100
9b,25,bbh_movie_recommendation,all,in_system,0.00,100
9b,25,bbh_movie_recommendation,all,valid_wrong,1.00,100
9b,25,bbh_multistep_arithmetic_two,all,has_proof,100.00,100
9b,25,bbh_multistep_arithmetic_two,all,grammatical,43.00,100
9b,25,bbh_multistep_arithmetic_two,all,valid,1.00,100
9b,25,bbh_multistep_arithmetic_two,all,grounded,0.00,100
9b,25,bbh_multistep_arithmetic_two,all,correct,89.00,100
9b,25,bbh_multistep_arithmetic_two,all,valid_correct,1.00,100
9b,25,bbh_multistep_arithmetic_two,all,in_system,1.00,100
9b,25,bbh_multistep_arithmetic_two,all,valid_wrong,0.00,100
9b,25,bbh_multistep_arithmetic_two,answerable,has_proof,100.00,100
9b,25,bbh_multistep_arithmetic_two,answerable,grammatical,43.00,100
9b,25,bbh_multistep_arithmetic_two,answerable,valid,1.00,100
9b,25,bbh_multistep_arithmetic_two,answerable,grounded,0.00,100
9b,25,bbh_multistep_arithmetic_two,answerable,correct,89.00,100
9b,25,bbh_multistep_arithmetic_two,answerable,valid_correct,1.00,100
9b,25,bbh_multistep_arithmetic_two,answerable,in_system,1.00,100
9b,25,bbh_multistep_arithmetic_two,answerable,valid_wrong,0.00,100
9b,25,bbh_navigate,all,has_proof,100.00,100
9b,25,bbh_navigate,all,grammatical,13.00,100
9b,25,bbh_navigate,all,valid,0.00,100
9b,25,bbh_navigate,all,grounded,2.00,100
9b,25,bbh_navigate,all,correct,48.00,100
9b,25,bbh_navigate,all,valid_correct,0.00,100
9b,25,bbh_navigate,all,in_system,0.00,100
9b,25,bbh_navigate,all,valid_wrong,0.00,100
9b,25,bbh_navigate,answerable,has_proof,100.00,100
9b,25,bbh_navigate,answerable,grammatical,13.00,100
9b,25,bbh_navigate,answerable,valid,0.00,100
9b,25,bbh_navigate,answerable,grounded,2.00,100
9b,25,bbh_navigate,answerable,correct,48.00,100
9b,25,bbh_navigate,answerable,valid_correct,0.00,100
9b,25,bbh_navigate,answerable,in_system,0.00,100
9b,25,bbh_navigate,answerable,valid_wrong,0.00,100
9b,25,bbh_object_counting,all,has_proof,100.00,100
9b,25,bbh_object_counting,all,grammatical,27.00,100
9b,25,bbh_object_counting,all,valid,0.00,100
9b,25,bbh_object_counting,all,grounded,8.00,100
9b,25,bbh_object_counting,all,correct,58.00,100
9b,25,bbh_object_counting,all,valid_correct,0.00,100
9b,25,bbh_object_counting,all,in_system,0.00,100
9b,25,bbh_object_counting,all,valid_wrong,0.00,100
9b,25,bbh_object_counting,answerable,has_proof,100.00,100
9b,25,bbh_object_counting,answerable,grammatical,27.00,100
9b,25,bbh_object_counting,answerable,valid,0.00,100
9b,25,bbh_object_counting,answerable,grounded,8.00,100
9b,25,bbh_object_counting,answerable,correct,58.00,100
9b,25,bbh_object_counting,answerable,valid_correct,0.00,100
9b,25,bbh_object_counting,answerable,in_system,0.00,100
9b,25,bbh_object_counting,answerable,valid_wrong,0.00,100
9b,25,bbh_penguins_in_a_table,all,has_proof,100.00,100
9b,25,bbh_penguins_in_a_table,all,grammatical,11.00,100
9b,25,bbh_penguins_in_a_table,all,valid,3.00,100
9b,25,bbh_penguins_in_a_table,all,grounded,8.00,100
9b,25,bbh_penguins_in_a_table,all,correct,78.00,100
9b,25,bbh_penguins_in_a_table,all,valid_correct,3.00,100
9b,25,bbh_penguins_in_a_table,all,in_system,0.00,100
9b,25,bbh_penguins_in_a_table,all,valid_wrong,0.00,100
9b,25,bbh_reasoning_about_colored_objects,all,has_proof,100.00,100
9b,25,bbh_reasoning_about_colored_objects,all,grammatical,20.00,100
9b,25,bbh_reasoning_about_colored_objects,all,valid,7.00,100
9b,25,bbh_reasoning_about_colored_objects,all,grounded,14.00,100
9b,25,bbh_reasoning_about_colored_objects,all,correct,67.00,100
9b,25,bbh_reasoning_about_colored_objects,all,valid_correct,7.00,100
9b,25,bbh_reasoning_about_colored_objects,all,in_system,0.00,100
9b,25,bbh_reasoning_about_colored_objects,all,valid_wrong,0.00,100
9b,25,bbh_ruin_names,all,has_proof,100.00,100
9b,25,bbh_ruin_names,all,grammatical,14.00,100
9b,25,bbh_ruin_names,all,valid,0.00,100
9b,25,bbh_ruin_names,all,grounded,2.00,100
9b,25,bbh_ruin_names,all,correct,46.00,100
9b,25,bbh_ruin_names,all,valid_correct,0.00,100
9b,25,bbh_ruin_names,all,in_system,0.00,100
9b,25,bbh_ruin_names,all,valid_wrong,0.00,100
9b,25,bbh_salient_translation_error_detection,all,has_proof,0.00,100
9b,25,bbh_salient_translation_error_detection,all,grammatical,0.00,100
9b,25,bbh_salient_translation_error_detection,all,valid,0.00,100
9b,25,bbh_salient_translation_error_detection,all,grounded,0.00,100
9b,25,bbh_salient_translation_error_detection,all,correct,0.00,100
9b,25,bbh_salient_translation_error_detection,all,valid_correct,0.00,100
9b,25,bbh_salient_translation_error_detection,all,in_system,0.00,100
9b,25,bbh_salient_translation_error_detection,all,valid_wrong,0.00,100
9b,25,bbh_snarks,all,has_proof,100.00,100
9b,25,bbh_snarks,all,grammatical,3.00,100
9b,25,bbh_snarks,all,valid,0.00,100
9b,25,bbh_snarks,all,grounded,1.00,100
9b,25,bbh_snarks,all,correct,50.00,100
9b,25,bbh_snarks,all,valid_correct,0.00,100
9b,25,bbh_snarks,all,in_system,0.00,100
9b,25,bbh_snarks,all,valid_wrong,0.00,100
9b,25,bbh_sports_understanding,all,has_proof,100.00,100
9b,25,bbh_sports_understanding,all,grammatical,46.00,100
9b,25,bbh_sports_understanding,all,valid,12.00,100
9b,25,bbh_sports_understanding,all,grounded,2.00,100
9b,25,bbh_sports_understanding,all,correct,47.00,100
9b,25,bbh_sports_understanding,all,valid_correct,3.00,100
9b,25,bbh_sports_understanding,all,in_system,3.00,100
9b,25,bbh_sports_understanding,all,valid_wrong,9.00,100
9b,25,bbh_sports_understanding,answerable,has_proof,100.00,100
9b,25,bbh_sports_understanding,answerable,grammatical,46.00,100
9b,25,bbh_sports_understanding,answerable,valid,12.00,100
9b,25,bbh_sports_understanding,answerable,grounded,2.00,100
9b,25,bbh_sports_understanding,answerable,correct,47.00,100
9b,25,bbh_sports_understanding,answerable,valid_correct,3.00,100
9b,25,bbh_sports_understanding,answerable,in_system,3.00,100
9b,25,bbh_sports_understanding,answerable,valid_wrong,9.00,100
9b,25,bbh_temporal_sequences,all,has_proof,100.00,100
9b,25,bbh_temporal_sequences,all,grammatical,0.00,100
9b,25,bbh_temporal_sequences,all,valid,0.00,100
9b,25,bbh_temporal_sequences,all,grounded,0.00,100
9b,25,bbh_temporal_sequences,all,correct,44.00,100
9b,25,bbh_temporal_sequences,all,valid_correct,0.00,100
9b,25,bbh_temporal_sequences,all,in_system,0.00,100
9b,25,bbh_temporal_sequences,all,valid_wrong,0.00,100
9b,25,bbh_tracking_shuffled_objects_five_objects,all,has_proof,100.00,100
9b,25,bbh_tracking_shuffled_objects_five_objects,all,grammatical,1.00,100
9b,25,bbh_tracking_shuffled_objects_five_objects,all,valid,0.00,100
9b,25,bbh_tracking_shuffled_objects_five_objects,all,grounded,0.00,100
9b,25,bbh_tracking_shuffled_objects_five_objects,all,correct,79.00,100
9b,25,bbh_tracking_shuffled_objects_five_objects,all,valid_correct,0.00,100
9b,25,bbh_tracking_shuffled_objects_five_objects,all,in_system,0.00,100
9b,25,bbh_tracking_shuffled_objects_five_objects,all,valid_wrong,0.00,100
9b,25,bbh_tracking_shuffled_objects_seven_objects,all,has_proof,100.00,100
9b,25,bbh_tracking_shuffled_objects_seven_objects,all,grammatical,0.00,100
9b,25,bbh_tracking_shuffled_objects_seven_objects,all,valid,0.00,100
9b,25,bbh_tracking_shuffled_objects_seven_objects,all,grounded,0.00,100
9b,25,bbh_tracking_shuffled_objects_seven_objects,all,correct,76.00,100
9b,25,bbh_tracking_shuffled_objects_seven_objects,all,valid_correct,0.00,100
9b,25,bbh_tracking_shuffled_objects_seven_objects,all,in_system,0.00,100
9b,25,bbh_tracking_shuffled_objects_seven_objects,all,valid_wrong,0.00,100
9b,25,bbh_tracking_shuffled_objects_three_objects,all,has_proof,100.00,100
9b,25,bbh_tracking_shuffled_objects_three_objects,all,grammatical,0.00,100
9b,25,bbh_tracking_shuffled_objects_three_objects,all,valid,0.00,100
9b,25,bbh_tracking_shuffled_objects_three_objects,all,grounded,0.00,100
9b,25,bbh_tracking_shuffled_objects_three_objects,all,correct,90.00,100
9b,25,bbh_tracking_shuffled_objects_three_objects,all,valid_correct,0.00,100
9b,25,bbh_tracking_shuffled_objects_three_objects,all,in_system,0.00,100
9b,25,bbh_tracking_shuffled_objects_three_objects,all,valid_wrong,0.00,100
9b,25,bbh_web_of_lies,all,has_proof,100.00,100
9b,25,bbh_web_of_lies,all,grammatical,99.00,100
9b,25,bbh_web_of_lies,all,valid,1.00,100
9b,25,bbh_web_of_lies,all,grounded,98.00,100
9b,25,bbh_web_of_lies,all,correct,96.00,100
9b,25,bbh_web_of_lies,all,valid_correct,1.00,100
9b,25,bbh_web_of_lies,all,in_system,1.00,100
9b,25,bbh_web_of_lies,all,valid_wrong,0.00,100
9b,25,bbh_web_of_lies,answerable,has_proof,100.00,100
9b,25,bbh_web_of_lies,answerable,grammatical,99.00,100
9b,25,bbh_web_of_lies,answerable,valid,1.00,100
9b,25,bbh_web_of_lies,answerable,grounded,98.00,100
9b,25,bbh_web_of_lies,answerable,correct,96.00,100
9b,25,bbh_web_of_lies,answerable,valid_correct,1.00,100
9b,25,bbh_web_of_lies,answerable,in_system,1.00,100
9b,25,bbh_web_of_lies,answerable,valid_wrong,0.00,100
9b,25,bbh_word_sorting,all,has_proof,100.00,100
9b,25,bbh_word_sorting,all,grammatical,0.00,100
9b,25,bbh_word_sorting,all,valid,0.00,100
9b,25,bbh_word_sorting,all,grounded,0.00,100
9b,25,bbh_word_sorting,all,correct,44.00,100
9b,25,bbh_word_sorting,all,valid_correct,0.00,100
9b,25,bbh_word_sorting,all,in_system,0.00,100
9b,25,bbh_word_sorting,all,valid_wrong,0.00,100
9b,25,folio,all,has_proof,100.00,203
9b,25,folio,all,grammatical,69.46,203
9b,25,folio,all,valid,17.73,203
9b,25,folio,all,grounded,51.72,203
9b,25,folio,all,correct,52.22,203
9b,25,folio,all,valid_correct,13.79,203
9b,25,folio,all,in_system,13.79,203
9b,25,folio,all,valid_wrong,3.94,203
9b,25,folio,answerable,has_proof,100.00,134
9b,25,folio,answerable,grammatical,69.40,134
9b,25,folio,answerable,valid,21.64,134
9b,25,folio,answerable,grounded,50.75,134
9b,25,folio,answerable,correct,79.10,134
9b,25,folio,answerable,valid_correct,20.90,134
9b,25,folio,answerable,in_system,20.90,134
9b,25,folio,answerable,valid_wrong,0.75,134
9b,25,gpqa_diamond,all,has_proof,34.85,198
9b,25,gpqa_diamond,all,grammatical,0.00,198
9b,25,gpqa_diamond,all,valid,0.00,198
9b,25,gpqa_diamond,all,grounded,0.00,198
9b,25,gpqa_diamond,all,correct,50.51,198
9b,25,gpqa_diamond,all,valid_correct,0.00,198
9b,25,gpqa_diamond,all,in_system,0.00,198
9b,25,gpqa_diamond,all,valid_wrong,0.00,198
9b,25,gpqa_quant,all,has_proof,43.84,73
9b,25,gpqa_quant,all,grammatical,0.00,73
9b,25,gpqa_quant,all,valid,0.00,73
9b,25,gpqa_quant,all,grounded,0.00,73
9b,25,gpqa_quant,all,correct,47.95,73
9b,25,gpqa_quant,all,valid_correct,0.00,73
9b,25,gpqa_quant,all,in_system,0.00,73
9b,25,gpqa_quant,all,valid_wrong,0.00,73
9b,25,gpqa_rest,all,has_proof,29.60,125
9b,25,gpqa_rest,all,grammatical,0.00,125
9b,25,gpqa_rest,all,valid,0.00,125
9b,25,gpqa_rest,all,grounded,0.00,125
9b,25,gpqa_rest,all,correct,52.00,125
9b,25,gpqa_rest,all,valid_correct,0.00,125
9b,25,gpqa_rest,all,in_system,0.00,125
9b,25,gpqa_rest,all,valid_wrong,0.00,125
9b,25,gsm8k,all,has_proof,100.00,500
9b,25,gsm8k,all,grammatical,77.00,500
9b,25,gsm8k,all,valid,10.40,500
9b,25,gsm8k,all,grounded,63.60,500
9b,25,gsm8k,all,correct,79.40,500
9b,25,gsm8k,all,valid_correct,9.20,500
9b,25,gsm8k,all,in_system,9.20,500
9b,25,gsm8k,all,valid_wrong,1.20,500
9b,25,gsm8k,answerable,has_proof,100.00,500
9b,25,gsm8k,answerable,grammatical,77.00,500
9b,25,gsm8k,answerable,valid,10.40,500
9b,25,gsm8k,answerable,grounded,63.60,500
9b,25,gsm8k,answerable,correct,79.40,500
9b,25,gsm8k,answerable,valid_correct,9.20,500
9b,25,gsm8k,answerable,in_system,9.20,500
9b,25,gsm8k,answerable,valid_wrong,1.20,500
9b,25,hotpotqa,all,has_proof,0.00,200
9b,25,hotpotqa,all,grammatical,0.00,200
9b,25,hotpotqa,all,valid,0.00,200
9b,25,hotpotqa,all,grounded,0.00,200
9b,25,hotpotqa,all,correct,0.00,200
9b,25,hotpotqa,all,valid_correct,0.00,200
9b,25,hotpotqa,all,in_system,0.00,200
9b,25,hotpotqa,all,valid_wrong,0.00,200
9b,25,hotpotqa,all,f1,0.00,200
9b,25,logiqa,all,has_proof,57.60,651
9b,25,logiqa,all,grammatical,11.37,651
9b,25,logiqa,all,valid,1.23,651
9b,25,logiqa,all,grounded,6.30,651
9b,25,logiqa,all,correct,42.40,651
9b,25,logiqa,all,valid_correct,0.15,651
9b,25,logiqa,all,in_system,0.00,651
9b,25,logiqa,all,valid_wrong,1.08,651
9b,25,mmlu,all,has_proof,80.90,1000
9b,25,mmlu,all,grammatical,6.50,1000
9b,25,mmlu,all,valid,0.70,1000
9b,25,mmlu,all,grounded,2.50,1000
9b,25,mmlu,all,correct,55.20,1000
9b,25,mmlu,all,valid_correct,0.20,1000
9b,25,mmlu,all,in_system,0.00,1000
9b,25,mmlu,all,valid_wrong,0.50,1000
9b,25,musique,all,has_proof,0.00,200
9b,25,musique,all,grammatical,0.00,200
9b,25,musique,all,valid,0.00,200
9b,25,musique,all,grounded,0.00,200
9b,25,musique,all,correct,0.00,200
9b,25,musique,all,valid_correct,0.00,200
9b,25,musique,all,in_system,0.00,200
9b,25,musique,all,valid_wrong,0.00,200
9b,25,musique,all,f1,0.00,200
9b,25,pw_all,all,has_proof,100.00,2500
9b,25,pw_all,all,grammatical,77.60,2500
9b,25,pw_all,all,valid,39.92,2500
9b,25,pw_all,all,grounded,65.80,2500
9b,25,pw_all,all,correct,59.24,2500
9b,25,pw_all,all,valid_correct,37.92,2500
9b,25,pw_all,all,in_system,37.92,2500
9b,25,pw_all,all,valid_wrong,2.00,2500
9b,25,pw_all,answerable,has_proof,100.00,1753
9b,25,pw_all,answerable,grammatical,82.20,1753
9b,25,pw_all,answerable,valid,54.25,1753
9b,25,pw_all,answerable,grounded,74.10,1753
9b,25,pw_all,answerable,correct,84.48,1753
9b,25,pw_all,answerable,valid_correct,54.08,1753
9b,25,pw_all,answerable,in_system,54.08,1753
9b,25,pw_all,answerable,valid_wrong,0.17,1753
9b,25,pw_d0,all,has_proof,100.00,500
9b,25,pw_d0,all,grammatical,75.60,500
9b,25,pw_d0,all,valid,37.00,500
9b,25,pw_d0,all,grounded,61.80,500
9b,25,pw_d0,all,correct,42.60,500
9b,25,pw_d0,all,valid_correct,33.00,500
9b,25,pw_d0,all,in_system,33.00,500
9b,25,pw_d0,all,valid_wrong,4.00,500
9b,25,pw_d0,answerable,has_proof,100.00,226
9b,25,pw_d0,answerable,grammatical,91.59,226
9b,25,pw_d0,answerable,valid,73.45,226
9b,25,pw_d0,answerable,grounded,87.17,226
9b,25,pw_d0,answerable,correct,94.25,226
9b,25,pw_d0,answerable,valid_correct,73.01,226
9b,25,pw_d0,answerable,in_system,73.01,226
9b,25,pw_d0,answerable,valid_wrong,0.44,226
9b,25,pw_d1,all,has_proof,100.00,500
9b,25,pw_d1,all,grammatical,81.20,500
9b,25,pw_d1,all,valid,40.40,500
9b,25,pw_d1,all,grounded,68.00,500
9b,25,pw_d1,all,correct,46.80,500
9b,25,pw_d1,all,valid_correct,38.00,500
9b,25,pw_d1,all,in_system,38.00,500
9b,25,pw_d1,all,valid_wrong,2.40,500
9b,25,pw_d1,answerable,has_proof,100.00,255
9b,25,pw_d1,answerable,grammatical,90.98,255
9b,25,pw_d1,answerable,valid,74.51,255
9b,25,pw_d1,answerable,grounded,87.84,255
9b,25,pw_d1,answerable,correct,91.76,255
9b,25,pw_d1,answerable,valid_correct,74.51,255
9b,25,pw_d1,answerable,in_system,74.51,255
9b,25,pw_d1,answerable,valid_wrong,0.00,255
9b,25,pw_d2,all,has_proof,100.00,500
9b,25,pw_d2,all,grammatical,77.80,500
9b,25,pw_d2,all,valid,45.60,500
9b,25,pw_d2,all,grounded,71.80,500
9b,25,pw_d2,all,correct,66.20,500
9b,25,pw_d2,all,valid_correct,44.60,500
9b,25,pw_d2,all,in_system,44.60,500
9b,25,pw_d2,all,valid_wrong,1.00,500
9b,25,pw_d2,answerable,has_proof,100.00,382
9b,25,pw_d2,answerable,grammatical,82.20,382
9b,25,pw_d2,answerable,valid,58.38,382
9b,25,pw_d2,answerable,grounded,77.49,382
9b,25,pw_d2,answerable,correct,86.65,382
9b,25,pw_d2,answerable,valid_correct,58.38,382
9b,25,pw_d2,answerable,in_system,58.38,382
9b,25,pw_d2,answerable,valid_wrong,0.00,382
9b,25,pw_d3,all,has_proof,100.00,500
9b,25,pw_d3,all,grammatical,80.60,500
9b,25,pw_d3,all,valid,44.00,500
9b,25,pw_d3,all,grounded,68.60,500
9b,25,pw_d3,all,correct,71.20,500
9b,25,pw_d3,all,valid_correct,42.40,500
9b,25,pw_d3,all,in_system,42.40,500
9b,25,pw_d3,all,valid_wrong,1.60,500
9b,25,pw_d3,answerable,has_proof,100.00,413
9b,25,pw_d3,answerable,grammatical,82.81,413
9b,25,pw_d3,answerable,valid,51.33,413
9b,25,pw_d3,answerable,grounded,72.40,413
9b,25,pw_d3,answerable,correct,86.20,413
9b,25,pw_d3,answerable,valid_correct,51.33,413
9b,25,pw_d3,answerable,in_system,51.33,413
9b,25,pw_d3,answerable,valid_wrong,0.00,413
9b,25,pw_d5,all,has_proof,100.00,500
9b,25,pw_d5,all,grammatical,72.80,500
9b,25,pw_d5,all,valid,32.60,500
9b,25,pw_d5,all,grounded,58.80,500
9b,25,pw_d5,all,correct,69.40,500
9b,25,pw_d5,all,valid_correct,31.60,500
9b,25,pw_d5,all,in_system,31.60,500
9b,25,pw_d5,all,valid_wrong,1.00,500
9b,25,pw_d5,answerable,has_proof,100.00,477
9b,25,pw_d5,answerable,grammatical,72.54,477
9b,25,pw_d5,answerable,valid,33.54,477
9b,25,pw_d5,answerable,grounded,59.33,477
9b,25,pw_d5,answerable,correct,72.75,477
9b,25,pw_d5,answerable,valid_correct,33.12,477
9b,25,pw_d5,answerable,in_system,33.12,477
9b,25,pw_d5,answerable,valid_wrong,0.42,477
9b,50,overall,all,has_proof,70.36,9524
9b,50,overall,all,grammatical,33.10,9524
9b,50,overall,all,valid,12.48,9524
9b,50,overall,all,grounded,25.05,9524
9b,50,overall,all,correct,47.33,9524
9b,50,overall,all,valid_correct,10.94,9524
9b,50,overall,all,in_system,10.87,9524
9b,50,overall,all,valid_wrong,1.54,9524
9b,50,overall,all,f1,0.00,9524
9b,50,overall,answerable,has_proof,100.00,3187
9b,50,overall,answerable,grammatical,75.09,3187
9b,50,overall,answerable,valid,33.32,3187
9b,50,overall,answerable,grounded,60.12,3187
9b,50,overall,answerable,correct,78.07,3187
9b,50,overall,answerable,valid_correct,32.48,3187
9b,50,overall,answerable,in_system,32.48,3187
9b,50,overall,answerable,valid_wrong,0.85,3187
9b,50,bbh,all,has_proof,80.11,2700
9b,50,bbh,all,grammatical,19.85,2700
9b,50,bbh,all,valid,1.96,2700
9b,50,bbh,all,grounded,10.11,2700
9b,50,bbh,all,correct,54.26,2700
9b,50,bbh,all,valid_correct,1.04,2700
9b,50,bbh,all,in_system,0.78,2700
9b,50,bbh,all,valid_wrong,0.93,2700
9b,50,bbh,answerable,has_proof,100.00,800
9b,50,bbh,answerable,grammatical,55.00,800
9b,50,bbh,answerable,valid,3.62,800
9b,50,bbh,answerable,grounded,27.62,800
9b,50,bbh,answerable,correct,66.62,800
9b,50,bbh,answerable,valid_correct,2.62,800
9b,50,bbh,answerable,in_system,2.62,800
9b,50,bbh,answerable,valid_wrong,1.00,800
9b,50,deduction,all,has_proof,100.00,2703
9b,50,deduction,all,grammatical,77.51,2703
9b,50,deduction,all,valid,38.70,2703
9b,50,deduction,all,grounded,63.56,2703
9b,50,deduction,all,correct,58.19,2703
9b,50,deduction,all,valid_correct,35.41,2703
9b,50,deduction,all,in_system,35.41,2703
9b,50,deduction,all,valid_wrong,3.29,2703
9b,50,deduction,answerable,has_proof,100.00,1887
9b,50,deduction,answerable,grammatical,82.30,1887
9b,50,deduction,answerable,valid,51.25,1887
9b,50,deduction,answerable,grounded,71.81,1887
9b,50,deduction,answerable,correct,83.36,1887
9b,50,deduction,answerable,valid_correct,50.72,1887
9b,50,deduction,answerable,in_system,50.72,1887
9b,50,deduction,answerable,valid_wrong,0.53,1887
9b,50,gpqa,all,has_proof,24.75,198
9b,50,gpqa,all,grammatical,0.51,198
9b,50,gpqa,all,valid,0.00,198
9b,50,gpqa,all,grounded,0.51,198
9b,50,gpqa,all,correct,42.93,198
9b,50,gpqa,all,valid_correct,0.00,198
9b,50,gpqa,all,in_system,0.00,198
9b,50,gpqa,all,valid_wrong,0.00,198
9b,50,multihop,all,has_proof,0.00,600
9b,50,multihop,all,grammatical,0.00,600
9b,50,multihop,all,valid,0.00,600
9b,50,multihop,all,grounded,0.00,600
9b,50,multihop,all,correct,0.00,600
9b,50,multihop,all,valid_correct,0.00,600
9b,50,multihop,all,in_system,0.00,600
9b,50,multihop,all,valid_wrong,0.00,600
9b,50,multihop,all,f1,0.00,600
9b,50,standard,all,has_proof,53.75,3323
9b,50,standard,all,grammatical,15.65,3323
9b,50,standard,all,valid,2.71,3323
9b,50,standard,all,grounded,11.86,3323
9b,50,standard,all,correct,41.68,3323
9b,50,standard,all,valid_correct,1.72,3323
9b,50,standard,all,in_system,1.72,3323
9b,50,standard,all,valid_wrong,0.99,3323
9b,50,standard,answerable,has_proof,100.00,500
9b,50,standard,answerable,grammatical,80.00,500
9b,50,standard,answerable,valid,13.20,500
9b,50,standard,answerable,grounded,68.00,500
9b,50,standard,answerable,correct,76.40,500
9b,50,standard,answerable,valid_correct,11.40,500
9b,50,standard,answerable,in_system,11.40,500
9b,50,standard,answerable,valid_wrong,1.80,500
9b,50,2wikimqa,all,has_proof,0.00,200
9b,50,2wikimqa,all,grammatical,0.00,200
9b,50,2wikimqa,all,valid,0.00,200
9b,50,2wikimqa,all,grounded,0.00,200
9b,50,2wikimqa,all,correct,0.00,200
9b,50,2wikimqa,all,valid_correct,0.00,200
9b,50,2wikimqa,all,in_system,0.00,200
9b,50,2wikimqa,all,valid_wrong,0.00,200
9b,50,2wikimqa,all,f1,0.00,200
9b,50,arc_challenge,all,has_proof,53.50,1172
9b,50,arc_challenge,all,grammatical,2.47,1172
9b,50,arc_challenge,all,valid,0.51,1172
9b,50,arc_challenge,all,grounded,0.77,1172
9b,50,arc_challenge,all,correct,47.35,1172
9b,50,arc_challenge,all,valid_correct,0.00,1172
9b,50,arc_challenge,all,in_system,0.00,1172
9b,50,arc_challenge,all,valid_wrong,0.51,1172
9b,50,bbh_boolean_expressions,all,has_proof,100.00,100
9b,50,bbh_boolean_expressions,all,grammatical,11.00,100
9b,50,bbh_boolean_expressions,all,valid,2.00,100
9b,50,bbh_boolean_expressions,all,grounded,3.00,100
9b,50,bbh_boolean_expressions,all,correct,76.00,100
9b,50,bbh_boolean_expressions,all,valid_correct,2.00,100
9b,50,bbh_boolean_expressions,all,in_system,2.00,100
9b,50,bbh_boolean_expressions,all,valid_wrong,0.00,100
9b,50,bbh_boolean_expressions,answerable,has_proof,100.00,100
9b,50,bbh_boolean_expressions,answerable,grammatical,11.00,100
9b,50,bbh_boolean_expressions,answerable,valid,2.00,100
9b,50,bbh_boolean_expressions,answerable,grounded,3.00,100
9b,50,bbh_boolean_expressions,answerable,correct,76.00,100
9b,50,bbh_boolean_expressions,answerable,valid_correct,2.00,100
9b,50,bbh_boolean_expressions,answerable,in_system,2.00,100
9b,50,bbh_boolean_expressions,answerable,valid_wrong,0.00,100
9b,50,bbh_causal_judgement,all,has_proof,100.00,100
9b,50,bbh_causal_judgement,all,grammatical,58.00,100
9b,50,bbh_causal_judgement,all,valid,2.00,100
9b,50,bbh_causal_judgement,all,grounded,42.00,100
9b,50,bbh_causal_judgement,all,correct,47.00,100
9b,50,bbh_causal_judgement,all,valid_correct,2.00,100
9b,50,bbh_causal_judgement,all,in_system,2.00,100
9b,50,bbh_causal_judgement,all,valid_wrong,0.00,100
9b,50,bbh_causal_judgement,answerable,has_proof,100.00,100
9b,50,bbh_causal_judgement,answerable,grammatical,58.00,100
9b,50,bbh_causal_judgement,answerable,valid,2.00,100
9b,50,bbh_causal_judgement,answerable,grounded,42.00,100
9b,50,bbh_causal_judgement,answerable,correct,47.00,100
9b,50,bbh_causal_judgement,answerable,valid_correct,2.00,100
9b,50,bbh_causal_judgement,answerable,in_system,2.00,100
9b,50,bbh_causal_judgement,answerable,valid_wrong,0.00,100
9b,50,bbh_date_understanding,all,has_proof,100.00,100
9b,50,bbh_date_understanding,all,grammatical,3.00,100
9b,50,bbh_date_understanding,all,valid,0.00,100
9b,50,bbh_date_understanding,all,grounded,0.00,100
9b,50,bbh_date_understanding,all,correct,73.00,100
9b,50,bbh_date_understanding,all,valid_correct,0.00,100
9b,50,bbh_date_understanding,all,in_system,0.00,100
9b,50,bbh_date_understanding,all,valid_wrong,0.00,100
9b,50,bbh_disambiguation_qa,all,has_proof,0.00,100
9b,50,bbh_disambiguation_qa,all,grammatical,0.00,100
9b,50,bbh_disambiguation_qa,all,valid,0.00,100
9b,50,bbh_disambiguation_qa,all,grounded,0.00,100
9b,50,bbh_disambiguation_qa,all,correct,0.00,100
9b,50,bbh_disambiguation_qa,all,valid_correct,0.00,100
9b,50,bbh_disambiguation_qa,all,in_system,0.00,100
9b,50,bbh_disambiguation_qa,all,valid_wrong,0.00,100
9b,50,bbh_dyck_languages,all,has_proof,100.00,100
9b,50,bbh_dyck_languages,all,grammatical,0.00,100
9b,50,bbh_dyck_languages,all,valid,0.00,100
9b,50,bbh_dyck_languages,all,grounded,0.00,100
9b,50,bbh_dyck_languages,all,correct,60.00,100
9b,50,bbh_dyck_languages,all,valid_correct,0.00,100
9b,50,bbh_dyck_languages,all,in_system,0.00,100
9b,50,bbh_dyck_languages,all,valid_wrong,0.00,100
9b,50,bbh_formal_fallacies,all,has_proof,100.00,100
9b,50,bbh_formal_fallacies,all,grammatical,80.00,100
9b,50,bbh_formal_fallacies,all,valid,17.00,100
9b,50,bbh_formal_fallacies,all,grounded,61.00,100
9b,50,bbh_formal_fallacies,all,correct,56.00,100
9b,50,bbh_formal_fallacies,all,valid_correct,12.00,100
9b,50,bbh_formal_fallacies,all,in_system,12.00,100
9b,50,bbh_formal_fallacies,all,valid_wrong,5.00,100
9b,50,bbh_formal_fallacies,answerable,has_proof,100.00,100
9b,50,bbh_formal_fallacies,answerable,grammatical,80.00,100
9b,50,bbh_formal_fallacies,answerable,valid,17.00,100
9b,50,bbh_formal_fallacies,answerable,grounded,61.00,100
9b,50,bbh_formal_fallacies,answerable,correct,56.00,100
9b,50,bbh_formal_fallacies,answerable,valid_correct,12.00,100
9b,50,bbh_formal_fallacies,answerable,in_system,12.00,100
9b,50,bbh_formal_fallacies,answerable,valid_wrong,5.00,100
9b,50,bbh_geometric_shapes,all,has_proof,85.00,100
9b,50,bbh_geometric_shapes,all,grammatical,0.00,100
9b,50,bbh_geometric_shapes,all,valid,0.00,100
9b,50,bbh_geometric_shapes,all,grounded,0.00,100
9b,50,bbh_geometric_shapes,all,correct,48.00,100
9b,50,bbh_geometric_shapes,all,valid_correct,0.00,100
9b,50,bbh_geometric_shapes,all,in_system,0.00,100
9b,50,bbh_geometric_shapes,all,valid_wrong,0.00,100
9b,50,bbh_hyperbaton,all,has_proof,0.00,100
9b,50,bbh_hyperbaton,all,grammatical,0.00,100
9b,50,bbh_hyperbaton,all,valid,0.00,100
9b,50,bbh_hyperbaton,all,grounded,0.00,100
9b,50,bbh_hyperbaton,all,correct,16.00,100
9b,50,bbh_hyperbaton,all,valid_correct,0.00,100
9b,50,bbh_hyperbaton,all,in_system,0.00,100
9b,50,bbh_hyperbaton,all,valid_wrong,0.00,100
9b,50,bbh_logical_deduction_five_objects,all,has_proof,100.00,100
9b,50,bbh_logical_deduction_five_objects,all,grammatical,14.00,100
9b,50,bbh_logical_deduction_five_objects,all,valid,5.00,100
9b,50,bbh_logical_deduction_five_objects,all,grounded,10.00,100
9b,50,bbh_logical_deduction_five_objects,all,correct,49.00,100
9b,50,bbh_logical_deduction_five_objects,all,valid_correct,0.00,100
9b,50,bbh_logical_deduction_five_objects,all,in_system,0.00,100
9b,50,bbh_logical_deduction_five_objects,all,valid_wrong,5.00,100
9b,50,bbh_logical_deduction_seven_objects,all,has_proof,100.00,100
9b,50,bbh_logical_deduction_seven_objects,all,grammatical,7.00,100
9b,50,bbh_logical_deduction_seven_objects,all,valid,2.00,100
9b,50,bbh_logical_deduction_seven_objects,all,grounded,4.00,100
9b,50,bbh_logical_deduction_seven_objects,all,correct,52.00,100
9b,50,bbh_logical_deduction_seven_objects,all,valid_correct,0.00,100
9b,50,bbh_logical_deduction_seven_objects,all,in_system,0.00,100
9b,50,bbh_logical_deduction_seven_objects,all,valid_wrong,2.00,100
9b,50,bbh_logical_deduction_three_objects,all,has_proof,100.00,100
9b,50,bbh_logical_deduction_three_objects,all,grammatical,17.00,100
9b,50,bbh_logical_deduction_three_objects,all,valid,8.00,100
9b,50,bbh_logical_deduction_three_objects,all,grounded,14.00,100
9b,50,bbh_logical_deduction_three_objects,all,correct,64.00,100
9b,50,bbh_logical_deduction_three_objects,all,valid_correct,0.00,100
9b,50,bbh_logical_deduction_three_objects,all,in_system,0.00,100
9b,50,bbh_logical_deduction_three_objects,all,valid_wrong,8.00,100
9b,50,bbh_movie_recommendation,all,has_proof,100.00,100
9b,50,bbh_movie_recommendation,all,grammatical,13.00,100
9b,50,bbh_movie_recommendation,all,valid,2.00,100
9b,50,bbh_movie_recommendation,all,grounded,3.00,100
9b,50,bbh_movie_recommendation,all,correct,49.00,100
9b,50,bbh_movie_recommendation,all,valid_correct,0.00,100
9b,50,bbh_movie_recommendation,all,in_system,0.00,100
9b,50,bbh_movie_recommendation,all,valid_wrong,2.00,100
9b,50,bbh_multistep_arithmetic_two,all,has_proof,100.00,100
9b,50,bbh_multistep_arithmetic_two,all,grammatical,63.00,100
9b,50,bbh_multistep_arithmetic_two,all,valid,3.00,100
9b,50,bbh_multistep_arithmetic_two,all,grounded,0.00,100
9b,50,bbh_multistep_arithmetic_two,all,correct,95.00,100
9b,50,bbh_multistep_arithmetic_two,all,valid_correct,3.00,100
9b,50,bbh_multistep_arithmetic_two,all,in_system,3.00,100
9b,50,bbh_multistep_arithmetic_two,all,valid_wrong,0.00,100
9b,50,bbh_multistep_arithmetic_two,answerable,has_proof,100.00,100
9b,50,bbh_multistep_arithmetic_two,answerable,grammatical,63.00,100
9b,50,bbh_multistep_arithmetic_two,answerable,valid,3.00,100
9b,50,bbh_multistep_arithmetic_two,answerable,grounded,0.00,100
9b,50,bbh_multistep_arithmetic_two,answerable,correct,95.00,100
9b,50,bbh_multistep_arithmetic_two,answerable,valid_correct,3.00,100
9b,50,bbh_multistep_arithmetic_two,answerable,in_system,3.00,100
9b,50,bbh_multistep_arithmetic_two,answerable,valid_wrong,0.00,100
9b,50,bbh_navigate,all,has_proof,100.00,100
9b,50,bbh_navigate,all,grammatical,25.00,100
9b,50,bbh_navigate,all,valid,0.00,100
9b,50,bbh_navigate,all,grounded,12.00,100
9b,50,bbh_navigate,all,correct,49.00,100
9b,50,bbh_navigate,all,valid_correct,0.00,100
9b,50,bbh_navigate,all,in_system,0.00,100
9b,50,bbh_navigate,all,valid_wrong,0.00,100
9b,50,bbh_navigate,answerable,has_proof,100.00,100
9b,50,bbh_navigate,answerable,grammatical,25.00,100
9b,50,bbh_navigate,answerable,valid,0.00,100
9b,50,bbh_navigate,answerable,grounded,12.00,100
9b,50,bbh_navigate,answerable,correct,49.00,100
9b,50,bbh_navigate,answerable,valid_correct,0.00,100
9b,50,bbh_navigate,answerable,in_system,0.00,100
9b,50,bbh_navigate,answerable,valid_wrong,0.00,100
9b,50,bbh_object_counting,all,has_proof,100.00,100
9b,50,bbh_object_counting,all,grammatical,43.00,100
9b,50,bbh_object_counting,all,valid,2.00,100
9b,50,bbh_object_counting,all,grounded,6.00,100
9b,50,bbh_object_counting,all,correct,53.00,100
9b,50,bbh_object_counting,all,valid_correct,0.00,100
9b,50,bbh_object_counting,all,in_system,0.00,100
9b,50,bbh_object_counting,all,valid_wrong,2.00,100
9b,50,bbh_object_counting,answerable,has_proof,100.00,100
9b,50,bbh_object_counting,answerable,grammatical,43.00,100
9b,50,bbh_object_counting,answerable,valid,2.00,100
9b,50,bbh_object_counting,answerable,grounded,6.00,100
9b,50,bbh_object_counting,answerable,correct,53.00,100
9b,50,bbh_object_counting,answerable,valid_correct,0.00,100
9b,50,bbh_object_counting,answerable,in_system,0.00,100
9b,50,bbh_object_counting,answerable,valid_wrong,2.00,100
9b,50,bbh_penguins_in_a_table,all,has_proof,75.00,100
9b,50,bbh_penguins_in_a_table,all,grammatical,11.00,100
9b,50,bbh_penguins_in_a_table,all,valid,0.00,100
9b,50,bbh_penguins_in_a_table,all,grounded,6.00,100
9b,50,bbh_penguins_in_a_table,all,correct,66.00,100
9b,50,bbh_penguins_in_a_table,all,valid_correct,0.00,100
9b,50,bbh_penguins_in_a_table,all,in_system,0.00,100
9b,50,bbh_penguins_in_a_table,all,valid_wrong,0.00,100
9b,50,bbh_reasoning_about_colored_objects,all,has_proof,99.00,100
9b,50,bbh_reasoning_about_colored_objects,all,grammatical,16.00,100
9b,50,bbh_reasoning_about_colored_objects,all,valid,7.00,100
9b,50,bbh_reasoning_about_colored_objects,all,grounded,10.00,100
9b,50,bbh_reasoning_about_colored_objects,all,correct,73.00,100
9b,50,bbh_reasoning_about_colored_objects,all,valid_correct,7.00,100
9b,50,bbh_reasoning_about_colored_objects,all,in_system,0.00,100
9b,50,bbh_reasoning_about_colored_objects,all,valid_wrong,0.00,100
9b,50,bbh_ruin_names,all,has_proof,1.00,100
9b,50,bbh_ruin_names,all,grammatical,0.00,100
9b,50,bbh_ruin_names,all,valid,0.00,100
9b,50,bbh_ruin_names,all,grounded,0.00,100
9b,50,bbh_ruin_names,all,correct,47.00,100
9b,50,bbh_ruin_names,all,valid_correct,0.00,100
9b,50,bbh_ruin_names,all,in_system,0.00,100
9b,50,bbh_ruin_names,all,valid_wrong,0.00,100
9b,50,bbh_salient_translation_error_detection,all,has_proof,0.00,100
9b,50,bbh_salient_translation_error_detection,all,grammatical,0.00,100
9b,50,bbh_salient_translation_error_detection,all,valid,0.00,100
9b,50,bbh_salient_translation_error_detection,all,grounded,0.00,100
9b,50,bbh_salient_translation_error_detection,all,correct,0.00,100
9b,50,bbh_salient_translation_error_detection,all,valid_correct,0.00,100
9b,50,bbh_salient_translation_error_detection,all,in_system,0.00,100
9b,50,bbh_salient_translation_error_detection,all,valid_wrong,0.00,100
9b,50,bbh_snarks,all,has_proof,3.00,100
9b,50,bbh_snarks,all,grammatical,0.00,100
9b,50,bbh_snarks,all,valid,0.00,100
9b,50,bbh_snarks,all,grounded,0.00,100
9b,50,bbh_snarks,all,correct,51.00,100
9b,50,bbh_snarks,all,valid_correct,0.00,100
9b,50,bbh_snarks,all,in_system,0.00,100
9b,50,bbh_snarks,all,valid_wrong,0.00,100
9b,50,bbh_sports_understanding,all,has_proof,100.00,100
9b,50,bbh_sports_understanding,all,grammatical,63.00,100
9b,50,bbh_sports_understanding,all,valid,3.00,100
9b,50,bbh_sports_understanding,all,grounded,0.00,100
9b,50,bbh_sports_understanding,all,correct,60.00,100
9b,50,bbh_sports_understanding,all,valid_correct,2.00,100
9b,50,bbh_sports_understanding,all,in_system,2.00,100
9b,50,bbh_sports_understanding,all,valid_wrong,1.00,100
9b,50,bbh_sports_understanding,answerable,has_proof,100.00,100
9b,50,bbh_sports_understanding,answerable,grammatical,63.00,100
9b,50,bbh_sports_understanding,answerable,valid,3.00,100
9b,50,bbh_sports_understanding,answerable,grounded,0.00,100
9b,50,bbh_sports_understanding,answerable,correct,60.00,100
9b,50,bbh_sports_understanding,answerable,valid_correct,2.00,100
9b,50,bbh_sports_understanding,answerable,in_system,2.00,100
9b,50,bbh_sports_understanding,answerable,valid_wrong,1.00,100
9b,50,bbh_temporal_sequences,all,has_proof,100.00,100
9b,50,bbh_temporal_sequences,all,grammatical,1.00,100
9b,50,bbh_temporal_sequences,all,valid,0.00,100
9b,50,bbh_temporal_sequences,all,grounded,0.00,100
9b,50,bbh_temporal_sequences,all,correct,60.00,100
9b,50,bbh_temporal_sequences,all,valid_correct,0.00,100
9b,50,bbh_temporal_sequences,all,in_system,0.00,100
9b,50,bbh_temporal_sequences,all,valid_wrong,0.00,100
9b,50,bbh_tracking_shuffled_objects_five_objects,all,has_proof,100.00,100
9b,50,bbh_tracking_shuffled_objects_five_objects,all,grammatical,0.00,100
9b,50,bbh_tracking_shuffled_objects_five_objects,all,valid,0.00,100
9b,50,bbh_tracking_shuffled_objects_five_objects,all,grounded,0.00,100
9b,50,bbh_tracking_shuffled_objects_five_objects,all,correct,72.00,100
9b,50,bbh_tracking_shuffled_objects_five_objects,all,valid_correct,0.00,100
9b,50,bbh_tracking_shuffled_objects_five_objects,all,in_system,0.00,100
9b,50,bbh_tracking_shuffled_objects_five_objects,all,valid_wrong,0.00,100
9b,50,bbh_tracking_shuffled_objects_seven_objects,all,has_proof,100.00,100
9b,50,bbh_tracking_shuffled_objects_seven_objects,all,grammatical,0.00,100
9b,50,bbh_tracking_shuffled_objects_seven_objects,all,valid,0.00,100
9b,50,bbh_tracking_shuffled_objects_seven_objects,all,grounded,0.00,100
9b,50,bbh_tracking_shuffled_objects_seven_objects,all,correct,66.00,100
9b,50,bbh_tracking_shuffled_objects_seven_objects,all,valid_correct,0.00,100
9b,50,bbh_tracking_shuffled_objects_seven_objects,all,in_system,0.00,100
9b,50,bbh_tracking_shuffled_objects_seven_objects,all,valid_wrong,0.00,100
9b,50,bbh_tracking_shuffled_objects_three_objects,all,has_proof,100.00,100
9b,50,bbh_tracking_shuffled_objects_three_objects,all,grammatical,4.00,100
9b,50,bbh_tracking_shuffled_objects_three_objects,all,valid,0.00,100
9b,50,bbh_tracking_shuffled_objects_three_objects,all,grounded,4.00,100
9b,50,bbh_tracking_shuffled_objects_three_objects,all,correct,81.00,100
9b,50,bbh_tracking_shuffled_objects_three_objects,all,valid_correct,0.00,100
9b,50,bbh_tracking_shuffled_objects_three_objects,all,in_system,0.00,100
9b,50,bbh_tracking_shuffled_objects_three_objects,all,valid_wrong,0.00,100
9b,50,bbh_web_of_lies,all,has_proof,100.00,100
9b,50,bbh_web_of_lies,all,grammatical,97.00,100
9b,50,bbh_web_of_lies,all,valid,0.00,100
9b,50,bbh_web_of_lies,all,grounded,97.00,100
9b,50,bbh_web_of_lies,all,correct,97.00,100
9b,50,bbh_web_of_lies,all,valid_correct,0.00,100
9b,50,bbh_web_of_lies,all,in_system,0.00,100
9b,50,bbh_web_of_lies,all,valid_wrong,0.00,100
9b,50,bbh_web_of_lies,answerable,has_proof,100.00,100
9b,50,bbh_web_of_lies,answerable,grammatical,97.00,100
9b,50,bbh_web_of_lies,answerable,valid,0.00,100
9b,50,bbh_web_of_lies,answerable,grounded,97.00,100
9b,50,bbh_web_of_lies,answerable,correct,97.00,100
9b,50,bbh_web_of_lies,answerable,valid_correct,0.00,100
9b,50,bbh_web_of_lies,answerable,in_system,0.00,100
9b,50,bbh_web_of_lies,answerable,valid_wrong,0.00,100
9b,50,bbh_word_sorting,all,has_proof,100.00,100
9b,50,bbh_word_sorting,all,grammatical,10.00,100
9b,50,bbh_word_sorting,all,valid,0.00,100
9b,50,bbh_word_sorting,all,grounded,1.00,100
9b,50,bbh_word_sorting,all,correct,5.00,100
9b,50,bbh_word_sorting,all,valid_correct,0.00,100
9b,50,bbh_word_sorting,all,in_system,0.00,100
9b,50,bbh_word_sorting,all,valid_wrong,0.00,100
9b,50,folio,all,has_proof,100.00,203
9b,50,folio,all,grammatical,72.41,203
9b,50,folio,all,valid,19.21,203
9b,50,folio,all,grounded,54.19,203
9b,50,folio,all,correct,52.22,203
9b,50,folio,all,valid_correct,13.30,203
9b,50,folio,all,in_system,13.30,203
9b,50,folio,all,valid_wrong,5.91,203
9b,50,folio,answerable,has_proof,100.00,134
9b,50,folio,answerable,grammatical,72.39,134
9b,50,folio,answerable,valid,21.64,134
9b,50,folio,answerable,grounded,55.97,134
9b,50,folio,answerable,correct,79.10,134
9b,50,folio,answerable,valid_correct,20.15,134
9b,50,folio,answerable,in_system,20.15,134
9b,50,folio,answerable,valid_wrong,1.49,134
9b,50,gpqa_diamond,all,has_proof,24.75,198
9b,50,gpqa_diamond,all,grammatical,0.51,198
9b,50,gpqa_diamond,all,valid,0.00,198
9b,50,gpqa_diamond,all,grounded,0.51,198
9b,50,gpqa_diamond,all,correct,42.93,198
9b,50,gpqa_diamond,all,valid_correct,0.00,198
9b,50,gpqa_diamond,all,in_system,0.00,198
9b,50,gpqa_diamond,all,valid_wrong,0.00,198
9b,50,gpqa_quant,all,has_proof,35.62,73
9b,50,gpqa_quant,all,grammatical,0.00,73
9b,50,gpqa_quant,all,valid,0.00,73
9b,50,gpqa_quant,all,grounded,0.00,73
9b,50,gpqa_quant,all,correct,41.10,73
9b,50,gpqa_quant,all,valid_correct,0.00,73
9b,50,gpqa_quant,all,in_system,0.00,73
9b,50,gpqa_quant,all,valid_wrong,0.00,73
9b,50,gpqa_rest,all,has_proof,18.40,125
9b,50,gpqa_rest,all,grammatical,0.80,125
9b,50,gpqa_rest,all,valid,0.00,125
9b,50,gpqa_rest,all,grounded,0.80,125
9b,50,gpqa_rest,all,correct,44.00,125
9b,50,gpqa_rest,all,valid_correct,0.00,125
9b,50,gpqa_rest,all,in_system,0.00,125
9b,50,gpqa_rest,all,valid_wrong,0.00,125
9b,50,gsm8k,all,has_proof,100.00,500
9b,50,gsm8k,all,grammatical,80.00,500
9b,50,gsm8k,all,valid,13.20,500
9b,50,gsm8k,all,grounded,68.00,500
9b,50,gsm8k,all,correct,76.40,500
9b,50,gsm8k,all,valid_correct,11.40,500
9b,50,gsm8k,all,in_system,11.40,500
9b,50,gsm8k,all,valid_wrong,1.80,500
9b,50,gsm8k,answerable,has_proof,100.00,500
9b,50,gsm8k,answerable,grammatical,80.00,500
9b,50,gsm8k,answerable,valid,13.20,500
9b,50,gsm8k,answerable,grounded,68.00,500
9b,50,gsm8k,answerable,correct,76.40,500
9b,50,gsm8k,answerable,valid_correct,11.40,500
9b,50,gsm8k,answerable,in_system,11.40,500
9b,50,gsm8k,answerable,valid_wrong,1.80,500
9b,50,hotpotqa,all,has_proof,0.00,200
9b,50,hotpotqa,all,grammatical,0.00,200
9b,50,hotpotqa,all,valid,0.00,200
9b,50,hotpotqa,all,grounded,0.00,200
9b,50,hotpotqa,all,correct,0.00,200
9b,50,hotpotqa,all,valid_correct,0.00,200
9b,50,hotpotqa,all,in_system,0.00,200
9b,50,hotpotqa,all,valid_wrong,0.00,200
9b,50,hotpotqa,all,f1,0.00,200
9b,50,logiqa,all,has_proof,39.32,651
9b,50,logiqa,all,grammatical,10.29,651
9b,50,logiqa,all,valid,2.00,651
9b,50,logiqa,all,grounded,5.68,651
9b,50,logiqa,all,correct,21.97,651
9b,50,logiqa,all,valid_correct,0.00,651
9b,50,logiqa,all,in_system,0.00,651
9b,50,logiqa,all,valid_wrong,2.00,651
9b,50,mmlu,all,has_proof,40.30,1000
9b,50,mmlu,all,grammatical,2.40,1000
9b,50,mmlu,all,valid,0.50,1000
9b,50,mmlu,all,grounded,0.80,1000
9b,50,mmlu,all,correct,30.50,1000
9b,50,mmlu,all,valid_correct,0.00,1000
9b,50,mmlu,all,in_system,0.00,1000
9b,50,mmlu,all,valid_wrong,0.50,1000
9b,50,musique,all,has_proof,0.00,200
9b,50,musique,all,grammatical,0.00,200
9b,50,musique,all,valid,0.00,200
9b,50,musique,all,grounded,0.00,200
9b,50,musique,all,correct,0.00,200
9b,50,musique,all,valid_correct,0.00,200
9b,50,musique,all,in_system,0.00,200
9b,50,musique,all,valid_wrong,0.00,200
9b,50,musique,all,f1,0.00,200
9b,50,pw_all,all,has_proof,100.00,2500
9b,50,pw_all,all,grammatical,77.92,2500
9b,50,pw_all,all,valid,40.28,2500
9b,50,pw_all,all,grounded,64.32,2500
9b,50,pw_all,all,correct,58.68,2500
9b,50,pw_all,all,valid_correct,37.20,2500
9b,50,pw_all,all,in_system,37.20,2500
9b,50,pw_all,all,valid_wrong,3.08,2500
9b,50,pw_all,answerable,has_proof,100.00,1753
9b,50,pw_all,answerable,grammatical,83.06,1753
9b,50,pw_all,answerable,valid,53.51,1753
9b,50,pw_all,answerable,grounded,73.02,1753
9b,50,pw_all,answerable,correct,83.69,1753
9b,50,pw_all,answerable,valid_correct,53.05,1753
9b,50,pw_all,answerable,in_system,53.05,1753
9b,50,pw_all,answerable,valid_wrong,0.46,1753
9b,50,pw_d0,all,has_proof,100.00,500
9b,50,pw_d0,all,grammatical,76.60,500
9b,50,pw_d0,all,valid,43.40,500
9b,50,pw_d0,all,grounded,64.40,500
9b,50,pw_d0,all,correct,42.40,500
9b,50,pw_d0,all,valid_correct,37.80,500
9b,50,pw_d0,all,in_system,37.80,500
9b,50,pw_d0,all,valid_wrong,5.60,500
9b,50,pw_d0,answerable,has_proof,100.00,226
9b,50,pw_d0,answerable,grammatical,93.81,226
9b,50,pw_d0,answerable,valid,84.07,226
9b,50,pw_d0,answerable,grounded,92.04,226
9b,50,pw_d0,answerable,correct,93.81,226
9b,50,pw_d0,answerable,valid_correct,83.63,226
9b,50,pw_d0,answerable,in_system,83.63,226
9b,50,pw_d0,answerable,valid_wrong,0.44,226
9b,50,pw_d1,all,has_proof,100.00,500
9b,50,pw_d1,all,grammatical,80.40,500
9b,50,pw_d1,all,valid,43.00,500
9b,50,pw_d1,all,grounded,65.20,500
9b,50,pw_d1,all,correct,47.00,500
9b,50,pw_d1,all,valid_correct,38.40,500
9b,50,pw_d1,all,in_system,38.40,500
9b,50,pw_d1,all,valid_wrong,4.60,500
9b,50,pw_d1,answerable,has_proof,100.00,255
9b,50,pw_d1,answerable,grammatical,91.37,255
9b,50,pw_d1,answerable,valid,75.29,255
9b,50,pw_d1,answerable,grounded,84.31,255
9b,50,pw_d1,answerable,correct,92.16,255
9b,50,pw_d1,answerable,valid_correct,75.29,255
9b,50,pw_d1,answerable,in_system,75.29,255
9b,50,pw_d1,answerable,valid_wrong,0.00,255
9b,50,pw_d2,all,has_proof,100.00,500
9b,50,pw_d2,all,grammatical,79.80,500
9b,50,pw_d2,all,valid,45.80,500
9b,50,pw_d2,all,grounded,68.00,500
9b,50,pw_d2,all,correct,67.60,500
9b,50,pw_d2,all,valid_correct,43.60,500
9b,50,pw_d2,all,in_system,43.60,500
9b,50,pw_d2,all,valid_wrong,2.20,500
9b,50,pw_d2,answerable,has_proof,100.00,382
9b,50,pw_d2,answerable,grammatical,84.29,382
9b,50,pw_d2,answerable,valid,57.59,382
9b,50,pw_d2,answerable,grounded,74.87,382
9b,50,pw_d2,answerable,correct,88.48,382
9b,50,pw_d2,answerable,valid_correct,57.07,382
9b,50,pw_d2,answerable,in_system,57.07,382
9b,50,pw_d2,answerable,valid_wrong,0.52,382
9b,50,pw_d3,all,has_proof,100.00,500
9b,50,pw_d3,all,grammatical,79.00,500
9b,50,pw_d3,all,valid,39.60,500
9b,50,pw_d3,all,grounded,66.60,500
9b,50,pw_d3,all,correct,68.20,500
9b,50,pw_d3,all,valid_correct,37.80,500
9b,50,pw_d3,all,in_system,37.80,500
9b,50,pw_d3,all,valid_wrong,1.80,500
9b,50,pw_d3,answerable,has_proof,100.00,413
9b,50,pw_d3,answerable,grammatical,81.36,413
9b,50,pw_d3,answerable,valid,45.76,413
9b,50,pw_d3,answerable,grounded,70.22,413
9b,50,pw_d3,answerable,correct,82.57,413
9b,50,pw_d3,answerable,valid_correct,45.76,413
9b,50,pw_d3,answerable,in_system,45.76,413
9b,50,pw_d3,answerable,valid_wrong,0.00,413
9b,50,pw_d5,all,has_proof,100.00,500
9b,50,pw_d5,all,grammatical,73.80,500
9b,50,pw_d5,all,valid,29.60,500
9b,50,pw_d5,all,grounded,57.40,500
9b,50,pw_d5,all,correct,68.20,500
9b,50,pw_d5,all,valid_correct,28.40,500
9b,50,pw_d5,all,in_system,28.40,500
9b,50,pw_d5,all,valid_wrong,1.20,500
9b,50,pw_d5,answerable,has_proof,100.00,477
9b,50,pw_d5,answerable,grammatical,74.00,477
9b,50,pw_d5,answerable,valid,30.82,477
9b,50,pw_d5,answerable,grounded,58.91,477
9b,50,pw_d5,answerable,correct,71.49,477
9b,50,pw_d5,answerable,valid_correct,29.77,477
9b,50,pw_d5,answerable,in_system,29.77,477
9b,50,pw_d5,answerable,valid_wrong,1.05,477
